고객ID,성별,연령,요금제,월이용금액,가입기간(월),월이용횟수,최근접속일수,불만접수횟수,쿠폰사용횟수,이탈여부
C00001,여,64.0,스탠다드,16393.0,25,42.0,5.0,0,13,0
C00002,여,62.0,베이직,13877.0,39,23.0,5.0,0,2,0
C00003,여,44.0,베이직,11363.0,28,18.0,9.0,0,19,0
C00004,여,37.0,스탠다드,16924.0,38,18.0,1.0,0,3,0
C00005,남,28.0,스탠다드,15520.0,36,29.0,6.0,0,14,0
C00006,여,25.0,베이직,8512.0,56,7.0,65.0,4,1,1
C00007,여,31.0,베이직,9015.0,39,28.0,6.0,1,5,0
C00008,여,57.0,프리미엄,23782.0,44,24.0,9.0,1,14,0
C00009,여,36.0,프리미엄,28036.0,15,17.0,6.0,1,13,0
C00010,여,54.0,베이직,11231.0,44,36.0,1.0,2,8,0
C00011,남,61.0,프리미엄,22788.0,11,33.0,4.0,0,0,0
C00012,여,42.0,스탠다드,15789.0,41,16.0,3.0,1,16,0
C00013,남,62.0,스탠다드,13224.0,58,0.0,3.0,0,13,0
C00014,남,35.0,스탠다드,14983.0,16,4.0,1.0,0,15,0
C00015,남,22.0,스탠다드,16824.0,33,31.0,1.0,0,5,0
C00016,여,43.0,프리미엄,22002.0,56,25.0,5.0,0,8,0
C00017,남,38.0,프리미엄,27099.0,60,7.0,9.0,0,12,0
C00018,남,26.0,베이직,11146.0,46,6.0,46.0,7,0,1
C00019,남,62.0,베이직,8106.0,21,18.0,6.0,0,6,0
C00020,남,38.0,베이직,9563.0,20,15.0,2.0,1,10,0
C00021,여,28.0,베이직,,48,14.0,69.0,1,5,1
C00022,여,60.0,프리미엄,22424.0,46,31.0,1.0,0,5,0
C00023,남,24.0,베이직,7060.0,45,,6.0,0,17,0
C00024,여,50.0,스탠다드,17684.0,20,45.0,2.0,0,12,0
C00025,남,39.0,베이직,12218.0,23,20.0,5.0,3,5,1
C00026,남,31.0,베이직,9680.0,33,33.0,9.0,1,8,0
C00027,남,51.0,베이직,10620.0,9,8.0,61.0,5,3,1
C00028,여,50.0,스탠다드,13004.0,11,6.0,1.0,0,11,0
C00029,남,65.0,스탠다드,16963.0,56,27.0,9.0,1,9,0
C00030,여,38.0,베이직,10482.0,37,11.0,1.0,1,10,0
C00031,남,54.0,베이직,8905.0,35,0.0,38.0,2,2,1
C00032,남,54.0,베이직,10387.0,48,18.0,18.0,4,3,1
C00033,남,57.0,프리미엄,20393.0,57,23.0,3.0,1,14,0
C00034,여,43.0,스탠다드,13519.0,2,16.0,1.0,1,0,0
C00035,여,28.0,베이직,8141.0,34,14.0,1.0,0,20,0
C00036,남,37.0,프리미엄,22296.0,7,2.0,31.0,3,3,1
C00037,여,58.0,베이직,12872.0,37,8.0,69.0,1,2,1
C00038,여,50.0,베이직,12562.0,22,,62.0,7,3,1
C00039,남,55.0,프리미엄,24289.0,27,0.0,5.0,1,9,0
C00040,남,60.0,스탠다드,10521.0,37,13.0,3.0,3,9,0
C00041,여,53.0,스탠다드,13792.0,47,2.0,46.0,0,2,1
C00042,여,45.0,베이직,11979.0,38,4.0,78.0,2,5,1
C00043,여,,스탠다드,14032.0,32,22.0,1.0,0,7,0
C00044,남,58.0,스탠다드,,28,50.0,6.0,0,20,0
C00045,여,22.0,베이직,9869.0,41,25.0,1.0,2,7,0
C00046,여,36.0,스탠다드,15630.0,40,35.0,12.0,0,7,0
C00047,남,62.0,프리미엄,27667.0,30,30.0,1.0,0,1,0
C00048,여,36.0,베이직,11159.0,8,36.0,12.0,1,12,0
C00049,남,20.0,스탠다드,11595.0,21,13.0,2.0,0,6,0
C00050,여,31.0,스탠다드,14958.0,58,0.0,1.0,1,16,0
C00051,여,50.0,베이직,8858.0,24,29.0,6.0,3,12,0
C00052,남,48.0,베이직,7705.0,22,7.0,42.0,4,0,1
C00053,여,27.0,프리미엄,26467.0,8,17.0,15.0,1,15,0
C00054,남,50.0,프리미엄,23552.0,43,24.0,1.0,0,11,0
C00055,남,25.0,베이직,12890.0,57,10.0,1.0,1,5,0
C00056,여,64.0,스탠다드,18574.0,14,9.0,1.0,2,14,0
C00057,여,24.0,베이직,9786.0,50,7.0,97.0,4,1,1
C00058,남,25.0,스탠다드,14401.0,23,32.0,6.0,2,9,0
C00059,여,44.0,프리미엄,25599.0,20,10.0,12.0,0,15,0
C00060,남,50.0,프리미엄,27013.0,19,3.0,12.0,6,4,1
C00061,남,64.0,스탠다드,16378.0,51,9.0,12.0,2,2,1
C00062,여,24.0,베이직,6590.0,45,7.0,57.0,5,1,1
C00063,여,40.0,프리미엄,25397.0,13,18.0,1.0,2,14,0
C00064,여,,스탠다드,15137.0,60,3.0,75.0,2,4,1
C00065,여,28.0,스탠다드,,55,16.0,5.0,1,7,0
C00066,남,34.0,프리미엄,25691.0,53,41.0,7.0,1,13,0
C00067,여,48.0,스탠다드,14455.0,25,22.0,1.0,0,10,0
C00068,남,64.0,베이직,10413.0,56,27.0,7.0,0,15,0
C00069,남,26.0,프리미엄,21336.0,1,21.0,17.0,6,3,1
C00070,여,44.0,프리미엄,23229.0,16,13.0,4.0,1,13,0
C00071,여,51.0,프리미엄,22326.0,51,42.0,10.0,0,16,0
C00072,여,36.0,스탠다드,14385.0,12,31.0,6.0,2,3,0
C00073,남,49.0,스탠다드,14637.0,34,28.0,1.0,2,6,0
C00074,남,56.0,스탠다드,12189.0,8,23.0,6.0,0,6,0
C00075,여,59.0,프리미엄,23152.0,53,27.0,5.0,0,5,0
C00076,여,51.0,프리미엄,25496.0,2,23.0,20.0,0,2,0
C00077,여,57.0,프리미엄,25621.0,45,19.0,11.0,1,10,0
C00078,남,25.0,스탠다드,14695.0,38,26.0,3.0,0,9,0
C00079,남,53.0,스탠다드,12874.0,10,13.0,43.0,3,2,1
C00080,남,44.0,스탠다드,16420.0,48,36.0,10.0,0,13,0
C00081,여,28.0,스탠다드,14028.0,25,37.0,1.0,2,13,0
C00082,남,47.0,베이직,5968.0,54,30.0,1.0,0,7,0
C00083,여,47.0,베이직,11635.0,35,50.0,5.0,0,2,0
C00084,여,61.0,스탠다드,14478.0,1,,2.0,2,14,0
C00085,여,28.0,베이직,7839.0,45,7.0,7.0,0,8,0
C00086,여,33.0,스탠다드,15024.0,19,17.0,,5,1,1
C00087,여,36.0,프리미엄,25130.0,25,33.0,12.0,1,20,0
C00088,여,52.0,스탠다드,15084.0,32,22.0,3.0,0,11,0
C00089,남,53.0,베이직,7984.0,44,21.0,4.0,0,9,0
C00090,여,23.0,베이직,12218.0,51,1.0,1.0,1,0,0
C00091,남,64.0,베이직,11056.0,29,18.0,1.0,1,2,0
C00092,남,34.0,프리미엄,24076.0,38,28.0,1.0,1,3,0
C00093,여,32.0,베이직,9159.0,56,10.0,37.0,4,4,1
C00094,남,42.0,베이직,7747.0,26,25.0,1.0,0,3,0
C00095,여,20.0,베이직,11977.0,20,36.0,1.0,0,8,0
C00096,여,20.0,베이직,14460.0,9,42.0,1.0,1,17,0
C00097,여,20.0,프리미엄,26175.0,39,16.0,10.0,0,8,0
C00098,남,59.0,베이직,9644.0,18,30.0,4.0,0,9,0
C00099,여,40.0,스탠다드,17625.0,53,33.0,4.0,0,13,0
C00100,여,20.0,베이직,10814.0,21,,3.0,0,18,0
C00101,여,56.0,프리미엄,25456.0,13,16.0,1.0,1,12,0
C00102,남,59.0,베이직,11987.0,54,22.0,8.0,0,15,0
C00103,여,29.0,프리미엄,26710.0,59,26.0,3.0,1,12,0
C00104,남,55.0,스탠다드,16078.0,40,0.0,56.0,3,0,1
C00105,여,31.0,스탠다드,12597.0,38,26.0,1.0,0,9,0
C00106,남,46.0,스탠다드,9160.0,53,19.0,10.0,0,9,0
C00107,남,55.0,스탠다드,14155.0,33,42.0,13.0,0,3,0
C00108,남,22.0,스탠다드,13993.0,5,27.0,4.0,0,8,0
C00109,여,51.0,베이직,11699.0,33,17.0,11.0,0,12,0
C00110,여,40.0,프리미엄,22997.0,2,3.0,2.0,4,3,1
C00111,남,62.0,베이직,7484.0,54,24.0,1.0,0,6,0
C00112,남,36.0,스탠다드,12166.0,30,0.0,60.0,1,4,1
C00113,남,20.0,프리미엄,25587.0,31,24.0,13.0,1,9,0
C00114,남,23.0,스탠다드,10450.0,59,33.0,4.0,0,5,0
C00115,여,31.0,베이직,6266.0,30,9.0,1.0,1,2,0
C00116,남,21.0,베이직,9176.0,46,0.0,69.0,3,6,1
C00117,여,48.0,프리미엄,25976.0,51,35.0,1.0,0,7,0
C00118,남,20.0,스탠다드,12434.0,24,14.0,6.0,1,3,0
C00119,여,28.0,프리미엄,24766.0,12,17.0,9.0,1,11,0
C00120,남,46.0,스탠다드,13706.0,42,22.0,1.0,0,14,0
C00121,남,,스탠다드,16991.0,50,23.0,2.0,1,6,0
C00122,남,25.0,스탠다드,13165.0,57,10.0,1.0,1,9,0
C00123,남,51.0,스탠다드,15620.0,5,28.0,4.0,0,20,0
C00124,여,63.0,스탠다드,14050.0,14,29.0,9.0,0,11,0
C00125,여,31.0,스탠다드,16169.0,38,3.0,73.0,3,6,1
C00126,여,63.0,스탠다드,13467.0,50,13.0,6.0,1,18,0
C00127,남,28.0,스탠다드,13979.0,2,31.0,7.0,0,4,0
C00128,남,27.0,베이직,9634.0,21,29.0,16.0,0,17,0
C00129,남,38.0,스탠다드,13003.0,44,41.0,10.0,2,15,0
C00130,여,20.0,베이직,10714.0,18,38.0,1.0,2,12,0
C00131,여,52.0,베이직,12283.0,30,12.0,4.0,1,13,0
C00132,여,62.0,베이직,9314.0,24,13.0,32.0,4,1,1
C00133,여,51.0,베이직,9049.0,5,30.0,10.0,0,3,0
C00134,남,62.0,스탠다드,17707.0,59,16.0,3.0,2,5,0
C00135,남,48.0,베이직,11276.0,41,26.0,5.0,0,7,0
C00136,남,21.0,베이직,7056.0,5,10.0,20.0,3,4,1
C00137,남,20.0,베이직,9205.0,55,24.0,1.0,1,9,0
C00138,여,49.0,스탠다드,14692.0,45,30.0,4.0,1,5,0
C00139,남,27.0,스탠다드,11231.0,33,17.0,2.0,0,2,0
C00140,남,43.0,베이직,6656.0,37,11.0,59.0,7,2,1
C00141,남,63.0,스탠다드,16981.0,27,28.0,9.0,0,9,0
C00142,남,63.0,프리미엄,26510.0,25,35.0,4.0,0,11,0
C00143,여,65.0,스탠다드,14594.0,21,28.0,8.0,0,9,0
C00144,남,29.0,스탠다드,17687.0,5,13.0,36.0,0,3,1
C00145,남,36.0,스탠다드,16474.0,26,31.0,8.0,0,5,0
C00146,남,54.0,베이직,11979.0,33,6.0,11.0,0,6,0
C00147,여,47.0,베이직,11521.0,11,28.0,7.0,1,0,0
C00148,남,52.0,스탠다드,16192.0,60,28.0,1.0,0,9,0
C00149,여,26.0,베이직,8262.0,32,,9.0,1,8,0
C00150,남,38.0,베이직,14157.0,51,38.0,4.0,0,8,0
C00151,여,65.0,베이직,12018.0,12,0.0,89.0,0,3,1
C00152,남,42.0,스탠다드,16309.0,26,32.0,4.0,2,10,0
C00153,여,62.0,베이직,9504.0,19,12.0,7.0,0,20,0
C00154,여,57.0,스탠다드,12449.0,3,32.0,10.0,0,20,0
C00155,여,29.0,프리미엄,24225.0,10,27.0,1.0,1,9,0
C00156,여,63.0,프리미엄,25712.0,17,16.0,1.0,0,6,0
C00157,여,61.0,베이직,8609.0,38,10.0,30.0,7,4,1
C00158,여,,스탠다드,16121.0,26,25.0,8.0,0,16,0
C00159,여,49.0,스탠다드,16169.0,32,16.0,17.0,0,11,0
C00160,여,26.0,스탠다드,11955.0,14,8.0,2.0,0,17,0
C00161,여,35.0,스탠다드,15563.0,34,12.0,21.0,3,5,1
C00162,남,54.0,프리미엄,23894.0,13,31.0,13.0,0,10,0
C00163,여,27.0,프리미엄,27521.0,14,18.0,9.0,2,4,0
C00164,여,40.0,프리미엄,22318.0,24,40.0,6.0,0,6,0
C00165,여,25.0,스탠다드,15961.0,37,12.0,1.0,0,16,0
C00166,여,37.0,베이직,8076.0,50,28.0,1.0,3,5,0
C00167,여,63.0,스탠다드,15156.0,37,32.0,3.0,1,11,0
C00168,여,63.0,스탠다드,16686.0,60,29.0,6.0,2,3,0
C00169,남,31.0,베이직,11355.0,13,24.0,10.0,3,17,0
C00170,여,21.0,베이직,11175.0,9,37.0,1.0,1,11,0
C00171,여,36.0,베이직,8977.0,25,21.0,2.0,2,6,0
C00172,남,38.0,스탠다드,12024.0,42,38.0,1.0,1,11,0
C00173,남,30.0,스탠다드,18528.0,50,15.0,8.0,1,14,0
C00174,여,31.0,베이직,8623.0,15,11.0,1.0,1,4,0
C00175,여,39.0,베이직,7680.0,24,48.0,8.0,0,18,0
C00176,여,,스탠다드,20581.0,54,18.0,7.0,2,15,0
C00177,남,60.0,프리미엄,27583.0,51,5.0,55.0,3,2,1
C00178,남,44.0,베이직,13469.0,45,16.0,2.0,0,1,0
C00179,남,63.0,베이직,14658.0,38,6.0,1.0,0,6,0
C00180,여,55.0,스탠다드,16271.0,6,14.0,2.0,1,8,0
C00181,여,30.0,베이직,10312.0,15,6.0,73.0,0,5,1
C00182,여,57.0,베이직,12461.0,42,45.0,1.0,1,11,0
C00183,여,30.0,프리미엄,29508.0,36,20.0,10.0,0,15,0
C00184,남,57.0,베이직,8025.0,37,26.0,5.0,0,9,0
C00185,남,30.0,프리미엄,21246.0,44,29.0,6.0,1,19,0
C00186,남,35.0,스탠다드,14905.0,29,30.0,3.0,0,4,0
C00187,남,27.0,베이직,7089.0,35,14.0,97.0,2,1,1
C00188,남,63.0,베이직,10864.0,47,,1.0,0,7,0
C00189,남,47.0,스탠다드,14752.0,25,35.0,3.0,1,8,0
C00190,여,43.0,베이직,10538.0,35,26.0,10.0,1,8,0
C00191,여,52.0,스탠다드,18028.0,44,33.0,6.0,0,7,0
C00192,여,36.0,스탠다드,16080.0,29,4.0,80.0,3,5,1
C00193,여,62.0,프리미엄,26439.0,52,29.0,1.0,1,8,0
C00194,남,55.0,베이직,8704.0,47,25.0,6.0,0,2,0
C00195,남,47.0,베이직,10489.0,39,15.0,6.0,0,3,0
C00196,여,29.0,프리미엄,22633.0,8,27.0,,1,13,0
C00197,남,63.0,베이직,9241.0,42,25.0,13.0,1,8,0
C00198,남,51.0,스탠다드,17177.0,48,35.0,3.0,0,9,0
C00199,여,55.0,베이직,6593.0,56,36.0,11.0,2,11,0
C00200,남,37.0,스탠다드,11789.0,11,22.0,1.0,0,11,0
C00201,남,60.0,베이직,13038.0,16,27.0,1.0,0,12,0
C00202,남,43.0,프리미엄,22693.0,18,45.0,14.0,2,19,0
C00203,여,39.0,스탠다드,14888.0,56,5.0,16.0,2,6,0
C00204,여,46.0,베이직,11056.0,39,48.0,8.0,0,11,0
C00205,남,64.0,프리미엄,,55,41.0,8.0,1,16,0
C00206,여,61.0,베이직,12521.0,23,34.0,2.0,1,6,0
C00207,남,52.0,베이직,5745.0,23,28.0,8.0,1,7,0
C00208,남,23.0,베이직,11074.0,54,0.0,1.0,1,5,0
C00209,여,,베이직,8762.0,28,15.0,5.0,0,11,0
C00210,남,33.0,프리미엄,26638.0,9,33.0,6.0,0,10,0
C00211,남,38.0,스탠다드,15943.0,26,1.0,46.0,5,5,1
C00212,여,52.0,프리미엄,24977.0,30,21.0,1.0,0,10,0
C00213,여,28.0,스탠다드,16039.0,49,18.0,6.0,0,16,0
C00214,남,37.0,베이직,8565.0,53,42.0,5.0,2,12,0
C00215,남,20.0,베이직,8282.0,56,13.0,23.0,2,2,1
C00216,남,20.0,스탠다드,10305.0,20,32.0,6.0,0,9,0
C00217,여,57.0,프리미엄,23011.0,30,36.0,10.0,0,7,0
C00218,여,58.0,베이직,10363.0,12,0.0,63.0,4,3,1
C00219,남,22.0,스탠다드,18205.0,42,8.0,38.0,4,4,1
C00220,남,65.0,베이직,12756.0,28,0.0,50.0,2,2,1
C00221,남,59.0,베이직,7178.0,45,36.0,8.0,1,9,0
C00222,남,43.0,프리미엄,23170.0,53,12.0,5.0,1,12,0
C00223,여,25.0,스탠다드,13135.0,4,9.0,65.0,4,2,1
C00224,남,25.0,프리미엄,25664.0,13,28.0,3.0,0,6,0
C00225,남,57.0,베이직,12513.0,1,10.0,58.0,8,4,1
C00226,여,42.0,베이직,10960.0,30,30.0,7.0,0,12,0
C00227,여,27.0,스탠다드,15473.0,57,27.0,4.0,2,10,0
C00228,남,34.0,베이직,9816.0,19,22.0,3.0,0,14,0
C00229,남,27.0,베이직,8079.0,36,31.0,5.0,0,15,0
C00230,남,65.0,베이직,10943.0,11,21.0,15.0,0,8,0
C00231,남,43.0,프리미엄,25346.0,43,4.0,8.0,1,11,0
C00232,남,61.0,스탠다드,15832.0,4,7.0,21.0,3,5,1
C00233,남,,베이직,9536.0,11,22.0,12.0,1,6,0
C00234,여,55.0,프리미엄,21926.0,46,18.0,1.0,0,9,0
C00235,남,57.0,스탠다드,15025.0,30,17.0,1.0,0,8,0
C00236,여,42.0,베이직,6175.0,52,16.0,11.0,1,18,0
C00237,남,50.0,프리미엄,22657.0,33,9.0,25.0,5,1,1
C00238,남,51.0,베이직,10922.0,58,26.0,3.0,0,12,0
C00239,여,50.0,베이직,8943.0,14,7.0,3.0,0,0,0
C00240,여,32.0,프리미엄,23586.0,36,3.0,46.0,0,1,1
C00241,여,44.0,스탠다드,10840.0,2,23.0,7.0,1,7,0
C00242,여,20.0,프리미엄,30568.0,27,13.0,58.0,1,2,1
C00243,여,,프리미엄,27197.0,46,24.0,5.0,0,13,0
C00244,남,56.0,스탠다드,14932.0,16,4.0,70.0,6,1,1
C00245,남,28.0,베이직,10017.0,53,21.0,1.0,0,6,0
C00246,남,49.0,프리미엄,28392.0,8,20.0,4.0,0,16,0
C00247,여,34.0,베이직,14181.0,3,9.0,1.0,0,11,0
C00248,남,49.0,프리미엄,26875.0,24,9.0,4.0,1,20,0
C00249,남,63.0,스탠다드,14806.0,33,32.0,6.0,0,6,0
C00250,남,36.0,베이직,8276.0,41,11.0,1.0,1,6,0
C00251,남,33.0,베이직,12041.0,55,9.0,8.0,0,10,0
C00252,남,49.0,베이직,9647.0,1,27.0,7.0,1,20,0
C00253,남,61.0,프리미엄,22486.0,49,28.0,1.0,1,11,0
C00254,여,49.0,베이직,10292.0,34,16.0,9.0,0,14,0
C00255,여,48.0,베이직,8976.0,34,9.0,50.0,4,0,1
C00256,남,59.0,베이직,9532.0,47,22.0,20.0,3,11,0
C00257,여,60.0,베이직,13010.0,44,35.0,8.0,0,11,0
C00258,여,28.0,스탠다드,17590.0,27,8.0,,6,4,1
C00259,남,32.0,베이직,8652.0,31,8.0,56.0,5,3,1
C00260,남,45.0,프리미엄,24193.0,60,11.0,1.0,0,10,0
C00261,남,24.0,프리미엄,26495.0,56,7.0,5.0,0,13,0
C00262,남,33.0,프리미엄,26223.0,11,39.0,3.0,1,12,0
C00263,남,21.0,스탠다드,13707.0,6,30.0,1.0,0,15,0
C00264,남,62.0,프리미엄,25742.0,4,49.0,10.0,1,8,0
C00265,남,51.0,스탠다드,16935.0,29,15.0,32.0,1,0,1
C00266,여,23.0,프리미엄,22692.0,30,11.0,28.0,3,2,1
C00267,남,58.0,프리미엄,22423.0,44,23.0,,0,11,0
C00268,남,61.0,프리미엄,23447.0,13,23.0,14.0,1,12,0
C00269,남,21.0,프리미엄,26038.0,7,19.0,1.0,0,10,0
C00270,여,29.0,스탠다드,14453.0,9,34.0,1.0,0,3,0
C00271,남,41.0,프리미엄,23414.0,32,24.0,2.0,0,5,0
C00272,여,56.0,베이직,5522.0,5,37.0,1.0,0,0,0
C00273,남,56.0,스탠다드,15156.0,29,11.0,13.0,0,12,0
C00274,남,61.0,베이직,11896.0,8,19.0,4.0,1,5,0
C00275,남,27.0,스탠다드,18496.0,57,33.0,1.0,0,14,0
C00276,여,20.0,베이직,9359.0,51,9.0,30.0,2,2,1
C00277,남,23.0,스탠다드,10314.0,59,20.0,1.0,1,15,0
C00278,여,41.0,프리미엄,25373.0,11,25.0,9.0,0,9,0
C00279,여,53.0,베이직,9754.0,57,1.0,59.0,1,7,1
C00280,여,39.0,베이직,12137.0,41,16.0,41.0,4,1,1
C00281,여,43.0,스탠다드,13695.0,41,7.0,35.0,6,2,1
C00282,여,63.0,베이직,13651.0,8,10.0,5.0,1,16,0
C00283,여,35.0,스탠다드,12070.0,40,24.0,9.0,2,4,0
C00284,여,23.0,베이직,7219.0,10,27.0,8.0,1,7,0
C00285,남,43.0,프리미엄,25138.0,1,2.0,62.0,1,3,1
C00286,남,35.0,프리미엄,21147.0,49,24.0,2.0,0,8,0
C00287,여,27.0,베이직,10976.0,8,16.0,10.0,0,15,0
C00288,남,20.0,베이직,10557.0,19,22.0,10.0,1,7,0
C00289,남,45.0,스탠다드,14944.0,9,24.0,3.0,1,8,0
C00290,여,65.0,프리미엄,,6,,7.0,2,10,0
C00291,남,32.0,베이직,9895.0,50,35.0,1.0,1,8,0
C00292,남,45.0,스탠다드,17168.0,2,2.0,12.0,1,15,0
C00293,여,35.0,베이직,12435.0,33,0.0,100.0,0,5,1
C00294,여,34.0,베이직,8598.0,2,29.0,3.0,0,7,0
C00295,남,64.0,프리미엄,27115.0,12,4.0,72.0,2,5,1
C00296,여,39.0,베이직,9698.0,52,13.0,44.0,4,3,1
C00297,여,50.0,스탠다드,15973.0,36,26.0,1.0,0,13,0
C00298,여,53.0,베이직,6770.0,25,41.0,10.0,0,11,0
C00299,남,57.0,스탠다드,16810.0,1,3.0,6.0,0,20,0
C00300,남,,프리미엄,24308.0,26,26.0,,2,9,0
C00301,여,39.0,스탠다드,13820.0,7,24.0,,1,8,0
C00302,남,42.0,스탠다드,14880.0,53,18.0,14.0,0,20,0
C00303,여,30.0,프리미엄,23941.0,39,8.0,6.0,1,5,0
C00304,남,22.0,프리미엄,22647.0,31,24.0,1.0,2,12,0
C00305,남,47.0,스탠다드,11500.0,19,39.0,8.0,2,13,0
C00306,여,52.0,프리미엄,22022.0,36,31.0,4.0,0,20,0
C00307,여,21.0,프리미엄,26403.0,3,10.0,20.0,6,1,1
C00308,여,38.0,베이직,9990.0,49,6.0,18.0,3,2,1
C00309,남,55.0,스탠다드,15716.0,52,17.0,1.0,1,6,0
C00310,남,,베이직,10741.0,15,4.0,46.0,4,5,1
C00311,여,39.0,스탠다드,12448.0,52,23.0,3.0,2,10,0
C00312,남,27.0,베이직,11057.0,11,36.0,11.0,1,4,0
C00313,남,44.0,프리미엄,25425.0,59,27.0,6.0,2,10,0
C00314,남,51.0,스탠다드,14798.0,56,31.0,2.0,0,10,0
C00315,여,54.0,베이직,10308.0,35,42.0,4.0,1,10,0
C00316,여,29.0,스탠다드,15753.0,18,23.0,1.0,1,6,0
C00317,남,20.0,프리미엄,23315.0,33,20.0,6.0,2,8,0
C00318,여,,스탠다드,14903.0,18,2.0,10.0,0,0,0
C00319,여,45.0,스탠다드,13059.0,4,23.0,4.0,0,11,0
C00320,남,52.0,베이직,9709.0,57,2.0,44.0,3,5,1
C00321,남,48.0,베이직,12290.0,9,0.0,7.0,4,0,1
C00322,여,54.0,베이직,6583.0,7,19.0,6.0,2,11,0
C00323,여,45.0,스탠다드,16148.0,53,38.0,11.0,1,12,0
C00324,여,24.0,베이직,6615.0,58,,1.0,2,10,0
C00325,남,43.0,프리미엄,22633.0,54,6.0,68.0,2,1,1
C00326,남,57.0,프리미엄,24760.0,10,20.0,1.0,0,8,0
C00327,남,41.0,스탠다드,19830.0,43,30.0,4.0,1,16,0
C00328,여,59.0,스탠다드,16428.0,15,12.0,9.0,2,2,0
C00329,여,50.0,프리미엄,29050.0,15,39.0,1.0,1,13,0
C00330,여,20.0,베이직,9576.0,23,17.0,4.0,0,9,0
C00331,여,28.0,베이직,10553.0,1,7.0,28.0,4,3,1
C00332,남,53.0,스탠다드,16932.0,19,37.0,5.0,1,7,0
C00333,남,33.0,베이직,10911.0,60,32.0,1.0,3,14,0
C00334,여,25.0,스탠다드,17179.0,44,31.0,1.0,0,1,0
C00335,남,22.0,프리미엄,24036.0,30,7.0,59.0,2,2,1
C00336,여,24.0,스탠다드,9715.0,38,25.0,6.0,0,13,0
C00337,남,49.0,스탠다드,19008.0,45,22.0,,0,11,0
C00338,남,43.0,베이직,9542.0,48,0.0,13.0,0,7,0
C00339,남,27.0,베이직,9509.0,45,18.0,1.0,0,16,0
C00340,남,56.0,스탠다드,16813.0,22,29.0,3.0,1,14,0
C00341,여,64.0,스탠다드,10284.0,22,26.0,11.0,0,15,0
C00342,여,31.0,베이직,9402.0,47,23.0,1.0,2,7,0
C00343,여,22.0,스탠다드,15684.0,14,23.0,1.0,2,5,0
C00344,남,41.0,스탠다드,16414.0,49,5.0,51.0,7,4,1
C00345,남,54.0,베이직,10400.0,47,10.0,5.0,3,7,0
C00346,남,20.0,베이직,6891.0,38,17.0,1.0,0,13,0
C00347,여,52.0,베이직,8310.0,14,20.0,1.0,1,5,0
C00348,여,36.0,스탠다드,19504.0,43,16.0,38.0,1,3,1
C00349,여,52.0,스탠다드,15209.0,18,20.0,1.0,0,3,0
C00350,남,64.0,스탠다드,,52,14.0,6.0,1,17,0
C00351,여,54.0,프리미엄,21847.0,37,16.0,5.0,0,14,0
C00352,남,41.0,베이직,9723.0,24,13.0,7.0,0,9,0
C00353,남,55.0,프리미엄,23330.0,13,23.0,1.0,0,9,0
C00354,여,48.0,프리미엄,21331.0,1,20.0,2.0,2,12,0
C00355,남,38.0,베이직,11710.0,44,32.0,3.0,0,11,0
C00356,여,57.0,프리미엄,24137.0,43,25.0,6.0,2,12,0
C00357,여,37.0,베이직,12023.0,57,17.0,11.0,1,10,0
C00358,여,23.0,프리미엄,27594.0,16,28.0,8.0,0,10,0
C00359,여,50.0,베이직,9149.0,1,7.0,28.0,5,3,1
C00360,여,55.0,프리미엄,23189.0,33,13.0,84.0,7,2,1
C00361,남,29.0,베이직,11020.0,28,27.0,10.0,0,12,0
C00362,남,20.0,베이직,10806.0,1,28.0,1.0,1,5,0
C00363,남,34.0,프리미엄,24723.0,12,29.0,11.0,1,8,0
C00364,남,36.0,스탠다드,16996.0,5,32.0,1.0,0,0,0
C00365,여,31.0,스탠다드,16620.0,48,29.0,3.0,1,6,0
C00366,여,46.0,베이직,9369.0,2,0.0,71.0,5,0,1
C00367,남,36.0,프리미엄,19728.0,27,27.0,2.0,3,3,0
C00368,여,32.0,프리미엄,25506.0,29,37.0,13.0,1,6,0
C00369,남,,스탠다드,17521.0,26,45.0,1.0,0,10,0
C00370,여,28.0,베이직,7873.0,33,20.0,3.0,1,0,0
C00371,남,51.0,스탠다드,15531.0,48,30.0,12.0,0,8,0
C00372,여,,베이직,10878.0,17,29.0,1.0,0,12,0
C00373,남,41.0,베이직,13004.0,13,22.0,5.0,1,13,0
C00374,남,37.0,베이직,9563.0,18,0.0,2.0,0,9,0
C00375,여,21.0,스탠다드,16154.0,10,28.0,11.0,1,6,0
C00376,여,35.0,베이직,7313.0,1,13.0,14.0,6,0,1
C00377,여,50.0,베이직,9930.0,9,15.0,16.0,1,14,0
C00378,남,47.0,프리미엄,20026.0,56,33.0,4.0,1,14,0
C00379,여,32.0,베이직,8569.0,39,12.0,13.0,4,0,1
C00380,여,52.0,스탠다드,16025.0,19,22.0,10.0,1,8,0
C00381,여,43.0,베이직,7662.0,4,10.0,,3,3,1
C00382,남,39.0,스탠다드,12529.0,50,20.0,1.0,0,7,0
C00383,여,43.0,스탠다드,18732.0,5,28.0,11.0,1,13,0
C00384,여,55.0,스탠다드,18058.0,60,18.0,9.0,2,15,0
C00385,남,31.0,베이직,10047.0,44,32.0,6.0,0,9,0
C00386,여,62.0,스탠다드,17928.0,27,18.0,1.0,0,15,0
C00387,남,64.0,베이직,6930.0,27,23.0,1.0,1,6,0
C00388,여,60.0,베이직,8351.0,39,25.0,8.0,0,17,0
C00389,여,,프리미엄,22203.0,28,6.0,63.0,5,4,1
C00390,남,24.0,스탠다드,15807.0,8,37.0,1.0,0,5,0
C00391,남,23.0,프리미엄,25012.0,17,5.0,42.0,4,3,1
C00392,남,62.0,스탠다드,17805.0,55,31.0,4.0,2,14,0
C00393,남,45.0,스탠다드,17387.0,50,5.0,36.0,4,2,1
C00394,여,60.0,스탠다드,14951.0,50,45.0,3.0,0,11,0
C00395,남,59.0,베이직,10020.0,2,39.0,,1,8,0
C00396,남,28.0,베이직,10722.0,13,36.0,,0,5,0
C00397,여,64.0,스탠다드,17867.0,56,33.0,4.0,0,5,0
C00398,여,24.0,베이직,7551.0,48,25.0,13.0,1,14,0
C00399,남,23.0,베이직,7993.0,36,20.0,8.0,0,7,0
C00400,남,62.0,스탠다드,16456.0,5,32.0,1.0,0,19,0
C00401,여,61.0,베이직,11556.0,9,20.0,3.0,0,6,0
C00402,남,23.0,프리미엄,27118.0,54,36.0,5.0,2,11,0
C00403,여,32.0,베이직,8537.0,58,6.0,58.0,2,0,1
C00404,여,25.0,베이직,12210.0,21,29.0,14.0,0,7,0
C00405,남,64.0,스탠다드,12985.0,54,46.0,14.0,1,2,0
C00406,남,33.0,프리미엄,26858.0,31,30.0,4.0,0,9,0
C00407,남,55.0,프리미엄,23813.0,32,21.0,11.0,0,6,0
C00408,여,62.0,스탠다드,15831.0,57,6.0,4.0,0,0,0
C00409,여,58.0,스탠다드,14108.0,48,11.0,6.0,1,8,0
C00410,여,38.0,베이직,10433.0,4,27.0,10.0,0,6,0
C00411,여,25.0,베이직,13457.0,17,34.0,,1,8,0
C00412,남,60.0,베이직,8987.0,6,19.0,3.0,2,13,0
C00413,여,39.0,프리미엄,25116.0,5,9.0,53.0,1,4,1
C00414,남,24.0,스탠다드,13691.0,41,15.0,4.0,0,14,0
C00415,남,53.0,스탠다드,15612.0,21,26.0,4.0,0,17,0
C00416,남,36.0,프리미엄,25829.0,10,25.0,6.0,1,9,0
C00417,여,29.0,스탠다드,14757.0,49,18.0,3.0,2,0,0
C00418,여,59.0,베이직,9163.0,15,29.0,,1,15,0
C00419,여,30.0,스탠다드,12549.0,31,31.0,1.0,1,6,0
C00420,남,,베이직,10197.0,53,22.0,12.0,0,7,0
C00421,여,56.0,스탠다드,15315.0,5,,4.0,0,9,0
C00422,남,44.0,스탠다드,19563.0,59,29.0,6.0,1,4,0
C00423,여,29.0,스탠다드,10870.0,7,13.0,44.0,3,3,1
C00424,남,55.0,베이직,10841.0,37,19.0,61.0,1,5,1
C00425,남,28.0,프리미엄,24803.0,43,15.0,14.0,0,5,0
C00426,남,56.0,프리미엄,25508.0,56,40.0,4.0,0,15,0
C00427,남,24.0,베이직,9499.0,59,12.0,8.0,1,3,1
C00428,여,35.0,베이직,10542.0,46,18.0,1.0,0,3,0
C00429,여,56.0,베이직,7635.0,10,12.0,4.0,7,0,1
C00430,남,65.0,스탠다드,,44,20.0,15.0,0,1,0
C00431,여,27.0,프리미엄,,19,6.0,73.0,3,4,1
C00432,여,24.0,베이직,9803.0,9,4.0,33.0,5,5,1
C00433,여,57.0,스탠다드,16008.0,36,26.0,14.0,1,13,0
C00434,여,62.0,프리미엄,24739.0,5,13.0,78.0,3,5,1
C00435,남,23.0,스탠다드,15090.0,8,6.0,11.0,0,5,0
C00436,여,56.0,스탠다드,16086.0,52,25.0,1.0,0,7,0
C00437,남,33.0,스탠다드,14727.0,57,17.0,4.0,0,12,0
C00438,남,64.0,프리미엄,25349.0,42,26.0,2.0,2,9,0
C00439,남,56.0,베이직,9664.0,15,23.0,5.0,1,8,0
C00440,여,26.0,베이직,14510.0,14,15.0,5.0,0,13,0
C00441,여,29.0,베이직,8031.0,7,15.0,1.0,0,8,0
C00442,여,61.0,프리미엄,23740.0,6,32.0,7.0,1,16,0
C00443,남,35.0,베이직,13282.0,4,7.0,3.0,1,14,0
C00444,남,38.0,베이직,7299.0,45,4.0,74.0,4,0,1
C00445,남,56.0,프리미엄,22324.0,26,20.0,1.0,1,8,0
C00446,여,59.0,베이직,7553.0,57,18.0,4.0,0,8,0
C00447,남,24.0,베이직,9787.0,55,22.0,3.0,1,8,0
C00448,남,,프리미엄,27922.0,57,12.0,8.0,0,16,0
C00449,여,29.0,스탠다드,13457.0,28,23.0,4.0,1,16,0
C00450,여,38.0,프리미엄,19641.0,47,27.0,1.0,0,6,0
C00451,여,52.0,프리미엄,24181.0,54,6.0,12.0,0,7,0
C00452,남,58.0,베이직,9741.0,23,15.0,6.0,1,13,0
C00453,여,36.0,베이직,11860.0,34,31.0,9.0,0,12,0
C00454,남,50.0,베이직,14810.0,15,48.0,6.0,1,9,0
C00455,여,62.0,베이직,9330.0,33,13.0,10.0,0,2,0
C00456,여,45.0,프리미엄,23886.0,52,20.0,10.0,2,14,0
C00457,남,47.0,베이직,12800.0,41,9.0,45.0,2,5,1
C00458,남,26.0,베이직,8108.0,38,28.0,,1,10,0
C00459,남,,스탠다드,14849.0,21,41.0,17.0,0,9,0
C00460,남,53.0,베이직,10877.0,9,32.0,15.0,0,13,0
C00461,여,65.0,베이직,8025.0,20,24.0,5.0,0,15,0
C00462,여,34.0,스탠다드,16223.0,49,5.0,1.0,1,7,0
C00463,여,37.0,베이직,8364.0,44,24.0,1.0,2,8,0
C00464,남,60.0,베이직,9317.0,28,33.0,7.0,0,12,0
C00465,남,53.0,프리미엄,23729.0,19,24.0,12.0,1,8,0
C00466,여,22.0,스탠다드,13871.0,33,28.0,1.0,0,2,0
C00467,여,61.0,스탠다드,10850.0,5,0.0,37.0,3,1,1
C00468,남,23.0,베이직,11069.0,36,37.0,9.0,0,9,0
C00469,여,36.0,프리미엄,24879.0,3,27.0,10.0,1,8,0
C00470,남,60.0,스탠다드,14621.0,3,31.0,4.0,0,15,0
C00471,남,31.0,베이직,12048.0,56,11.0,3.0,1,14,0
C00472,여,26.0,스탠다드,12480.0,13,15.0,2.0,1,11,0
C00473,남,43.0,스탠다드,17194.0,2,7.0,11.0,4,3,1
C00474,여,25.0,베이직,13161.0,44,4.0,1.0,2,10,0
C00475,여,43.0,베이직,,58,32.0,4.0,0,4,0
C00476,남,64.0,베이직,9804.0,33,15.0,62.0,1,2,1
C00477,남,31.0,베이직,8223.0,11,40.0,12.0,1,5,0
C00478,여,40.0,베이직,12375.0,20,25.0,13.0,0,10,0
C00479,여,21.0,프리미엄,22853.0,54,22.0,13.0,0,17,0
C00480,남,34.0,베이직,5835.0,50,19.0,1.0,0,13,0
C00481,남,50.0,프리미엄,25211.0,5,4.0,55.0,2,4,1
C00482,남,56.0,프리미엄,23114.0,9,26.0,3.0,1,15,0
C00483,남,55.0,베이직,5000.0,22,25.0,3.0,0,12,0
C00484,여,42.0,프리미엄,24295.0,50,49.0,1.0,0,17,0
C00485,남,29.0,프리미엄,26885.0,16,36.0,6.0,1,6,0
C00486,여,49.0,베이직,10022.0,11,29.0,1.0,5,7,0
C00487,남,58.0,베이직,12008.0,60,24.0,11.0,0,1,0
C00488,남,21.0,베이직,11856.0,20,18.0,2.0,1,5,0
C00489,남,24.0,프리미엄,24269.0,56,38.0,2.0,3,14,0
C00490,여,46.0,스탠다드,15460.0,32,34.0,12.0,0,7,0
C00491,여,60.0,스탠다드,14696.0,29,24.0,6.0,0,13,0
C00492,여,51.0,베이직,7575.0,14,34.0,7.0,0,15,0
C00493,여,,스탠다드,12569.0,46,20.0,14.0,2,7,0
C00494,남,50.0,스탠다드,14606.0,60,35.0,1.0,2,14,0
C00495,여,42.0,베이직,7871.0,12,38.0,5.0,1,9,0
C00496,여,43.0,스탠다드,14672.0,16,20.0,1.0,0,19,0
C00497,남,43.0,스탠다드,18123.0,55,32.0,1.0,1,9,0
C00498,남,,프리미엄,24065.0,18,40.0,1.0,1,3,0
C00499,남,27.0,스탠다드,16305.0,27,7.0,1.0,2,4,1
C00500,여,60.0,스탠다드,15883.0,48,13.0,3.0,0,0,0
C00501,여,58.0,베이직,,60,24.0,10.0,0,9,0
C00502,여,39.0,스탠다드,19735.0,57,30.0,1.0,0,0,0
C00503,여,55.0,프리미엄,22157.0,14,38.0,4.0,2,0,0
C00504,남,29.0,베이직,,60,9.0,49.0,2,4,1
C00505,남,28.0,베이직,10984.0,28,30.0,10.0,1,15,0
C00506,남,23.0,프리미엄,22464.0,5,31.0,12.0,0,9,0
C00507,남,45.0,베이직,9301.0,33,37.0,4.0,2,2,0
C00508,여,45.0,프리미엄,24803.0,53,28.0,8.0,1,6,0
C00509,여,59.0,프리미엄,25216.0,49,27.0,11.0,0,11,0
C00510,여,30.0,베이직,10949.0,19,26.0,7.0,2,13,0
C00511,남,49.0,베이직,11090.0,12,33.0,3.0,0,12,0
C00512,남,52.0,스탠다드,14731.0,22,22.0,7.0,0,6,0
C00513,남,29.0,프리미엄,21027.0,10,5.0,4.0,0,4,0
C00514,여,27.0,베이직,9973.0,50,14.0,1.0,2,7,0
C00515,남,21.0,스탠다드,13700.0,48,,3.0,1,6,0
C00516,남,59.0,베이직,6459.0,16,30.0,8.0,1,6,0
C00517,여,36.0,프리미엄,27794.0,9,11.0,9.0,0,7,0
C00518,남,35.0,베이직,11999.0,43,19.0,1.0,1,17,0
C00519,여,54.0,스탠다드,18953.0,8,31.0,1.0,1,3,0
C00520,남,27.0,프리미엄,24489.0,53,27.0,13.0,0,5,0
C00521,여,47.0,스탠다드,14752.0,26,10.0,51.0,5,3,1
C00522,여,49.0,베이직,9756.0,57,37.0,7.0,1,12,0
C00523,남,49.0,스탠다드,14184.0,12,8.0,34.0,6,0,1
C00524,남,42.0,프리미엄,24884.0,29,17.0,8.0,1,7,0
C00525,여,35.0,프리미엄,27274.0,17,23.0,5.0,0,4,0
C00526,여,35.0,베이직,5000.0,11,35.0,18.0,2,20,0
C00527,여,61.0,프리미엄,23750.0,9,14.0,11.0,2,14,0
C00528,여,54.0,베이직,11673.0,59,22.0,1.0,1,8,0
C00529,남,39.0,스탠다드,14922.0,3,25.0,8.0,1,15,0
C00530,남,54.0,베이직,6698.0,37,0.0,13.0,1,12,0
C00531,여,35.0,스탠다드,12821.0,34,24.0,13.0,0,6,0
C00532,여,57.0,스탠다드,12332.0,3,8.0,4.0,0,7,0
C00533,여,48.0,프리미엄,22759.0,37,10.0,73.0,6,3,1
C00534,남,35.0,베이직,10842.0,53,41.0,3.0,0,12,0
C00535,남,,베이직,9211.0,19,18.0,12.0,1,17,0
C00536,남,59.0,스탠다드,15554.0,37,5.0,57.0,4,3,1
C00537,남,22.0,스탠다드,13289.0,28,8.0,25.0,0,4,1
C00538,남,55.0,베이직,12198.0,32,12.0,59.0,3,4,1
C00539,여,65.0,베이직,10741.0,47,34.0,1.0,0,7,0
C00540,여,47.0,베이직,9189.0,43,7.0,40.0,1,2,1
C00541,남,43.0,베이직,8131.0,15,22.0,2.0,1,8,0
C00542,여,32.0,베이직,10156.0,45,32.0,1.0,2,5,0
C00543,남,40.0,베이직,6814.0,51,37.0,3.0,1,6,0
C00544,여,20.0,프리미엄,24135.0,55,29.0,,1,10,0
C00545,여,20.0,베이직,10385.0,14,6.0,1.0,0,8,0
C00546,남,52.0,베이직,9418.0,47,14.0,4.0,1,5,0
C00547,여,45.0,베이직,9162.0,24,3.0,26.0,3,3,1
C00548,남,48.0,스탠다드,13495.0,50,10.0,3.0,1,7,0
C00549,여,57.0,베이직,14350.0,20,5.0,34.0,1,3,1
C00550,남,59.0,베이직,11022.0,50,26.0,4.0,1,14,0
C00551,여,23.0,베이직,12035.0,9,16.0,1.0,2,0,1
C00552,여,32.0,스탠다드,15315.0,21,50.0,1.0,2,13,0
C00553,여,21.0,스탠다드,12363.0,26,14.0,2.0,0,8,0
C00554,남,24.0,프리미엄,22258.0,21,21.0,4.0,1,11,0
C00555,남,21.0,베이직,7389.0,29,26.0,11.0,1,11,0
C00556,남,35.0,스탠다드,13252.0,32,4.0,10.0,2,3,1
C00557,여,53.0,스탠다드,17563.0,43,20.0,7.0,0,18,0
C00558,남,50.0,스탠다드,,7,25.0,5.0,0,16,0
C00559,남,20.0,스탠다드,12669.0,44,24.0,6.0,1,12,0
C00560,남,65.0,프리미엄,22501.0,32,27.0,10.0,0,15,0
C00561,남,27.0,베이직,9874.0,5,10.0,49.0,5,2,1
C00562,남,30.0,스탠다드,13247.0,24,25.0,8.0,0,13,0
C00563,여,40.0,베이직,10946.0,34,3.0,23.0,2,1,1
C00564,남,59.0,베이직,12436.0,58,15.0,1.0,2,15,0
C00565,여,43.0,스탠다드,15438.0,10,8.0,38.0,6,3,1
C00566,여,23.0,베이직,7856.0,28,14.0,7.0,1,14,0
C00567,남,,스탠다드,10519.0,33,31.0,8.0,0,10,0
C00568,남,40.0,스탠다드,17232.0,35,22.0,1.0,0,8,0
C00569,여,62.0,스탠다드,14459.0,30,19.0,1.0,0,12,0
C00570,여,60.0,스탠다드,15341.0,59,37.0,1.0,0,0,0
C00571,여,47.0,스탠다드,14503.0,59,4.0,38.0,1,5,1
C00572,여,56.0,베이직,9870.0,53,18.0,12.0,0,11,0
C00573,여,42.0,베이직,10164.0,5,31.0,4.0,0,17,0
C00574,여,46.0,스탠다드,16390.0,59,15.0,2.0,1,8,0
C00575,여,58.0,베이직,13646.0,3,24.0,7.0,0,13,0
C00576,여,28.0,스탠다드,16530.0,28,19.0,10.0,2,12,0
C00577,여,56.0,베이직,14277.0,47,29.0,9.0,1,10,0
C00578,남,23.0,스탠다드,13032.0,47,14.0,1.0,0,0,0
C00579,여,20.0,베이직,10446.0,39,50.0,8.0,1,13,0
C00580,남,33.0,스탠다드,18387.0,11,9.0,67.0,4,2,1
C00581,남,55.0,베이직,6448.0,11,32.0,6.0,0,13,0
C00582,남,58.0,베이직,9482.0,42,,4.0,0,9,0
C00583,여,39.0,베이직,9327.0,55,20.0,1.0,0,11,0
C00584,여,46.0,베이직,10986.0,11,10.0,70.0,1,5,1
C00585,여,46.0,베이직,12211.0,59,7.0,5.0,1,20,0
C00586,여,27.0,프리미엄,26354.0,7,6.0,1.0,0,1,0
C00587,여,35.0,베이직,7111.0,1,0.0,27.0,0,3,1
C00588,남,45.0,베이직,12528.0,6,24.0,1.0,2,3,0
C00589,남,25.0,베이직,11953.0,15,0.0,48.0,4,2,1
C00590,여,52.0,프리미엄,25504.0,1,1.0,48.0,4,5,1
C00591,여,36.0,프리미엄,28908.0,38,11.0,49.0,3,4,1
C00592,남,59.0,프리미엄,,41,45.0,1.0,0,10,0
C00593,여,32.0,프리미엄,23085.0,40,21.0,4.0,2,9,0
C00594,남,65.0,베이직,10247.0,7,12.0,76.0,2,0,1
C00595,남,32.0,프리미엄,22148.0,4,14.0,31.0,1,2,1
C00596,남,25.0,스탠다드,13638.0,29,2.0,60.0,1,2,1
C00597,여,32.0,프리미엄,25248.0,3,12.0,67.0,4,0,1
C00598,남,52.0,스탠다드,16775.0,14,27.0,6.0,0,4,0
C00599,남,57.0,베이직,5000.0,33,30.0,2.0,0,9,0
C00600,여,23.0,스탠다드,14129.0,25,26.0,2.0,0,8,0
C00601,여,44.0,베이직,12548.0,15,44.0,6.0,0,8,0
C00602,남,56.0,베이직,6989.0,27,,7.0,0,8,0
C00603,여,64.0,베이직,12914.0,25,16.0,17.0,1,16,0
C00604,남,30.0,베이직,8397.0,54,26.0,6.0,2,12,0
C00605,여,64.0,프리미엄,24387.0,53,12.0,5.0,2,8,0
C00606,여,32.0,프리미엄,23405.0,42,33.0,4.0,1,9,0
C00607,남,50.0,프리미엄,23519.0,32,21.0,6.0,1,14,0
C00608,남,48.0,스탠다드,15635.0,2,21.0,8.0,1,13,0
C00609,남,43.0,프리미엄,22077.0,3,31.0,1.0,0,6,0
C00610,여,25.0,스탠다드,14612.0,30,27.0,5.0,0,14,0
C00611,남,25.0,프리미엄,24342.0,52,30.0,8.0,0,20,0
C00612,여,60.0,프리미엄,25324.0,51,25.0,2.0,0,19,0
C00613,남,59.0,스탠다드,13130.0,48,26.0,10.0,1,1,0
C00614,남,48.0,스탠다드,16693.0,1,14.0,9.0,0,7,0
C00615,남,63.0,베이직,13102.0,33,32.0,5.0,0,10,0
C00616,남,31.0,프리미엄,25450.0,57,12.0,1.0,1,11,0
C00617,남,,스탠다드,12685.0,58,31.0,11.0,1,13,0
C00618,남,47.0,프리미엄,22494.0,33,23.0,9.0,0,7,0
C00619,남,49.0,스탠다드,15890.0,15,27.0,1.0,0,3,0
C00620,남,35.0,프리미엄,24196.0,33,38.0,1.0,0,10,0
C00621,여,38.0,베이직,9866.0,4,7.0,74.0,6,4,1
C00622,여,40.0,스탠다드,13762.0,60,,7.0,0,8,0
C00623,여,58.0,베이직,10087.0,10,14.0,1.0,0,5,0
C00624,남,37.0,스탠다드,13927.0,30,25.0,12.0,0,4,0
C00625,남,61.0,프리미엄,25025.0,49,41.0,5.0,0,3,0
C00626,여,48.0,프리미엄,27957.0,56,30.0,3.0,0,5,0
C00627,여,63.0,프리미엄,28352.0,53,,9.0,0,3,0
C00628,남,23.0,베이직,12219.0,60,22.0,8.0,0,5,0
C00629,여,28.0,베이직,9582.0,19,2.0,69.0,7,2,1
C00630,여,31.0,스탠다드,15823.0,18,24.0,15.0,0,4,0
C00631,남,57.0,베이직,7519.0,19,25.0,8.0,4,16,0
C00632,여,26.0,프리미엄,22257.0,4,16.0,9.0,2,16,0
C00633,여,37.0,베이직,9192.0,50,25.0,11.0,2,12,0
C00634,남,49.0,프리미엄,24278.0,27,27.0,11.0,0,3,0
C00635,남,58.0,프리미엄,25015.0,4,23.0,3.0,0,8,0
C00636,남,30.0,스탠다드,14220.0,31,34.0,1.0,0,20,0
C00637,남,48.0,프리미엄,27279.0,5,19.0,,0,6,0
C00638,남,60.0,프리미엄,26809.0,6,35.0,1.0,0,15,0
C00639,남,22.0,스탠다드,15610.0,18,11.0,5.0,1,5,0
C00640,남,39.0,베이직,9913.0,57,50.0,1.0,1,12,0
C00641,여,29.0,스탠다드,16608.0,60,23.0,1.0,0,4,0
C00642,여,35.0,프리미엄,,7,9.0,5.0,0,11,0
C00643,여,43.0,베이직,11451.0,59,26.0,5.0,1,18,0
C00644,여,46.0,스탠다드,15239.0,25,23.0,,0,7,0
C00645,남,26.0,스탠다드,17066.0,15,29.0,7.0,2,7,0
C00646,남,22.0,스탠다드,16167.0,49,29.0,7.0,0,18,0
C00647,남,29.0,프리미엄,23624.0,9,32.0,6.0,1,12,0
C00648,남,51.0,베이직,10265.0,8,25.0,1.0,1,8,0
C00649,남,56.0,프리미엄,24422.0,51,30.0,4.0,0,3,0
C00650,남,38.0,스탠다드,12358.0,9,35.0,3.0,0,6,0
C00651,남,40.0,베이직,15360.0,46,26.0,7.0,0,10,0
C00652,여,25.0,베이직,9975.0,7,39.0,7.0,1,15,0
C00653,여,37.0,프리미엄,24362.0,36,15.0,4.0,0,11,0
C00654,남,35.0,스탠다드,18770.0,20,36.0,1.0,1,13,0
C00655,남,39.0,스탠다드,15559.0,33,18.0,7.0,1,16,0
C00656,남,42.0,스탠다드,12618.0,9,27.0,4.0,2,6,0
C00657,남,48.0,프리미엄,25438.0,49,23.0,17.0,0,4,0
C00658,남,62.0,스탠다드,13397.0,56,19.0,3.0,0,14,0
C00659,남,56.0,스탠다드,14638.0,7,28.0,4.0,0,8,0
C00660,여,49.0,스탠다드,16839.0,8,34.0,1.0,1,16,0
C00661,남,39.0,프리미엄,24417.0,47,14.0,,0,9,0
C00662,남,27.0,프리미엄,26603.0,60,31.0,1.0,0,2,0
C00663,여,62.0,프리미엄,22367.0,8,15.0,7.0,0,13,0
C00664,여,40.0,프리미엄,20962.0,44,19.0,1.0,0,11,0
C00665,남,62.0,스탠다드,13988.0,58,15.0,13.0,0,0,0
C00666,남,26.0,베이직,11754.0,10,11.0,1.0,0,18,0
C00667,여,34.0,스탠다드,17662.0,38,21.0,6.0,0,11,0
C00668,여,27.0,스탠다드,16393.0,13,9.0,1.0,1,13,0
C00669,여,28.0,프리미엄,24725.0,35,11.0,3.0,1,12,0
C00670,남,53.0,스탠다드,14517.0,10,25.0,10.0,1,2,0
C00671,여,28.0,베이직,9378.0,5,9.0,,3,3,1
C00672,남,42.0,스탠다드,10876.0,45,24.0,9.0,0,6,0
C00673,남,48.0,스탠다드,18069.0,45,4.0,50.0,6,7,1
C00674,여,35.0,스탠다드,10559.0,38,46.0,4.0,2,12,0
C00675,남,51.0,스탠다드,14866.0,38,25.0,3.0,0,12,0
C00676,남,43.0,스탠다드,15198.0,15,25.0,1.0,2,1,0
C00677,여,46.0,프리미엄,25365.0,9,25.0,1.0,0,15,0
C00678,여,40.0,베이직,10363.0,30,32.0,1.0,1,9,0
C00679,남,24.0,프리미엄,27785.0,51,9.0,37.0,2,1,1
C00680,여,32.0,베이직,6914.0,38,1.0,6.0,1,6,0
C00681,남,20.0,스탠다드,19614.0,44,13.0,4.0,0,19,0
C00682,여,41.0,베이직,10138.0,59,28.0,7.0,2,5,0
C00683,남,65.0,스탠다드,16622.0,54,28.0,6.0,1,16,0
C00684,남,21.0,스탠다드,12587.0,53,32.0,2.0,0,16,0
C00685,남,34.0,베이직,8482.0,59,45.0,4.0,0,10,0
C00686,여,,스탠다드,14932.0,12,26.0,4.0,0,5,0
C00687,여,43.0,베이직,9572.0,2,13.0,1.0,2,1,0
C00688,여,55.0,베이직,10588.0,21,10.0,1.0,0,5,0
C00689,남,51.0,스탠다드,12909.0,6,32.0,8.0,1,6,0
C00690,남,49.0,스탠다드,18016.0,55,5.0,1.0,0,7,0
C00691,여,47.0,프리미엄,24109.0,17,9.0,3.0,0,9,0
C00692,남,52.0,프리미엄,24365.0,34,30.0,1.0,1,4,0
C00693,남,,스탠다드,11939.0,54,10.0,58.0,4,2,1
C00694,여,61.0,프리미엄,27380.0,18,36.0,7.0,0,15,0
C00695,여,37.0,베이직,7923.0,4,22.0,1.0,2,11,0
C00696,여,50.0,베이직,12476.0,4,21.0,1.0,0,9,0
C00697,여,47.0,프리미엄,24694.0,60,28.0,4.0,1,7,0
C00698,남,47.0,스탠다드,15688.0,6,5.0,61.0,2,1,1
C00699,남,61.0,스탠다드,15494.0,39,32.0,5.0,0,14,0
C00700,여,34.0,프리미엄,25271.0,8,14.0,4.0,1,6,0
C00701,남,62.0,프리미엄,25280.0,43,16.0,3.0,1,4,0
C00702,남,52.0,프리미엄,26542.0,10,22.0,1.0,0,6,0
C00703,여,32.0,프리미엄,25375.0,57,5.0,9.0,0,7,0
C00704,남,24.0,프리미엄,25570.0,18,7.0,50.0,3,2,1
C00705,여,47.0,프리미엄,25181.0,31,25.0,2.0,1,13,0
C00706,남,47.0,베이직,11665.0,60,15.0,1.0,0,10,0
C00707,남,22.0,베이직,15798.0,17,9.0,45.0,2,5,1
C00708,남,51.0,스탠다드,12944.0,10,23.0,1.0,0,10,0
C00709,여,53.0,베이직,8125.0,36,6.0,1.0,1,20,0
C00710,남,61.0,베이직,11976.0,52,12.0,6.0,1,10,0
C00711,남,24.0,스탠다드,17961.0,57,25.0,1.0,2,7,0
C00712,여,32.0,프리미엄,23043.0,35,34.0,1.0,1,7,0
C00713,여,61.0,베이직,9805.0,46,5.0,3.0,1,9,0
C00714,여,59.0,스탠다드,16116.0,21,50.0,9.0,2,7,0
C00715,남,29.0,프리미엄,25751.0,2,11.0,46.0,2,3,1
C00716,여,53.0,스탠다드,17506.0,26,41.0,5.0,1,9,0
C00717,남,20.0,프리미엄,25106.0,15,15.0,11.0,2,16,0
C00718,여,49.0,베이직,8824.0,32,0.0,52.0,4,1,1
C00719,남,63.0,프리미엄,24104.0,40,33.0,6.0,1,15,0
C00720,여,24.0,베이직,11274.0,33,27.0,1.0,0,16,0
C00721,남,65.0,베이직,9898.0,53,11.0,73.0,4,1,1
C00722,여,22.0,베이직,9150.0,38,5.0,28.0,2,0,1
C00723,여,41.0,베이직,9157.0,18,31.0,17.0,1,7,0
C00724,여,63.0,프리미엄,26062.0,6,33.0,1.0,0,9,0
C00725,남,20.0,스탠다드,16132.0,4,9.0,6.0,0,5,0
C00726,남,42.0,스탠다드,13923.0,47,38.0,4.0,1,16,0
C00727,남,34.0,베이직,8362.0,39,25.0,8.0,1,12,0
C00728,여,29.0,베이직,9311.0,8,16.0,3.0,6,3,1
C00729,여,29.0,베이직,9969.0,44,9.0,32.0,2,1,1
C00730,여,42.0,스탠다드,11910.0,40,0.0,13.0,3,13,0
C00731,남,44.0,베이직,9798.0,42,25.0,7.0,0,9,0
C00732,남,62.0,스탠다드,13221.0,28,14.0,7.0,1,7,0
C00733,여,61.0,베이직,10332.0,11,,39.0,1,0,1
C00734,남,31.0,베이직,11360.0,60,15.0,48.0,4,2,1
C00735,남,35.0,프리미엄,22819.0,27,22.0,4.0,2,13,0
C00736,여,42.0,베이직,10797.0,31,24.0,1.0,0,15,0
C00737,남,32.0,베이직,5887.0,33,9.0,52.0,3,2,1
C00738,남,38.0,스탠다드,17131.0,2,16.0,2.0,0,5,0
C00739,여,20.0,베이직,11690.0,50,22.0,1.0,0,13,0
C00740,여,23.0,베이직,6525.0,8,25.0,5.0,0,7,0
C00741,여,63.0,스탠다드,16710.0,22,8.0,63.0,3,4,1
C00742,여,26.0,베이직,9213.0,5,35.0,3.0,1,4,0
C00743,여,50.0,스탠다드,16748.0,51,16.0,5.0,2,14,0
C00744,남,60.0,베이직,7268.0,51,33.0,4.0,1,11,0
C00745,여,58.0,스탠다드,15610.0,27,14.0,72.0,4,3,1
C00746,남,39.0,베이직,11213.0,1,14.0,7.0,0,10,0
C00747,여,57.0,스탠다드,14408.0,13,19.0,6.0,1,13,0
C00748,여,58.0,베이직,11617.0,10,27.0,8.0,1,4,0
C00749,남,28.0,스탠다드,14328.0,38,26.0,5.0,2,15,0
C00750,여,57.0,스탠다드,12116.0,38,3.0,17.0,6,5,1
C00751,여,49.0,스탠다드,14675.0,3,42.0,1.0,1,13,0
C00752,여,43.0,베이직,9151.0,16,23.0,1.0,2,6,0
C00753,남,40.0,스탠다드,13898.0,34,4.0,56.0,7,4,1
C00754,여,56.0,스탠다드,13224.0,11,29.0,1.0,1,12,0
C00755,여,60.0,스탠다드,16423.0,30,0.0,43.0,4,3,1
C00756,여,51.0,프리미엄,26264.0,14,30.0,7.0,0,5,0
C00757,남,36.0,스탠다드,13707.0,4,25.0,,1,7,0
C00758,여,27.0,프리미엄,23629.0,17,44.0,1.0,1,10,0
C00759,여,21.0,스탠다드,14819.0,31,19.0,2.0,0,17,0
C00760,남,24.0,베이직,8294.0,45,6.0,10.0,0,9,0
C00761,남,32.0,프리미엄,23997.0,2,18.0,6.0,0,6,0
C00762,남,27.0,스탠다드,,36,19.0,1.0,2,7,0
C00763,여,52.0,스탠다드,13358.0,33,8.0,35.0,4,5,1
C00764,남,63.0,스탠다드,14215.0,16,17.0,8.0,0,9,0
C00765,여,31.0,베이직,7086.0,16,39.0,1.0,1,12,0
C00766,여,61.0,스탠다드,13523.0,10,29.0,11.0,0,13,0
C00767,남,54.0,베이직,10912.0,2,12.0,24.0,3,5,1
C00768,여,,스탠다드,13363.0,48,24.0,6.0,0,11,0
C00769,남,52.0,베이직,11514.0,51,32.0,5.0,0,12,0
C00770,남,24.0,프리미엄,26205.0,7,22.0,3.0,0,12,0
C00771,여,52.0,스탠다드,12687.0,16,18.0,1.0,0,8,0
C00772,여,54.0,스탠다드,14751.0,8,39.0,5.0,0,3,0
C00773,여,56.0,베이직,8238.0,41,49.0,1.0,0,1,0
C00774,남,44.0,스탠다드,14053.0,55,32.0,6.0,2,6,0
C00775,남,53.0,프리미엄,,29,36.0,12.0,0,4,0
C00776,여,52.0,프리미엄,23985.0,3,22.0,7.0,0,9,0
C00777,남,21.0,프리미엄,22011.0,46,26.0,2.0,2,14,0
C00778,남,21.0,스탠다드,18103.0,14,20.0,5.0,1,17,0
C00779,남,,스탠다드,15083.0,55,25.0,9.0,0,9,0
C00780,남,65.0,스탠다드,15159.0,1,29.0,4.0,3,6,0
C00781,남,26.0,스탠다드,16169.0,52,9.0,18.0,7,0,1
C00782,여,35.0,프리미엄,27787.0,44,19.0,11.0,3,12,0
C00783,남,44.0,베이직,13221.0,21,15.0,2.0,0,12,0
C00784,남,53.0,베이직,8648.0,12,16.0,16.0,0,7,0
C00785,여,62.0,베이직,10727.0,23,42.0,7.0,2,15,0
C00786,남,65.0,스탠다드,10884.0,54,24.0,3.0,1,9,0
C00787,남,59.0,베이직,9241.0,7,22.0,6.0,0,1,0
C00788,여,38.0,프리미엄,19621.0,11,24.0,8.0,0,8,0
C00789,남,22.0,스탠다드,13261.0,11,32.0,10.0,1,14,0
C00790,남,22.0,베이직,8868.0,55,10.0,10.0,1,20,0
C00791,여,65.0,스탠다드,11006.0,53,22.0,1.0,0,11,0
C00792,남,46.0,베이직,13652.0,3,3.0,31.0,3,3,1
C00793,여,59.0,베이직,9790.0,24,18.0,3.0,2,19,0
C00794,남,62.0,프리미엄,24245.0,39,33.0,6.0,1,16,0
C00795,남,25.0,스탠다드,13645.0,49,27.0,5.0,0,8,0
C00796,남,58.0,베이직,9635.0,39,23.0,1.0,1,5,0
C00797,여,41.0,스탠다드,11485.0,16,30.0,5.0,2,12,0
C00798,남,41.0,스탠다드,12684.0,14,45.0,10.0,3,7,0
C00799,여,37.0,스탠다드,19700.0,53,12.0,36.0,0,4,1
C00800,남,24.0,프리미엄,22827.0,10,28.0,1.0,0,10,0
C00801,여,54.0,스탠다드,12494.0,10,12.0,24.0,6,7,1
C00802,여,50.0,베이직,7432.0,27,30.0,12.0,1,12,0
C00803,남,37.0,스탠다드,18898.0,57,17.0,1.0,0,9,0
C00804,여,43.0,스탠다드,17624.0,38,27.0,1.0,0,8,0
C00805,여,51.0,스탠다드,15025.0,17,19.0,1.0,0,3,0
C00806,여,60.0,베이직,7425.0,52,22.0,1.0,0,10,0
C00807,남,44.0,스탠다드,15051.0,46,39.0,1.0,0,15,0
C00808,여,20.0,프리미엄,27699.0,49,40.0,2.0,0,10,0
C00809,남,50.0,베이직,9351.0,35,19.0,6.0,2,17,0
C00810,여,27.0,프리미엄,25855.0,55,45.0,8.0,2,10,0
C00811,남,60.0,베이직,13632.0,26,13.0,13.0,0,8,0
C00812,남,29.0,베이직,10272.0,20,,7.0,1,8,0
C00813,여,44.0,베이직,8254.0,16,22.0,11.0,1,5,0
C00814,여,,스탠다드,15765.0,28,31.0,3.0,0,7,0
C00815,여,23.0,스탠다드,12545.0,3,28.0,2.0,0,6,0
C00816,남,32.0,스탠다드,14779.0,15,28.0,14.0,0,3,0
C00817,남,59.0,베이직,11185.0,23,19.0,2.0,0,11,0
C00818,여,29.0,베이직,10385.0,30,21.0,6.0,2,10,0
C00819,남,23.0,프리미엄,23990.0,20,11.0,67.0,7,5,1
C00820,여,,베이직,7920.0,33,3.0,38.0,2,2,1
C00821,여,35.0,프리미엄,25199.0,10,10.0,37.0,5,4,1
C00822,여,26.0,스탠다드,16805.0,27,1.0,5.0,2,16,0
C00823,여,61.0,베이직,7616.0,39,6.0,66.0,5,0,1
C00824,남,28.0,스탠다드,14626.0,43,16.0,4.0,0,10,0
C00825,여,46.0,프리미엄,24658.0,39,3.0,68.0,2,1,1
C00826,여,24.0,프리미엄,22691.0,23,31.0,1.0,0,5,0
C00827,여,53.0,스탠다드,16560.0,27,44.0,1.0,1,9,0
C00828,여,37.0,스탠다드,13389.0,42,18.0,6.0,0,1,0
C00829,여,60.0,스탠다드,17624.0,59,32.0,1.0,2,8,0
C00830,여,37.0,스탠다드,16454.0,14,19.0,1.0,1,15,0
C00831,여,59.0,스탠다드,14826.0,55,5.0,23.0,1,0,1
C00832,남,29.0,스탠다드,10691.0,52,50.0,1.0,2,8,0
C00833,여,47.0,베이직,12546.0,28,16.0,1.0,1,12,0
C00834,남,23.0,베이직,8626.0,31,33.0,12.0,0,18,0
C00835,여,50.0,베이직,12500.0,27,23.0,13.0,1,9,0
C00836,남,46.0,프리미엄,26131.0,19,49.0,15.0,1,15,0
C00837,남,23.0,베이직,9805.0,17,18.0,2.0,0,15,0
C00838,여,34.0,프리미엄,28277.0,34,31.0,1.0,1,4,0
C00839,남,20.0,프리미엄,25742.0,27,9.0,4.0,1,15,0
C00840,남,28.0,스탠다드,14796.0,4,1.0,75.0,5,1,1
C00841,남,44.0,프리미엄,22768.0,14,26.0,12.0,0,13,0
C00842,여,36.0,프리미엄,22089.0,31,48.0,3.0,3,7,0
C00843,남,30.0,베이직,10475.0,4,5.0,5.0,5,2,1
C00844,남,46.0,프리미엄,24583.0,12,30.0,2.0,1,10,0
C00845,여,58.0,프리미엄,25105.0,26,44.0,11.0,1,4,0
C00846,남,58.0,스탠다드,15684.0,37,46.0,1.0,0,15,0
C00847,여,46.0,프리미엄,20710.0,1,44.0,10.0,1,9,0
C00848,여,45.0,베이직,9660.0,42,24.0,4.0,1,4,0
C00849,여,27.0,프리미엄,21951.0,56,24.0,8.0,1,18,0
C00850,여,29.0,스탠다드,14136.0,32,28.0,1.0,1,10,0
C00851,여,31.0,베이직,5860.0,42,43.0,14.0,0,10,0
C00852,남,45.0,프리미엄,27100.0,48,9.0,19.0,3,1,1
C00853,여,42.0,프리미엄,22611.0,17,5.0,31.0,4,6,1
C00854,여,53.0,베이직,12441.0,56,4.0,36.0,1,2,1
C00855,여,20.0,베이직,8539.0,51,32.0,9.0,0,12,0
C00856,남,56.0,베이직,10384.0,56,21.0,1.0,0,5,0
C00857,여,28.0,스탠다드,13734.0,22,12.0,9.0,0,3,0
C00858,남,48.0,스탠다드,15836.0,6,27.0,3.0,1,7,0
C00859,여,61.0,스탠다드,11939.0,36,31.0,1.0,0,8,0
C00860,여,26.0,프리미엄,27188.0,34,11.0,54.0,0,0,1
C00861,여,42.0,프리미엄,28234.0,33,14.0,12.0,0,18,0
C00862,여,48.0,베이직,10326.0,19,25.0,13.0,2,14,0
C00863,남,42.0,스탠다드,14403.0,27,37.0,6.0,0,8,0
C00864,여,50.0,스탠다드,14744.0,35,36.0,3.0,0,9,0
C00865,남,21.0,스탠다드,18164.0,38,27.0,3.0,0,7,0
C00866,남,56.0,스탠다드,15923.0,5,39.0,12.0,2,16,0
C00867,남,33.0,베이직,8693.0,31,5.0,,6,0,1
C00868,남,58.0,프리미엄,26789.0,39,14.0,8.0,0,11,0
C00869,남,64.0,프리미엄,22985.0,59,8.0,46.0,4,3,1
C00870,여,36.0,스탠다드,11182.0,41,4.0,22.0,3,5,1
C00871,남,26.0,스탠다드,15637.0,45,42.0,1.0,0,20,0
C00872,여,60.0,베이직,7389.0,51,,13.0,1,7,0
C00873,남,56.0,스탠다드,14249.0,10,13.0,61.0,3,5,1
C00874,여,45.0,베이직,7359.0,52,28.0,8.0,0,7,0
C00875,여,33.0,스탠다드,17010.0,20,5.0,11.0,3,6,1
C00876,여,64.0,스탠다드,12727.0,38,16.0,2.0,0,12,0
C00877,여,41.0,베이직,10651.0,43,3.0,46.0,1,2,1
C00878,남,53.0,베이직,14498.0,51,31.0,8.0,2,11,0
C00879,여,43.0,스탠다드,9955.0,33,21.0,2.0,1,13,0
C00880,남,22.0,프리미엄,23910.0,42,31.0,5.0,1,8,0
C00881,남,,프리미엄,26330.0,56,20.0,3.0,0,15,0
C00882,여,38.0,스탠다드,13342.0,39,20.0,5.0,0,3,0
C00883,여,44.0,베이직,10694.0,47,50.0,1.0,1,12,0
C00884,여,58.0,베이직,7216.0,4,32.0,5.0,1,6,0
C00885,여,27.0,베이직,9035.0,21,27.0,2.0,0,14,0
C00886,여,54.0,스탠다드,14768.0,24,1.0,49.0,4,5,1
C00887,남,54.0,스탠다드,14241.0,1,27.0,1.0,1,18,0
C00888,남,26.0,베이직,11169.0,25,35.0,9.0,1,3,0
C00889,여,54.0,베이직,6396.0,36,7.0,43.0,3,3,1
C00890,남,33.0,베이직,9068.0,26,0.0,70.0,3,0,1
C00891,여,24.0,스탠다드,12907.0,17,24.0,3.0,2,1,0
C00892,여,63.0,베이직,10093.0,51,35.0,3.0,0,9,0
C00893,남,62.0,베이직,11425.0,55,19.0,1.0,0,4,0
C00894,남,34.0,스탠다드,16394.0,24,10.0,30.0,3,4,1
C00895,여,56.0,프리미엄,26651.0,42,10.0,49.0,4,2,1
C00896,남,41.0,스탠다드,12864.0,27,19.0,4.0,0,7,0
C00897,남,41.0,베이직,6108.0,25,13.0,1.0,2,15,0
C00898,여,49.0,스탠다드,15614.0,2,20.0,1.0,2,9,0
C00899,남,39.0,스탠다드,10353.0,53,14.0,4.0,0,9,0
C00900,여,57.0,프리미엄,24892.0,44,40.0,5.0,0,16,0
C00901,남,64.0,베이직,8114.0,41,,14.0,2,16,0
C00902,남,35.0,스탠다드,14906.0,7,23.0,5.0,2,12,0
C00903,남,64.0,베이직,10974.0,46,5.0,,6,3,1
C00904,여,32.0,베이직,10768.0,52,4.0,57.0,1,2,1
C00905,여,22.0,베이직,11166.0,55,28.0,1.0,1,10,0
C00906,남,60.0,스탠다드,14665.0,34,6.0,1.0,1,10,0
C00907,남,56.0,스탠다드,17947.0,34,,6.0,0,0,0
C00908,남,45.0,스탠다드,14333.0,14,16.0,1.0,2,6,0
C00909,남,40.0,스탠다드,14448.0,41,25.0,4.0,0,10,0
C00910,남,57.0,스탠다드,12094.0,6,17.0,10.0,0,17,0
C00911,남,46.0,스탠다드,12314.0,33,9.0,3.0,0,15,0
C00912,여,46.0,베이직,7228.0,32,15.0,8.0,0,15,0
C00913,남,52.0,프리미엄,26398.0,57,27.0,6.0,2,7,0
C00914,남,55.0,베이직,9173.0,43,3.0,100.0,1,4,1
C00915,남,22.0,베이직,7749.0,23,23.0,13.0,1,15,0
C00916,남,63.0,베이직,10038.0,40,43.0,12.0,1,6,0
C00917,남,50.0,베이직,7276.0,18,2.0,57.0,5,0,1
C00918,여,26.0,베이직,7405.0,34,22.0,10.0,0,15,0
C00919,남,25.0,베이직,7550.0,9,19.0,14.0,0,6,0
C00920,여,22.0,프리미엄,24991.0,50,17.0,10.0,1,10,0
C00921,남,47.0,스탠다드,14890.0,20,27.0,7.0,0,10,0
C00922,남,49.0,프리미엄,24818.0,57,29.0,1.0,1,17,0
C00923,여,25.0,프리미엄,25204.0,5,29.0,10.0,3,0,0
C00924,남,33.0,스탠다드,16993.0,51,14.0,15.0,0,12,0
C00925,여,48.0,프리미엄,23770.0,12,30.0,1.0,2,7,0
C00926,남,40.0,베이직,9866.0,59,10.0,82.0,6,0,1
C00927,여,36.0,베이직,11142.0,42,20.0,3.0,0,9,0
C00928,여,64.0,베이직,11084.0,53,33.0,4.0,0,11,0
C00929,여,37.0,베이직,10843.0,41,15.0,2.0,0,12,0
C00930,남,,베이직,9623.0,32,23.0,3.0,0,7,0
C00931,남,24.0,스탠다드,16703.0,42,5.0,36.0,5,5,1
C00932,여,36.0,스탠다드,15864.0,31,41.0,1.0,0,12,0
C00933,남,53.0,스탠다드,12033.0,37,36.0,9.0,0,8,0
C00934,남,22.0,베이직,10486.0,59,2.0,3.0,2,7,0
C00935,여,51.0,베이직,10208.0,7,6.0,39.0,1,5,1
C00936,여,52.0,프리미엄,22549.0,51,47.0,2.0,1,10,0
C00937,여,49.0,스탠다드,16365.0,2,3.0,38.0,0,3,1
C00938,여,44.0,스탠다드,12029.0,30,23.0,10.0,0,17,0
C00939,여,31.0,스탠다드,15513.0,23,23.0,19.0,2,20,0
C00940,여,42.0,스탠다드,15904.0,53,46.0,1.0,0,5,0
C00941,여,28.0,베이직,11738.0,1,6.0,39.0,3,3,1
C00942,여,59.0,프리미엄,24330.0,28,36.0,1.0,0,6,0
C00943,여,33.0,프리미엄,26503.0,16,4.0,25.0,7,4,1
C00944,여,57.0,스탠다드,17792.0,28,26.0,4.0,2,7,0
C00945,여,31.0,스탠다드,15260.0,48,19.0,1.0,0,10,0
C00946,여,40.0,베이직,,17,19.0,3.0,1,3,0
C00947,여,29.0,프리미엄,25331.0,37,13.0,4.0,1,3,0
C00948,여,31.0,스탠다드,12861.0,13,24.0,13.0,0,8,0
C00949,남,22.0,베이직,12896.0,27,26.0,2.0,1,11,0
C00950,여,59.0,스탠다드,15608.0,34,28.0,1.0,0,9,0
C00951,여,46.0,프리미엄,26112.0,26,32.0,1.0,0,11,0
C00952,남,28.0,프리미엄,24120.0,30,10.0,38.0,0,0,1
C00953,남,55.0,베이직,8083.0,57,32.0,9.0,0,14,0
C00954,여,54.0,베이직,8795.0,37,16.0,26.0,3,1,1
C00955,남,38.0,베이직,11797.0,8,5.0,40.0,0,0,1
C00956,여,42.0,베이직,10739.0,6,28.0,,0,9,0
C00957,여,47.0,스탠다드,17112.0,8,18.0,8.0,2,4,0
C00958,남,62.0,프리미엄,19521.0,18,5.0,69.0,2,1,1
C00959,여,51.0,스탠다드,15652.0,56,12.0,3.0,0,0,0
C00960,여,61.0,스탠다드,15915.0,19,9.0,63.0,0,1,1
C00961,여,59.0,스탠다드,,28,23.0,4.0,0,5,0
C00962,여,30.0,프리미엄,21965.0,12,24.0,1.0,1,12,0
C00963,남,60.0,베이직,5962.0,41,6.0,22.0,5,1,1
C00964,여,39.0,베이직,12348.0,44,15.0,7.0,1,11,0
C00965,여,62.0,베이직,10701.0,18,21.0,9.0,2,9,0
C00966,남,61.0,베이직,10260.0,22,17.0,3.0,1,15,0
C00967,여,65.0,프리미엄,27100.0,20,14.0,1.0,1,18,0
C00968,여,41.0,프리미엄,24921.0,17,21.0,7.0,1,9,0
C00969,여,63.0,베이직,8047.0,11,22.0,2.0,1,15,0
C00970,남,47.0,베이직,12618.0,39,34.0,1.0,1,10,0
C00971,여,32.0,프리미엄,25670.0,20,25.0,1.0,0,3,0
C00972,여,60.0,베이직,8227.0,19,30.0,1.0,2,10,0
C00973,남,34.0,스탠다드,15076.0,6,11.0,8.0,1,14,0
C00974,여,48.0,프리미엄,24374.0,49,36.0,10.0,0,13,0
C00975,남,63.0,프리미엄,25618.0,53,20.0,9.0,0,11,0
C00976,여,28.0,프리미엄,28165.0,34,9.0,3.0,2,11,0
C00977,여,58.0,스탠다드,14514.0,60,15.0,12.0,0,4,0
C00978,남,24.0,스탠다드,15660.0,50,25.0,15.0,2,12,0
C00979,남,33.0,베이직,9761.0,43,14.0,2.0,1,11,0
C00980,남,37.0,베이직,9233.0,16,23.0,1.0,1,11,0
C00981,여,28.0,베이직,8388.0,1,18.0,1.0,1,8,0
C00982,여,51.0,스탠다드,14336.0,6,18.0,6.0,0,9,0
C00983,여,57.0,스탠다드,17187.0,54,11.0,57.0,6,1,1
C00984,남,65.0,스탠다드,,54,36.0,1.0,2,10,0
C00985,여,27.0,스탠다드,18556.0,10,21.0,10.0,1,12,0
C00986,남,25.0,스탠다드,13466.0,31,23.0,2.0,1,10,0
C00987,남,51.0,스탠다드,13659.0,49,23.0,12.0,2,6,0
C00988,남,55.0,프리미엄,29257.0,46,25.0,1.0,2,7,0
C00989,여,48.0,스탠다드,16768.0,48,20.0,9.0,1,15,0
C00990,여,46.0,베이직,9227.0,18,34.0,5.0,0,8,0
C00991,남,65.0,베이직,12164.0,58,0.0,14.0,5,4,1
C00992,여,43.0,베이직,6783.0,4,17.0,1.0,0,8,0
C00993,남,43.0,베이직,8028.0,3,6.0,59.0,4,0,1
C00994,여,24.0,스탠다드,14959.0,30,22.0,3.0,0,12,0
C00995,여,55.0,스탠다드,19194.0,1,6.0,52.0,4,2,1
C00996,남,24.0,프리미엄,25670.0,40,12.0,47.0,3,5,1
C00997,여,41.0,프리미엄,27239.0,30,45.0,10.0,1,6,0
C00998,여,31.0,스탠다드,15411.0,21,13.0,1.0,1,7,0
C00999,여,60.0,스탠다드,13060.0,20,12.0,1.0,0,19,0
C01000,여,42.0,베이직,10148.0,15,23.0,2.0,1,17,0
C01001,남,63.0,스탠다드,,31,10.0,9.0,1,20,0
C01002,남,60.0,베이직,10147.0,53,17.0,2.0,3,9,0
C01003,남,46.0,베이직,10180.0,53,36.0,6.0,0,7,0
C01004,남,51.0,프리미엄,27774.0,21,16.0,1.0,1,19,0
C01005,남,58.0,프리미엄,24156.0,20,15.0,4.0,2,3,0
C01006,남,43.0,프리미엄,27810.0,46,30.0,3.0,0,14,0
C01007,남,26.0,프리미엄,27712.0,29,9.0,9.0,3,0,1
C01008,여,26.0,베이직,9296.0,15,15.0,16.0,4,1,1
C01009,남,65.0,프리미엄,22368.0,9,12.0,4.0,3,12,0
C01010,여,34.0,베이직,10772.0,23,3.0,7.0,0,0,0
C01011,남,27.0,베이직,11280.0,21,18.0,1.0,1,0,0
C01012,남,43.0,베이직,10014.0,11,23.0,6.0,2,7,0
C01013,여,45.0,베이직,9637.0,18,0.0,68.0,2,4,1
C01014,여,55.0,베이직,11858.0,19,35.0,1.0,0,5,0
C01015,여,42.0,베이직,11817.0,30,19.0,4.0,2,13,0
C01016,남,62.0,프리미엄,23824.0,37,26.0,5.0,0,9,0
C01017,여,47.0,프리미엄,21652.0,56,31.0,15.0,0,9,0
C01018,여,61.0,프리미엄,23545.0,42,33.0,4.0,0,3,0
C01019,여,,프리미엄,,32,15.0,3.0,2,7,0
C01020,여,37.0,베이직,6512.0,33,4.0,39.0,5,2,1
C01021,여,31.0,프리미엄,22414.0,11,17.0,3.0,0,9,0
C01022,남,54.0,스탠다드,13892.0,28,1.0,56.0,5,1,1
C01023,남,42.0,스탠다드,11611.0,35,10.0,50.0,6,1,1
C01024,남,43.0,베이직,8601.0,33,42.0,1.0,1,7,0
C01025,여,40.0,프리미엄,26226.0,57,25.0,1.0,1,9,0
C01026,남,30.0,스탠다드,17433.0,34,2.0,34.0,5,1,1
C01027,여,33.0,스탠다드,13702.0,13,36.0,1.0,2,2,0
C01028,여,27.0,스탠다드,15265.0,31,36.0,1.0,1,11,0
C01029,남,41.0,베이직,7953.0,49,33.0,4.0,2,10,0
C01030,여,41.0,베이직,9770.0,26,18.0,8.0,3,0,0
C01031,여,26.0,프리미엄,26373.0,49,18.0,1.0,0,9,0
C01032,남,44.0,프리미엄,23497.0,2,17.0,,1,2,1
C01033,남,38.0,스탠다드,10797.0,49,28.0,1.0,0,11,0
C01034,남,47.0,스탠다드,19226.0,8,31.0,2.0,0,13,0
C01035,남,61.0,베이직,8238.0,39,17.0,10.0,0,12,0
C01036,여,53.0,스탠다드,14407.0,17,31.0,7.0,1,9,0
C01037,남,52.0,스탠다드,12437.0,53,12.0,57.0,5,5,1
C01038,여,40.0,스탠다드,12031.0,41,7.0,1.0,2,4,0
C01039,여,36.0,베이직,12896.0,58,,29.0,3,4,1
C01040,남,46.0,프리미엄,27337.0,15,32.0,11.0,0,7,0
C01041,남,26.0,프리미엄,26347.0,38,42.0,1.0,1,7,0
C01042,남,40.0,베이직,11886.0,49,33.0,1.0,1,4,0
C01043,여,34.0,베이직,10391.0,41,23.0,1.0,2,2,1
C01044,여,25.0,스탠다드,15233.0,42,35.0,7.0,0,12,0
C01045,여,56.0,베이직,9633.0,34,10.0,44.0,5,3,1
C01046,남,44.0,스탠다드,16901.0,30,8.0,37.0,5,5,1
C01047,남,61.0,스탠다드,16048.0,45,17.0,16.0,0,12,0
C01048,여,49.0,스탠다드,15104.0,41,29.0,2.0,1,13,0
C01049,남,,베이직,9073.0,54,8.0,27.0,6,1,1
C01050,남,42.0,스탠다드,14592.0,3,0.0,37.0,0,4,1
C01051,여,43.0,베이직,7405.0,34,5.0,47.0,2,4,1
C01052,여,23.0,베이직,12860.0,2,27.0,7.0,2,2,0
C01053,여,53.0,베이직,10058.0,34,10.0,10.0,1,13,0
C01054,여,44.0,스탠다드,14092.0,31,11.0,,0,5,0
C01055,여,35.0,스탠다드,13960.0,36,37.0,1.0,1,11,0
C01056,여,35.0,베이직,8730.0,30,4.0,35.0,2,4,1
C01057,남,47.0,베이직,11397.0,43,16.0,6.0,0,12,0
C01058,남,61.0,프리미엄,24420.0,50,22.0,1.0,2,14,0
C01059,남,58.0,베이직,13642.0,18,6.0,33.0,3,3,1
C01060,여,21.0,프리미엄,24340.0,8,43.0,1.0,0,11,0
C01061,여,60.0,베이직,7634.0,16,44.0,1.0,1,10,0
C01062,남,31.0,프리미엄,27648.0,58,6.0,43.0,3,2,1
C01063,남,21.0,프리미엄,23638.0,40,11.0,9.0,1,5,0
C01064,남,54.0,스탠다드,11984.0,51,27.0,8.0,0,0,0
C01065,여,32.0,베이직,10190.0,50,7.0,32.0,8,3,1
C01066,여,25.0,스탠다드,13015.0,34,29.0,14.0,1,15,0
C01067,남,54.0,프리미엄,23782.0,5,24.0,,2,7,0
C01068,남,32.0,베이직,10286.0,41,29.0,4.0,0,11,0
C01069,여,23.0,베이직,5000.0,18,19.0,10.0,1,5,0
C01070,여,25.0,베이직,8007.0,32,4.0,17.0,1,4,1
C01071,여,32.0,베이직,9149.0,60,23.0,10.0,1,0,0
C01072,남,28.0,프리미엄,25761.0,6,27.0,7.0,0,17,0
C01073,여,49.0,베이직,11169.0,54,18.0,7.0,0,7,0
C01074,남,23.0,베이직,10775.0,56,21.0,2.0,1,6,0
C01075,남,32.0,프리미엄,24714.0,21,16.0,5.0,1,10,0
C01076,여,20.0,베이직,9032.0,60,40.0,9.0,1,12,0
C01077,남,39.0,베이직,8772.0,50,24.0,8.0,1,8,0
C01078,남,29.0,스탠다드,12513.0,30,14.0,1.0,1,20,0
C01079,여,44.0,베이직,11964.0,20,35.0,11.0,1,12,0
C01080,여,30.0,프리미엄,23524.0,3,26.0,1.0,0,9,0
C01081,남,33.0,베이직,9695.0,34,18.0,10.0,0,9,0
C01082,여,50.0,스탠다드,18463.0,32,33.0,13.0,0,9,0
C01083,여,44.0,프리미엄,25004.0,54,30.0,5.0,3,12,0
C01084,남,51.0,베이직,7839.0,39,15.0,1.0,1,15,0
C01085,여,21.0,스탠다드,13770.0,38,15.0,1.0,0,16,0
C01086,여,60.0,베이직,9592.0,42,9.0,1.0,1,15,0
C01087,남,53.0,베이직,13630.0,36,9.0,6.0,2,7,0
C01088,남,38.0,베이직,10979.0,44,40.0,4.0,1,17,0
C01089,남,44.0,스탠다드,14861.0,14,6.0,9.0,0,8,0
C01090,여,62.0,베이직,10754.0,58,3.0,7.0,0,2,1
C01091,여,56.0,베이직,10963.0,24,26.0,11.0,1,4,0
C01092,여,25.0,스탠다드,19281.0,22,35.0,5.0,0,13,0
C01093,여,61.0,프리미엄,22005.0,25,8.0,51.0,4,1,1
C01094,여,32.0,베이직,11198.0,2,25.0,13.0,1,5,0
C01095,여,35.0,프리미엄,24289.0,43,16.0,7.0,0,6,0
C01096,남,27.0,프리미엄,26298.0,53,16.0,12.0,3,5,0
C01097,남,33.0,프리미엄,25131.0,10,23.0,,1,12,0
C01098,남,36.0,베이직,10217.0,50,24.0,11.0,1,6,0
C01099,여,31.0,프리미엄,25536.0,22,15.0,7.0,1,4,0
C01100,여,25.0,스탠다드,17120.0,45,30.0,1.0,2,1,0
C01101,여,55.0,스탠다드,12855.0,53,34.0,9.0,0,8,0
C01102,여,24.0,베이직,7817.0,22,8.0,60.0,7,4,1
C01103,여,20.0,베이직,8338.0,6,22.0,3.0,0,3,0
C01104,여,21.0,프리미엄,28973.0,57,9.0,1.0,0,0,0
C01105,여,59.0,베이직,12176.0,22,11.0,62.0,3,2,1
C01106,남,53.0,스탠다드,13935.0,32,25.0,,2,15,0
C01107,남,60.0,스탠다드,14776.0,7,29.0,16.0,0,14,0
C01108,남,20.0,스탠다드,14351.0,39,31.0,1.0,2,7,0
C01109,여,20.0,프리미엄,29756.0,34,11.0,4.0,1,12,0
C01110,남,45.0,프리미엄,21376.0,58,19.0,8.0,0,13,0
C01111,남,47.0,베이직,9866.0,46,23.0,9.0,0,0,0
C01112,남,51.0,스탠다드,17521.0,36,31.0,8.0,0,6,0
C01113,남,,베이직,9147.0,26,18.0,5.0,1,5,0
C01114,여,38.0,프리미엄,26350.0,3,29.0,11.0,0,4,0
C01115,여,25.0,베이직,11045.0,14,10.0,2.0,3,1,1
C01116,여,65.0,베이직,14605.0,18,17.0,1.0,1,3,0
C01117,여,24.0,베이직,6557.0,18,22.0,9.0,3,0,0
C01118,남,39.0,스탠다드,12295.0,11,29.0,4.0,0,10,0
C01119,남,49.0,스탠다드,17873.0,26,39.0,9.0,0,7,0
C01120,남,51.0,베이직,8252.0,15,26.0,4.0,1,0,0
C01121,남,37.0,스탠다드,11614.0,25,38.0,2.0,0,8,0
C01122,남,62.0,프리미엄,22861.0,15,39.0,1.0,0,7,0
C01123,남,24.0,스탠다드,14431.0,37,14.0,1.0,0,10,0
C01124,남,23.0,스탠다드,20390.0,22,21.0,4.0,0,6,0
C01125,남,20.0,베이직,12320.0,30,12.0,34.0,1,4,1
C01126,여,40.0,베이직,10853.0,27,33.0,2.0,0,20,0
C01127,남,20.0,스탠다드,15686.0,58,27.0,2.0,0,9,0
C01128,여,27.0,프리미엄,,21,30.0,4.0,1,14,0
C01129,남,38.0,프리미엄,22306.0,2,8.0,7.0,1,8,0
C01130,여,59.0,스탠다드,16524.0,2,21.0,5.0,0,16,0
C01131,남,40.0,스탠다드,19019.0,13,12.0,55.0,7,3,1
C01132,여,24.0,프리미엄,,30,26.0,4.0,2,7,0
C01133,남,63.0,프리미엄,23713.0,31,31.0,1.0,3,12,0
C01134,여,56.0,스탠다드,17018.0,33,25.0,4.0,1,10,0
C01135,남,52.0,베이직,12350.0,46,34.0,7.0,0,15,0
C01136,남,,스탠다드,16610.0,18,25.0,7.0,0,13,0
C01137,남,29.0,프리미엄,20014.0,28,50.0,1.0,0,12,0
C01138,남,53.0,프리미엄,26565.0,7,31.0,1.0,1,0,0
C01139,여,59.0,베이직,5989.0,42,23.0,1.0,0,5,0
C01140,남,49.0,베이직,8758.0,24,14.0,1.0,0,12,0
C01141,남,46.0,프리미엄,22883.0,43,9.0,1.0,1,9,0
C01142,여,61.0,베이직,7603.0,57,1.0,61.0,3,6,1
C01143,남,26.0,베이직,6916.0,21,34.0,1.0,0,13,0
C01144,남,57.0,베이직,11362.0,52,33.0,5.0,2,16,0
C01145,남,54.0,스탠다드,15488.0,12,46.0,9.0,1,11,0
C01146,남,31.0,베이직,8013.0,6,22.0,5.0,0,12,0
C01147,남,40.0,베이직,10405.0,14,21.0,1.0,0,0,0
C01148,남,51.0,베이직,9184.0,32,25.0,7.0,0,0,0
C01149,여,41.0,프리미엄,23301.0,11,25.0,9.0,0,7,0
C01150,남,33.0,스탠다드,17176.0,27,29.0,5.0,1,7,0
C01151,여,37.0,스탠다드,14358.0,17,2.0,1.0,0,0,0
C01152,남,47.0,프리미엄,22060.0,31,27.0,3.0,0,3,0
C01153,여,27.0,스탠다드,17785.0,56,38.0,10.0,0,3,0
C01154,여,46.0,베이직,10532.0,40,7.0,24.0,1,3,1
C01155,여,,베이직,12649.0,2,11.0,7.0,0,8,0
C01156,여,59.0,스탠다드,15711.0,19,29.0,1.0,1,16,0
C01157,여,48.0,스탠다드,15728.0,53,27.0,1.0,1,13,0
C01158,여,44.0,스탠다드,16723.0,51,34.0,4.0,0,13,0
C01159,여,28.0,베이직,12502.0,33,20.0,,0,7,0
C01160,여,29.0,스탠다드,17454.0,13,6.0,9.0,0,9,0
C01161,여,50.0,프리미엄,22896.0,2,29.0,,1,11,0
C01162,남,59.0,스탠다드,19546.0,50,34.0,11.0,0,9,0
C01163,여,21.0,스탠다드,15783.0,38,35.0,13.0,0,4,0
C01164,남,58.0,스탠다드,16309.0,2,13.0,65.0,1,4,1
C01165,여,53.0,스탠다드,15684.0,36,22.0,9.0,0,0,0
C01166,남,33.0,프리미엄,24303.0,35,34.0,8.0,0,15,0
C01167,여,51.0,베이직,6916.0,26,25.0,2.0,0,15,0
C01168,여,28.0,스탠다드,13757.0,31,31.0,1.0,0,9,0
C01169,남,32.0,베이직,10042.0,32,28.0,1.0,0,9,0
C01170,여,59.0,스탠다드,12882.0,16,15.0,3.0,2,12,0
C01171,여,33.0,베이직,11406.0,9,50.0,3.0,0,12,0
C01172,여,65.0,베이직,5188.0,39,9.0,29.0,5,3,1
C01173,남,63.0,베이직,8730.0,28,31.0,1.0,0,10,0
C01174,남,50.0,베이직,9942.0,18,23.0,2.0,0,10,0
C01175,여,61.0,스탠다드,16981.0,5,21.0,7.0,0,20,0
C01176,여,29.0,스탠다드,14267.0,48,38.0,,1,20,0
C01177,여,27.0,프리미엄,26212.0,17,11.0,25.0,4,2,1
C01178,남,52.0,스탠다드,14088.0,3,29.0,6.0,2,11,0
C01179,여,23.0,스탠다드,13550.0,5,27.0,5.0,0,12,0
C01180,남,32.0,스탠다드,16880.0,14,37.0,1.0,0,6,0
C01181,여,35.0,스탠다드,15493.0,27,6.0,1.0,0,7,0
C01182,남,28.0,프리미엄,23890.0,48,13.0,12.0,0,13,0
C01183,여,31.0,베이직,12574.0,16,30.0,6.0,1,6,0
C01184,여,24.0,베이직,9008.0,16,31.0,15.0,1,10,0
C01185,남,41.0,스탠다드,16067.0,15,43.0,2.0,0,5,0
C01186,여,42.0,스탠다드,15284.0,32,16.0,4.0,2,11,0
C01187,남,55.0,베이직,9476.0,19,22.0,4.0,0,8,0
C01188,여,26.0,베이직,10079.0,21,0.0,47.0,2,3,1
C01189,남,55.0,베이직,8564.0,16,,4.0,0,5,0
C01190,남,44.0,프리미엄,22962.0,60,34.0,2.0,0,6,0
C01191,여,47.0,베이직,9923.0,21,4.0,61.0,2,4,1
C01192,남,37.0,프리미엄,25467.0,14,23.0,1.0,1,7,0
C01193,남,23.0,스탠다드,17017.0,59,3.0,56.0,4,2,1
C01194,여,52.0,베이직,12438.0,31,4.0,61.0,6,5,1
C01195,남,42.0,스탠다드,14357.0,39,27.0,10.0,0,12,0
C01196,여,24.0,베이직,10775.0,52,,1.0,2,20,0
C01197,여,36.0,프리미엄,28836.0,14,14.0,1.0,2,14,0
C01198,남,20.0,프리미엄,24176.0,41,6.0,41.0,4,3,1
C01199,남,36.0,베이직,9122.0,45,7.0,10.0,0,3,0
C01200,남,38.0,베이직,5000.0,21,12.0,1.0,0,9,0
C01201,남,38.0,프리미엄,25807.0,11,29.0,1.0,1,14,0
C01202,여,36.0,스탠다드,16260.0,57,38.0,14.0,0,9,0
C01203,남,54.0,베이직,9100.0,29,38.0,7.0,1,4,0
C01204,여,27.0,베이직,9103.0,21,31.0,12.0,1,1,0
C01205,여,50.0,베이직,8727.0,32,34.0,5.0,2,16,0
C01206,남,49.0,프리미엄,22098.0,45,36.0,11.0,0,2,0
C01207,남,63.0,스탠다드,17222.0,30,40.0,5.0,0,9,0
C01208,여,40.0,베이직,8806.0,47,16.0,11.0,1,15,0
C01209,남,22.0,스탠다드,12772.0,8,12.0,1.0,0,9,0
C01210,여,57.0,스탠다드,12912.0,4,46.0,8.0,1,5,0
C01211,여,22.0,스탠다드,14612.0,6,10.0,1.0,0,14,0
C01212,남,25.0,베이직,8360.0,20,15.0,1.0,0,10,0
C01213,남,27.0,프리미엄,28388.0,50,7.0,39.0,2,2,1
C01214,남,45.0,스탠다드,17261.0,49,16.0,9.0,1,5,0
C01215,남,61.0,프리미엄,23099.0,54,29.0,8.0,1,5,0
C01216,여,42.0,프리미엄,24311.0,37,40.0,5.0,1,11,0
C01217,남,42.0,프리미엄,25060.0,10,2.0,68.0,3,4,1
C01218,남,37.0,스탠다드,15388.0,30,33.0,1.0,0,5,0
C01219,여,54.0,베이직,9250.0,39,28.0,3.0,2,13,0
C01220,남,59.0,프리미엄,26415.0,1,14.0,1.0,0,14,0
C01221,남,52.0,베이직,12435.0,40,17.0,46.0,2,5,1
C01222,여,45.0,베이직,8152.0,50,17.0,3.0,1,6,0
C01223,남,54.0,스탠다드,17703.0,57,16.0,1.0,0,17,0
C01224,여,46.0,베이직,7661.0,38,27.0,5.0,0,13,0
C01225,여,35.0,베이직,12886.0,43,25.0,4.0,2,8,0
C01226,남,,베이직,12491.0,31,29.0,4.0,2,9,0
C01227,남,27.0,프리미엄,24450.0,27,38.0,6.0,0,15,0
C01228,여,33.0,스탠다드,17330.0,21,25.0,9.0,2,13,0
C01229,남,30.0,스탠다드,12287.0,52,18.0,1.0,1,12,0
C01230,여,48.0,스탠다드,13649.0,47,,16.0,3,4,1
C01231,여,38.0,베이직,9512.0,10,34.0,5.0,0,11,0
C01232,여,53.0,프리미엄,24107.0,4,3.0,52.0,1,3,1
C01233,남,64.0,프리미엄,21093.0,11,23.0,2.0,1,6,0
C01234,남,60.0,베이직,9110.0,50,13.0,12.0,1,8,0
C01235,남,60.0,스탠다드,15948.0,52,20.0,3.0,0,5,0
C01236,남,35.0,베이직,9732.0,11,15.0,102.0,7,1,1
C01237,남,46.0,베이직,9318.0,31,26.0,15.0,1,9,0
C01238,남,60.0,스탠다드,19384.0,27,15.0,6.0,0,19,0
C01239,여,57.0,스탠다드,12112.0,30,23.0,2.0,1,9,0
C01240,여,,스탠다드,13445.0,14,26.0,8.0,1,11,0
C01241,남,25.0,스탠다드,14085.0,30,43.0,7.0,1,15,0
C01242,여,40.0,베이직,11623.0,39,38.0,3.0,0,19,0
C01243,여,45.0,스탠다드,15900.0,28,34.0,4.0,1,11,0
C01244,남,28.0,스탠다드,14989.0,25,19.0,13.0,0,13,0
C01245,여,43.0,스탠다드,15212.0,44,29.0,7.0,0,20,0
C01246,여,28.0,프리미엄,22923.0,46,1.0,45.0,2,3,1
C01247,남,65.0,프리미엄,22206.0,36,5.0,57.0,6,5,1
C01248,여,43.0,스탠다드,15324.0,43,19.0,2.0,0,15,0
C01249,여,51.0,프리미엄,26816.0,56,31.0,5.0,0,13,0
C01250,여,44.0,스탠다드,13873.0,8,0.0,35.0,2,2,1
C01251,여,29.0,베이직,9373.0,26,42.0,6.0,0,0,0
C01252,남,52.0,프리미엄,,33,29.0,7.0,0,12,0
C01253,여,51.0,베이직,11374.0,19,3.0,30.0,5,3,1
C01254,여,,베이직,9815.0,47,16.0,6.0,0,14,0
C01255,여,43.0,프리미엄,21483.0,49,25.0,7.0,0,10,0
C01256,여,47.0,스탠다드,13998.0,36,22.0,12.0,0,12,0
C01257,여,61.0,프리미엄,27766.0,4,8.0,43.0,3,0,1
C01258,남,31.0,베이직,10197.0,12,6.0,1.0,0,6,0
C01259,남,50.0,베이직,11038.0,3,20.0,5.0,1,6,0
C01260,여,30.0,베이직,8539.0,1,3.0,51.0,6,5,1
C01261,여,45.0,스탠다드,16281.0,20,28.0,7.0,0,6,0
C01262,여,54.0,스탠다드,16723.0,25,33.0,7.0,0,2,0
C01263,남,24.0,프리미엄,23083.0,45,31.0,4.0,0,13,0
C01264,남,23.0,스탠다드,14146.0,12,31.0,14.0,2,15,0
C01265,남,50.0,스탠다드,13775.0,32,5.0,5.0,0,15,0
C01266,여,47.0,프리미엄,26990.0,4,34.0,1.0,0,0,0
C01267,남,25.0,베이직,12511.0,44,15.0,1.0,0,6,0
C01268,남,42.0,프리미엄,23600.0,51,20.0,1.0,0,9,0
C01269,여,41.0,프리미엄,22892.0,6,15.0,4.0,0,2,0
C01270,남,52.0,베이직,8798.0,27,36.0,1.0,0,12,0
C01271,여,23.0,베이직,10871.0,17,10.0,42.0,2,4,1
C01272,여,57.0,베이직,7556.0,60,22.0,7.0,0,13,0
C01273,남,37.0,프리미엄,25788.0,10,28.0,6.0,1,13,0
C01274,여,27.0,베이직,,14,16.0,7.0,2,10,0
C01275,남,20.0,프리미엄,24945.0,8,31.0,6.0,0,7,0
C01276,여,27.0,프리미엄,24761.0,34,23.0,7.0,0,6,0
C01277,여,35.0,프리미엄,24700.0,60,23.0,9.0,0,16,0
C01278,여,22.0,프리미엄,23184.0,12,5.0,1.0,0,14,0
C01279,남,46.0,스탠다드,16577.0,20,33.0,3.0,1,7,0
C01280,여,33.0,베이직,9735.0,35,35.0,3.0,0,10,0
C01281,여,36.0,스탠다드,13045.0,49,14.0,7.0,1,0,0
C01282,남,57.0,베이직,10244.0,40,27.0,6.0,1,16,0
C01283,여,20.0,프리미엄,23427.0,38,10.0,21.0,2,2,1
C01284,남,53.0,프리미엄,26431.0,40,37.0,4.0,1,16,0
C01285,여,31.0,베이직,11360.0,41,11.0,98.0,2,2,1
C01286,남,35.0,스탠다드,16731.0,4,6.0,48.0,2,4,1
C01287,여,48.0,베이직,8752.0,44,41.0,4.0,0,10,0
C01288,여,64.0,베이직,8070.0,34,23.0,2.0,0,8,0
C01289,여,32.0,스탠다드,14292.0,5,32.0,4.0,2,8,0
C01290,여,61.0,베이직,8867.0,52,29.0,4.0,0,12,0
C01291,남,65.0,스탠다드,18374.0,12,32.0,15.0,0,17,0
C01292,여,59.0,스탠다드,14923.0,50,15.0,9.0,0,10,0
C01293,여,40.0,스탠다드,16302.0,5,26.0,1.0,0,10,0
C01294,여,51.0,프리미엄,27345.0,58,6.0,23.0,4,2,1
C01295,남,38.0,스탠다드,17767.0,32,27.0,11.0,2,7,0
C01296,남,57.0,스탠다드,13839.0,52,25.0,9.0,1,6,0
C01297,여,34.0,베이직,5820.0,49,10.0,40.0,3,0,1
C01298,남,65.0,스탠다드,17503.0,23,2.0,6.0,1,14,0
C01299,남,32.0,베이직,8329.0,48,14.0,33.0,2,1,1
C01300,여,53.0,스탠다드,16281.0,13,42.0,5.0,1,4,0
C01301,남,44.0,베이직,9334.0,48,33.0,2.0,0,8,0
C01302,여,63.0,스탠다드,19056.0,30,,13.0,1,6,0
C01303,여,38.0,프리미엄,25205.0,36,8.0,38.0,2,3,1
C01304,남,31.0,베이직,9394.0,39,20.0,2.0,2,7,0
C01305,여,36.0,베이직,10647.0,53,28.0,5.0,0,15,0
C01306,여,24.0,스탠다드,18365.0,59,22.0,6.0,1,5,0
C01307,여,57.0,스탠다드,14668.0,3,24.0,6.0,0,19,0
C01308,여,28.0,베이직,7172.0,28,22.0,7.0,1,8,0
C01309,여,55.0,프리미엄,22689.0,43,27.0,15.0,1,9,0
C01310,여,32.0,프리미엄,25979.0,15,46.0,8.0,1,1,0
C01311,여,49.0,스탠다드,14978.0,48,18.0,10.0,1,16,0
C01312,여,53.0,프리미엄,24270.0,6,6.0,60.0,3,8,1
C01313,여,38.0,베이직,9832.0,5,8.0,7.0,0,3,0
C01314,여,26.0,프리미엄,27196.0,13,12.0,4.0,1,14,0
C01315,남,35.0,프리미엄,25318.0,1,4.0,61.0,4,2,1
C01316,여,60.0,스탠다드,14361.0,33,22.0,1.0,0,8,0
C01317,남,21.0,베이직,7457.0,56,38.0,,2,2,0
C01318,여,26.0,프리미엄,25522.0,17,17.0,4.0,3,17,0
C01319,남,52.0,베이직,8847.0,34,30.0,4.0,1,3,0
C01320,여,64.0,스탠다드,16502.0,20,18.0,3.0,0,5,0
C01321,남,52.0,프리미엄,27625.0,46,26.0,2.0,1,18,0
C01322,여,28.0,스탠다드,12381.0,59,37.0,1.0,0,10,0
C01323,남,25.0,베이직,7002.0,58,35.0,1.0,0,20,0
C01324,여,23.0,프리미엄,24695.0,49,32.0,6.0,3,6,0
C01325,여,41.0,스탠다드,15567.0,18,25.0,1.0,1,11,0
C01326,남,43.0,프리미엄,25759.0,56,14.0,1.0,2,9,0
C01327,남,22.0,프리미엄,27599.0,36,22.0,5.0,2,18,0
C01328,남,22.0,프리미엄,23234.0,21,9.0,3.0,0,10,0
C01329,여,32.0,프리미엄,22768.0,2,29.0,13.0,0,5,0
C01330,여,,베이직,14020.0,39,25.0,1.0,3,12,0
C01331,여,46.0,베이직,9884.0,19,,12.0,0,2,0
C01332,남,50.0,스탠다드,12314.0,55,29.0,6.0,0,7,0
C01333,여,45.0,스탠다드,12935.0,56,9.0,36.0,4,3,1
C01334,남,57.0,프리미엄,25101.0,38,31.0,1.0,1,13,0
C01335,남,40.0,스탠다드,15470.0,55,20.0,1.0,1,12,0
C01336,여,58.0,스탠다드,13852.0,58,37.0,1.0,0,4,0
C01337,여,40.0,베이직,9337.0,37,31.0,10.0,0,12,0
C01338,여,26.0,베이직,9684.0,32,38.0,1.0,0,12,0
C01339,여,44.0,프리미엄,25711.0,34,25.0,7.0,0,14,0
C01340,여,35.0,프리미엄,27572.0,30,23.0,5.0,0,9,0
C01341,여,63.0,프리미엄,26699.0,39,38.0,10.0,1,8,0
C01342,남,29.0,프리미엄,20337.0,12,39.0,9.0,2,15,0
C01343,남,30.0,스탠다드,17048.0,13,15.0,13.0,1,19,0
C01344,남,38.0,베이직,7507.0,41,15.0,7.0,0,10,0
C01345,남,46.0,베이직,12318.0,22,18.0,26.0,5,4,1
C01346,여,49.0,베이직,12518.0,43,,30.0,6,1,1
C01347,여,,스탠다드,15981.0,33,20.0,7.0,0,9,0
C01348,남,27.0,베이직,15844.0,5,31.0,6.0,0,10,0
C01349,남,33.0,프리미엄,22742.0,51,34.0,1.0,0,6,0
C01350,남,63.0,베이직,11427.0,35,13.0,13.0,1,5,0
C01351,남,32.0,베이직,10140.0,32,23.0,8.0,0,11,0
C01352,여,41.0,프리미엄,25448.0,26,26.0,1.0,0,7,0
C01353,남,45.0,베이직,10877.0,19,18.0,4.0,2,20,0
C01354,여,28.0,베이직,9799.0,9,18.0,14.0,1,19,0
C01355,여,56.0,스탠다드,15793.0,37,23.0,11.0,2,13,0
C01356,여,38.0,스탠다드,13108.0,45,19.0,1.0,2,14,0
C01357,남,27.0,스탠다드,11648.0,25,16.0,1.0,0,19,0
C01358,남,30.0,베이직,9161.0,18,50.0,5.0,1,12,0
C01359,여,33.0,프리미엄,28574.0,39,37.0,10.0,1,13,0
C01360,남,41.0,베이직,6493.0,45,20.0,8.0,0,11,0
C01361,남,39.0,스탠다드,16232.0,20,27.0,7.0,0,11,0
C01362,여,48.0,베이직,12235.0,52,38.0,1.0,1,1,0
C01363,여,30.0,베이직,9524.0,34,13.0,37.0,4,5,1
C01364,남,61.0,스탠다드,15721.0,48,38.0,1.0,1,10,0
C01365,남,58.0,베이직,10527.0,35,18.0,1.0,1,6,0
C01366,남,36.0,프리미엄,26698.0,35,16.0,1.0,0,7,0
C01367,여,52.0,베이직,10677.0,1,31.0,7.0,1,13,0
C01368,남,33.0,스탠다드,17802.0,11,16.0,10.0,1,10,0
C01369,여,63.0,스탠다드,,28,23.0,12.0,0,9,0
C01370,남,25.0,프리미엄,27398.0,4,6.0,42.0,3,3,1
C01371,여,35.0,스탠다드,16055.0,13,,1.0,1,18,0
C01372,여,37.0,프리미엄,24749.0,56,31.0,9.0,2,16,0
C01373,여,32.0,베이직,8721.0,33,7.0,6.0,1,12,0
C01374,남,29.0,베이직,10175.0,9,6.0,70.0,1,2,1
C01375,여,22.0,프리미엄,25358.0,10,19.0,4.0,0,15,0
C01376,남,58.0,프리미엄,25050.0,21,11.0,7.0,0,0,0
C01377,여,43.0,스탠다드,11482.0,27,3.0,73.0,2,0,1
C01378,남,,프리미엄,27241.0,45,33.0,7.0,0,11,0
C01379,여,46.0,베이직,9914.0,60,26.0,6.0,1,8,0
C01380,여,24.0,스탠다드,12934.0,11,45.0,10.0,0,15,0
C01381,남,43.0,베이직,11534.0,12,33.0,2.0,0,3,0
C01382,여,52.0,베이직,8241.0,45,37.0,2.0,1,9,0
C01383,여,29.0,스탠다드,13139.0,7,14.0,39.0,1,0,1
C01384,여,63.0,베이직,7892.0,9,18.0,7.0,2,8,0
C01385,여,65.0,프리미엄,19027.0,22,30.0,1.0,1,2,0
C01386,여,51.0,베이직,8856.0,9,0.0,7.0,1,20,0
C01387,남,53.0,프리미엄,25685.0,18,26.0,2.0,0,7,0
C01388,남,55.0,스탠다드,18201.0,57,34.0,2.0,1,0,0
C01389,남,33.0,베이직,6393.0,28,28.0,13.0,0,10,0
C01390,여,61.0,스탠다드,14962.0,55,45.0,1.0,0,4,0
C01391,남,29.0,스탠다드,15098.0,6,36.0,7.0,0,11,0
C01392,여,36.0,베이직,11801.0,11,9.0,17.0,1,4,1
C01393,남,25.0,스탠다드,16754.0,46,26.0,7.0,0,6,0
C01394,남,37.0,베이직,9643.0,56,22.0,9.0,2,12,0
C01395,여,28.0,프리미엄,26543.0,9,25.0,10.0,1,13,0
C01396,남,57.0,프리미엄,22921.0,58,13.0,6.0,0,8,0
C01397,여,60.0,베이직,9226.0,4,1.0,33.0,0,1,1
C01398,남,34.0,스탠다드,16584.0,7,11.0,30.0,3,3,1
C01399,남,42.0,프리미엄,27228.0,40,15.0,64.0,2,3,1
C01400,여,51.0,스탠다드,16073.0,45,24.0,10.0,0,4,0
C01401,여,39.0,스탠다드,16196.0,57,26.0,1.0,1,14,0
C01402,여,39.0,베이직,9041.0,26,34.0,12.0,0,16,0
C01403,남,47.0,베이직,11041.0,60,36.0,1.0,1,8,0
C01404,남,44.0,스탠다드,15910.0,7,0.0,5.0,1,20,0
C01405,남,54.0,베이직,14373.0,36,25.0,6.0,1,12,0
C01406,남,44.0,베이직,9279.0,13,20.0,1.0,2,1,0
C01407,남,43.0,베이직,8459.0,37,18.0,1.0,2,15,0
C01408,남,31.0,스탠다드,16619.0,5,19.0,1.0,0,10,0
C01409,남,50.0,프리미엄,22527.0,17,23.0,1.0,0,5,0
C01410,남,52.0,스탠다드,16035.0,9,23.0,1.0,2,10,0
C01411,여,23.0,베이직,9505.0,26,9.0,1.0,0,4,0
C01412,남,52.0,스탠다드,17737.0,6,26.0,15.0,2,15,0
C01413,여,60.0,베이직,10127.0,59,27.0,10.0,0,16,0
C01414,여,35.0,스탠다드,16696.0,5,9.0,15.0,1,3,1
C01415,여,24.0,스탠다드,15366.0,46,29.0,1.0,1,19,0
C01416,여,42.0,프리미엄,24048.0,25,40.0,4.0,2,14,0
C01417,남,63.0,베이직,8001.0,31,21.0,7.0,1,13,0
C01418,여,56.0,베이직,9864.0,10,22.0,5.0,0,13,0
C01419,남,25.0,프리미엄,25849.0,16,0.0,7.0,2,20,0
C01420,여,45.0,베이직,5000.0,20,38.0,3.0,0,1,0
C01421,남,30.0,프리미엄,23923.0,18,37.0,7.0,0,4,0
C01422,남,56.0,프리미엄,25389.0,34,,5.0,0,8,0
C01423,남,58.0,프리미엄,24465.0,47,25.0,1.0,0,0,0
C01424,여,56.0,베이직,6858.0,47,35.0,5.0,1,13,0
C01425,여,20.0,베이직,15559.0,45,14.0,8.0,0,8,0
C01426,남,38.0,프리미엄,23893.0,49,,50.0,5,2,1
C01427,남,37.0,베이직,8093.0,31,36.0,1.0,1,6,0
C01428,여,33.0,스탠다드,15520.0,5,43.0,1.0,1,14,0
C01429,남,56.0,스탠다드,13301.0,24,30.0,9.0,0,9,0
C01430,여,63.0,베이직,11836.0,55,27.0,9.0,0,10,0
C01431,여,62.0,스탠다드,15226.0,34,26.0,10.0,1,12,0
C01432,남,52.0,베이직,14272.0,47,39.0,6.0,2,14,0
C01433,여,44.0,스탠다드,15820.0,56,8.0,7.0,2,11,0
C01434,여,49.0,베이직,11995.0,15,23.0,6.0,0,15,0
C01435,남,27.0,스탠다드,15719.0,3,16.0,13.0,8,2,1
C01436,남,65.0,스탠다드,14800.0,31,25.0,6.0,2,7,0
C01437,남,51.0,프리미엄,25525.0,4,19.0,3.0,0,12,0
C01438,남,58.0,스탠다드,14902.0,13,8.0,53.0,3,1,1
C01439,여,58.0,스탠다드,15765.0,53,30.0,,0,11,0
C01440,남,44.0,베이직,9537.0,17,31.0,3.0,0,10,0
C01441,남,54.0,프리미엄,23903.0,12,18.0,11.0,0,1,0
C01442,남,62.0,베이직,5891.0,43,9.0,9.0,2,4,0
C01443,여,23.0,스탠다드,16506.0,39,18.0,1.0,1,6,0
C01444,여,51.0,스탠다드,15859.0,1,22.0,,0,9,0
C01445,남,25.0,스탠다드,15651.0,34,25.0,6.0,2,9,0
C01446,여,48.0,프리미엄,22055.0,57,22.0,5.0,1,12,0
C01447,남,34.0,베이직,6988.0,23,34.0,1.0,0,12,0
C01448,남,63.0,스탠다드,16375.0,8,1.0,1.0,0,16,0
C01449,여,60.0,프리미엄,23634.0,39,30.0,1.0,1,14,0
C01450,여,21.0,스탠다드,14462.0,9,15.0,1.0,2,6,0
C01451,여,55.0,프리미엄,23583.0,54,38.0,1.0,1,10,0
C01452,여,34.0,베이직,9181.0,36,22.0,5.0,1,13,0
C01453,여,47.0,프리미엄,27337.0,23,23.0,1.0,1,15,0
C01454,여,50.0,프리미엄,24210.0,5,8.0,1.0,4,0,1
C01455,남,31.0,스탠다드,13733.0,53,5.0,71.0,5,2,1
C01456,여,22.0,베이직,11858.0,59,35.0,12.0,0,11,0
C01457,남,48.0,베이직,7896.0,41,34.0,7.0,1,7,0
C01458,여,51.0,스탠다드,14109.0,36,21.0,1.0,2,8,0
C01459,남,27.0,베이직,7973.0,49,41.0,9.0,0,13,0
C01460,남,60.0,베이직,9988.0,7,8.0,38.0,6,4,1
C01461,남,27.0,베이직,5777.0,47,20.0,4.0,0,12,0
C01462,남,26.0,프리미엄,26282.0,57,0.0,53.0,9,0,1
C01463,남,56.0,베이직,7043.0,55,30.0,1.0,2,9,0
C01464,남,59.0,베이직,7086.0,39,12.0,43.0,3,2,1
C01465,여,38.0,프리미엄,26792.0,18,29.0,12.0,0,3,0
C01466,여,34.0,스탠다드,15308.0,53,29.0,1.0,0,17,0
C01467,남,56.0,베이직,11067.0,13,18.0,9.0,1,10,0
C01468,여,20.0,베이직,6334.0,3,38.0,7.0,0,15,0
C01469,남,25.0,프리미엄,24977.0,21,26.0,1.0,2,8,0
C01470,여,63.0,스탠다드,17049.0,28,47.0,8.0,0,12,0
C01471,여,25.0,스탠다드,11539.0,13,16.0,11.0,0,17,0
C01472,남,49.0,스탠다드,14430.0,32,43.0,10.0,2,7,0
C01473,남,29.0,베이직,7921.0,11,15.0,11.0,1,10,0
C01474,남,,프리미엄,22398.0,3,41.0,9.0,0,3,0
C01475,남,28.0,베이직,10513.0,2,6.0,43.0,3,2,1
C01476,남,50.0,스탠다드,13103.0,49,49.0,1.0,0,8,0
C01477,여,58.0,스탠다드,15932.0,38,18.0,4.0,2,13,0
C01478,남,41.0,스탠다드,11692.0,35,26.0,1.0,1,12,0
C01479,여,21.0,스탠다드,14639.0,25,19.0,8.0,1,9,0
C01480,여,31.0,프리미엄,22504.0,18,22.0,2.0,0,12,0
C01481,여,21.0,스탠다드,14178.0,1,15.0,5.0,1,6,0
C01482,여,30.0,스탠다드,13515.0,45,,1.0,0,19,0
C01483,여,65.0,스탠다드,13022.0,36,25.0,5.0,2,12,0
C01484,여,42.0,스탠다드,14077.0,45,29.0,1.0,0,14,0
C01485,여,59.0,프리미엄,23640.0,20,5.0,6.0,0,19,0
C01486,여,57.0,베이직,11573.0,26,27.0,6.0,2,10,0
C01487,여,65.0,베이직,10608.0,34,24.0,4.0,1,4,0
C01488,남,37.0,프리미엄,22288.0,11,17.0,3.0,2,10,0
C01489,여,63.0,베이직,11167.0,35,4.0,4.0,0,9,0
C01490,여,20.0,스탠다드,15987.0,48,26.0,3.0,1,6,0
C01491,여,48.0,스탠다드,16420.0,47,13.0,1.0,0,12,0
C01492,여,21.0,베이직,9480.0,25,12.0,20.0,2,4,1
C01493,남,32.0,스탠다드,12556.0,30,29.0,6.0,0,9,0
C01494,남,61.0,스탠다드,17518.0,51,36.0,7.0,3,11,0
C01495,남,31.0,베이직,9713.0,48,32.0,6.0,0,9,0
C01496,남,23.0,프리미엄,26708.0,50,9.0,44.0,2,6,1
C01497,남,59.0,스탠다드,11862.0,15,26.0,9.0,2,6,0
C01498,남,33.0,베이직,8054.0,1,20.0,6.0,2,11,0
C01499,남,29.0,프리미엄,23437.0,10,23.0,1.0,0,5,0
C01500,남,34.0,스탠다드,16949.0,11,26.0,2.0,0,3,0
