면적(㎡),층,건축년도,역세권(분),편의시설수,지역,매매가(만원)
116.7,12.0,2015,16.0,0.0,마포,17012
93.4,4.0,2007,7.0,4.0,송파,15737
70.0,24.0,2014,8.0,4.0,서초,14420
71.2,8.0,2004,26.0,7.0,서초,12354
97.9,11.0,2013,22.0,6.0,서초,15126
104.0,5.0,2023,29.0,2.0,강남,15788
30.0,16.0,2002,12.0,3.0,영등포,6490
41.9,29.0,1999,,10.0,관악,8285
86.5,26.0,1992,29.0,14.0,노원,8018
,13.0,2002,16.0,7.0,성동,11506
101.3,19.0,2005,2.0,3.0,강남,24218
115.6,21.0,2001,26.0,7.0,관악,9742
37.5,23.0,1996,1.0,8.0,마포,10566
68.1,9.0,2016,11.0,13.0,서초,14321
104.8,28.0,1992,13.0,3.0,성동,11635
96.5,11.0,2001,4.0,5.0,마포,10812
64.6,6.0,2002,24.0,14.0,서초,10794
68.8,19.0,1992,6.0,9.0,서초,13119
98.6,30.0,2001,4.0,8.0,성동,13973
55.8,1.0,1992,7.0,0.0,노원,8888
80.2,6.0,2014,21.0,9.0,영등포,10637
110.2,7.0,2010,2.0,0.0,영등포,12902
37.8,5.0,2002,27.0,10.0,강남,9846
38.1,18.0,1992,22.0,15.0,성동,4949
99.8,9.0,2008,16.0,10.0,영등포,16067
52.9,10.0,1998,9.0,10.0,마포,8344
65.8,19.0,2004,1.0,1.0,강남,13452
36.6,29.0,1991,4.0,2.0,송파,11352
66.2,7.0,1998,2.0,4.0,강남,11392
91.0,29.0,2005,25.0,8.0,서초,19167
92.2,8.0,2006,2.0,11.0,관악,9702
93.9,12.0,2016,22.0,11.0,성동,13686
39.2,30.0,2001,27.0,2.0,마포,7908
64.3,,2005,3.0,14.0,관악,12989
57.9,13.0,1995,3.0,10.0,마포,12811
71.9,12.0,2016,21.0,6.0,강남,16412
103.6,16.0,2000,12.0,6.0,노원,11930
83.2,15.0,2019,15.0,0.0,노원,9890
71.6,30.0,1994,9.0,6.0,강남,17933
79.5,9.0,2003,19.0,,영등포,12311
99.2,8.0,2010,22.0,6.0,관악,9546
75.1,29.0,1997,30.0,11.0,강남,14953
89.8,30.0,2012,2.0,4.0,노원,13838
65.2,15.0,2007,4.0,3.0,영등포,13631
75.9,5.0,2020,29.0,5.0,성동,11007
66.7,5.0,1991,8.0,7.0,영등포,8033
95.2,13.0,2001,1.0,13.0,영등포,14498
76.3,18.0,2022,25.0,1.0,강남,11161
42.0,28.0,1993,2.0,10.0,마포,6347
48.0,28.0,1999,28.0,13.0,송파,12122
65.6,28.0,2011,8.0,2.0,마포,13816
78.7,23.0,1994,30.0,9.0,마포,8662
120.4,16.0,1995,27.0,3.0,성동,11154
88.8,5.0,2001,20.0,10.0,마포,13763
61.5,20.0,2023,8.0,14.0,성동,14786
98.2,2.0,2004,15.0,2.0,서초,12024
105.0,21.0,1997,10.0,13.0,마포,17181
233.1,5.0,2005,21.0,4.0,관악,8473
100.4,,2015,7.0,13.0,마포,15956
45.4,5.0,2018,28.0,6.0,영등포,7414
119.1,27.0,2022,9.0,1.0,성동,15008
55.8,2.0,2019,30.0,0.0,강남,7686
81.5,26.0,2022,17.0,8.0,노원,12928
37.9,11.0,2001,20.0,,강남,9730
86.6,3.0,1991,22.0,13.0,노원,6983
92.1,21.0,1993,25.0,13.0,마포,14905
30.0,11.0,1990,21.0,0.0,노원,3674
74.8,28.0,2018,29.0,,영등포,9016
61.3,22.0,2009,21.0,13.0,영등포,8786
86.9,22.0,2018,9.0,4.0,마포,14523
36.7,30.0,2021,4.0,1.0,성동,7451
123.1,25.0,2012,16.0,8.0,성동,13035
71.4,17.0,2011,23.0,11.0,성동,9572
67.4,8.0,2005,15.0,2.0,마포,9936
52.3,,1993,8.0,6.0,서초,11652
100.2,8.0,2018,8.0,12.0,송파,17683
114.9,5.0,1999,20.0,14.0,영등포,11725
42.7,13.0,2020,20.0,1.0,서초,8349
62.3,12.0,1991,13.0,15.0,노원,6363
98.3,30.0,2009,2.0,15.0,마포,18449
87.4,4.0,2020,11.0,12.0,영등포,14396
55.1,22.0,1992,6.0,1.0,송파,12000
81.2,24.0,1993,26.0,,서초,15030
99.9,26.0,2002,26.0,11.0,강남,17346
52.5,14.0,2010,11.0,0.0,서초,11992
88.4,24.0,2017,29.0,10.0,노원,9243
102.1,19.0,2015,27.0,6.0,노원,7578
77.3,17.0,2006,24.0,10.0,마포,9302
59.1,16.0,2016,19.0,1.0,서초,7393
89.8,17.0,1991,27.0,13.0,관악,10644
63.5,18.0,1996,22.0,11.0,관악,9664
135.0,2.0,1991,4.0,0.0,마포,14841
49.9,20.0,1993,15.0,12.0,관악,11632
83.1,24.0,2013,14.0,9.0,관악,12161
110.0,23.0,2000,6.0,0.0,관악,8909
63.8,6.0,2020,18.0,8.0,노원,7128
44.3,3.0,2008,25.0,3.0,마포,7815
47.4,5.0,2000,14.0,4.0,관악,10084
53.8,4.0,2013,26.0,13.0,영등포,8404
61.4,23.0,2008,23.0,4.0,서초,11937
77.2,12.0,1999,13.0,1.0,노원,6525
77.6,25.0,2007,5.0,3.0,관악,11528
92.2,19.0,2023,6.0,2.0,노원,11063
86.8,7.0,2003,8.0,11.0,서초,17071
34.7,9.0,2003,24.0,14.0,마포,8760
103.2,6.0,1993,25.0,6.0,송파,11850
57.4,17.0,2003,13.0,,마포,8229
34.2,14.0,1993,28.0,,송파,4606
85.0,22.0,1991,27.0,4.0,노원,6678
71.4,,1993,4.0,14.0,영등포,13792
59.5,15.0,2015,18.0,10.0,성동,4575
62.4,12.0,1997,21.0,5.0,강남,10997
98.0,28.0,2014,12.0,4.0,송파,16852
74.5,12.0,1998,14.0,13.0,송파,12733
70.7,24.0,2008,28.0,1.0,영등포,6331
80.4,14.0,2017,20.0,10.0,송파,15461
42.3,14.0,2005,29.0,2.0,강남,7163
77.0,15.0,2011,2.0,3.0,영등포,11715
68.8,9.0,1994,15.0,14.0,송파,12966
95.3,22.0,2014,1.0,2.0,마포,16807
77.7,13.0,2015,10.0,9.0,노원,10649
122.4,30.0,1991,29.0,13.0,영등포,16433
89.8,29.0,2019,10.0,0.0,강남,18910
79.6,11.0,2015,14.0,11.0,영등포,7769
59.3,5.0,2021,30.0,7.0,성동,5424
47.2,30.0,2017,23.0,11.0,관악,8066
51.2,1.0,1990,29.0,0.0,마포,5637
119.4,24.0,1992,28.0,2.0,서초,14356
88.8,27.0,2014,11.0,7.0,마포,12320
66.0,27.0,2023,14.0,15.0,성동,15461
107.0,2.0,2015,5.0,11.0,성동,13462
30.0,4.0,2012,5.0,,서초,7797
52.9,8.0,2001,1.0,10.0,마포,13742
69.9,9.0,2001,1.0,5.0,성동,12765
30.0,29.0,1993,10.0,2.0,송파,4626
115.6,11.0,2008,27.0,3.0,송파,17229
111.8,20.0,1992,4.0,15.0,성동,18869
62.4,15.0,2020,5.0,10.0,성동,15158
76.1,18.0,2018,13.0,13.0,관악,7875
70.2,24.0,2017,10.0,3.0,강남,17035
107.6,27.0,2013,10.0,1.0,강남,21878
97.2,2.0,2001,21.0,11.0,성동,12052
76.3,25.0,2008,24.0,3.0,송파,11324
136.5,28.0,2016,16.0,7.0,영등포,19403
51.4,12.0,2023,1.0,4.0,관악,10353
65.3,17.0,2003,2.0,0.0,관악,3776
88.0,13.0,2013,26.0,15.0,영등포,11451
84.3,30.0,1996,25.0,5.0,영등포,12278
92.3,17.0,2004,11.0,4.0,강남,19036
73.7,15.0,2010,4.0,11.0,서초,15536
102.4,19.0,2018,29.0,3.0,서초,14527
99.0,19.0,2003,7.0,15.0,관악,15296
99.0,28.0,2021,12.0,8.0,마포,16668
81.6,2.0,2020,3.0,9.0,성동,13369
102.7,29.0,2016,29.0,10.0,강남,20541
60.1,25.0,2007,30.0,8.0,강남,12893
115.1,2.0,2013,16.0,10.0,송파,13005
86.1,10.0,2009,30.0,14.0,영등포,11897
91.3,22.0,2017,6.0,1.0,노원,11254
38.8,17.0,2014,30.0,8.0,마포,7280
39.6,11.0,2020,5.0,4.0,관악,7480
43.3,8.0,1997,12.0,11.0,서초,11499
110.7,7.0,2001,22.0,9.0,노원,9997
65.8,21.0,2010,8.0,12.0,마포,15020
52.9,4.0,1997,18.0,15.0,관악,8865
79.5,18.0,1993,7.0,8.0,성동,14475
30.0,18.0,1999,10.0,14.0,서초,8649
142.5,5.0,2010,21.0,3.0,영등포,9817
116.0,4.0,1991,27.0,,관악,9873
73.5,12.0,2015,18.0,8.0,강남,13423
69.3,4.0,2017,28.0,0.0,노원,3000
89.3,22.0,2011,1.0,13.0,서초,21065
85.8,1.0,2005,13.0,13.0,강남,14442
83.4,19.0,2015,21.0,2.0,서초,14437
72.7,13.0,2019,13.0,3.0,관악,8175
90.9,,2009,14.0,2.0,성동,14053
80.9,2.0,2002,1.0,4.0,강남,14878
65.4,27.0,2013,6.0,8.0,성동,13862
60.6,7.0,2002,24.0,4.0,강남,10147
101.9,10.0,1998,7.0,3.0,서초,15938
76.8,29.0,1996,10.0,10.0,서초,14037
73.3,26.0,2006,21.0,10.0,관악,7579
55.3,13.0,2023,30.0,9.0,서초,9498
63.2,7.0,2006,3.0,14.0,서초,16914
,15.0,2003,5.0,9.0,강남,17777
69.0,9.0,1992,15.0,4.0,마포,8527
83.5,28.0,2003,15.0,10.0,성동,14023
79.1,8.0,1995,7.0,15.0,성동,13232
72.6,8.0,2009,15.0,2.0,노원,5477
68.6,12.0,2013,23.0,14.0,관악,11104
70.4,1.0,1994,2.0,15.0,노원,12427
101.0,27.0,2016,15.0,9.0,송파,15260
72.8,15.0,2020,29.0,6.0,노원,4039
121.1,20.0,1990,9.0,0.0,영등포,11791
102.7,9.0,2014,14.0,10.0,관악,10307
49.6,6.0,2008,15.0,9.0,강남,13086
49.1,19.0,2013,7.0,11.0,성동,11213
130.1,5.0,1992,21.0,15.0,강남,20674
49.6,12.0,1995,21.0,7.0,노원,3565
30.0,27.0,2018,22.0,2.0,송파,6027
101.8,24.0,1997,1.0,4.0,성동,19153
127.6,2.0,2006,27.0,2.0,서초,14807
68.2,27.0,2004,28.0,7.0,노원,3472
83.0,29.0,1992,8.0,15.0,영등포,14024
64.3,27.0,2009,24.0,15.0,서초,11875
99.9,10.0,2006,2.0,13.0,관악,9965
102.2,22.0,2016,19.0,10.0,강남,19750
30.0,15.0,2020,15.0,7.0,노원,5057
87.9,25.0,2009,19.0,5.0,영등포,12352
50.3,15.0,2000,16.0,5.0,영등포,7661
103.0,21.0,1997,13.0,,송파,18611
43.8,10.0,2009,14.0,5.0,서초,7885
,5.0,2022,13.0,3.0,강남,12244
70.4,19.0,1993,1.0,1.0,마포,9961
57.2,21.0,2013,11.0,8.0,송파,8027
40.4,16.0,1995,29.0,5.0,마포,3557
40.9,29.0,1995,24.0,13.0,성동,4615
63.0,12.0,2002,11.0,10.0,송파,13965
58.7,16.0,2013,18.0,5.0,송파,9542
121.7,15.0,1994,25.0,10.0,서초,20093
70.9,17.0,1990,12.0,6.0,서초,14537
91.1,4.0,2013,14.0,3.0,강남,14912
49.4,8.0,1990,4.0,4.0,송파,9544
50.6,4.0,2009,12.0,13.0,노원,6468
55.7,6.0,2015,11.0,0.0,관악,5926
83.0,7.0,1991,15.0,11.0,영등포,14133
62.4,27.0,2017,27.0,9.0,성동,5613
53.6,24.0,1993,26.0,0.0,노원,3000
84.0,13.0,2010,8.0,2.0,서초,14369
58.4,2.0,2018,17.0,10.0,마포,12577
59.4,12.0,2002,28.0,2.0,관악,5344
41.3,27.0,2012,8.0,1.0,성동,5160
60.8,7.0,1991,18.0,8.0,송파,13001
55.7,28.0,2022,20.0,11.0,서초,14829
50.2,25.0,2010,10.0,8.0,노원,11399
82.8,12.0,2004,22.0,10.0,송파,13015
65.9,8.0,2018,4.0,15.0,마포,14579
81.4,18.0,1993,21.0,3.0,노원,6267
106.5,18.0,1996,14.0,0.0,송파,19108
100.7,19.0,2005,14.0,2.0,노원,10503
30.0,3.0,1996,7.0,7.0,관악,6384
77.8,,1995,6.0,8.0,송파,16676
55.5,4.0,2017,1.0,1.0,노원,10318
71.1,24.0,2000,22.0,5.0,송파,7843
99.6,13.0,2020,26.0,0.0,성동,11373
83.0,9.0,1996,8.0,13.0,영등포,12796
70.9,29.0,1999,17.0,2.0,성동,8612
70.3,14.0,2020,15.0,12.0,마포,11050
75.1,15.0,2015,13.0,7.0,노원,7097
38.3,8.0,2002,17.0,6.0,관악,3000
71.2,10.0,1998,12.0,6.0,마포,8045
103.3,20.0,2009,6.0,9.0,마포,14061
55.6,9.0,2004,13.0,15.0,서초,12142
74.9,4.0,1993,7.0,13.0,강남,16942
104.3,24.0,2022,16.0,8.0,마포,15574
124.0,6.0,2018,7.0,11.0,영등포,16471
30.0,11.0,1996,24.0,13.0,서초,6117
65.5,22.0,2015,,15.0,강남,15224
50.6,1.0,1995,25.0,5.0,강남,11335
57.5,4.0,2013,20.0,8.0,노원,8079
,26.0,2012,21.0,8.0,영등포,12468
75.5,12.0,1991,24.0,5.0,서초,14857
72.9,2.0,2008,15.0,2.0,영등포,7395
51.6,19.0,2022,9.0,7.0,서초,16077
106.4,14.0,2011,2.0,11.0,관악,13499
59.0,29.0,2018,23.0,2.0,강남,10949
68.4,4.0,1997,,12.0,송파,9119
84.7,30.0,2009,23.0,0.0,마포,7316
65.5,1.0,2015,13.0,2.0,송파,10681
79.3,28.0,2006,20.0,10.0,노원,8839
70.2,13.0,2005,16.0,11.0,송파,10367
69.5,2.0,2005,11.0,8.0,노원,9049
43.2,30.0,2015,26.0,10.0,영등포,8120
68.5,7.0,2004,25.0,0.0,마포,8559
135.5,,1995,26.0,7.0,노원,8473
64.3,7.0,2019,19.0,,관악,14912
62.4,1.0,1994,5.0,15.0,관악,8135
78.9,22.0,2017,22.0,4.0,송파,11672
76.6,29.0,2001,9.0,7.0,성동,10563
50.4,10.0,2016,26.0,9.0,노원,3000
58.5,17.0,2013,18.0,,영등포,6976
55.0,10.0,2016,24.0,8.0,강남,9996
73.3,5.0,2005,,15.0,강남,15341
36.9,4.0,2003,14.0,2.0,노원,3534
83.5,12.0,2021,8.0,4.0,마포,13388
64.4,21.0,2015,20.0,13.0,서초,13289
76.9,,1998,19.0,2.0,노원,5643
71.1,1.0,2022,28.0,5.0,서초,8217
75.9,27.0,2000,7.0,13.0,영등포,14834
41.3,22.0,2012,29.0,2.0,서초,3945
95.5,5.0,2001,12.0,1.0,송파,14638
81.4,16.0,2016,9.0,13.0,강남,22388
48.6,30.0,1999,7.0,2.0,노원,3741
53.5,11.0,1992,3.0,1.0,강남,14446
30.0,19.0,2020,28.0,10.0,관악,3000
67.6,19.0,2014,3.0,9.0,성동,15865
68.1,17.0,2022,17.0,5.0,영등포,7901
84.9,16.0,2010,11.0,1.0,관악,9771
30.0,22.0,1996,15.0,6.0,노원,4225
30.0,10.0,2007,28.0,14.0,성동,6196
98.3,3.0,1998,7.0,14.0,서초,15782
96.9,1.0,2018,1.0,8.0,노원,13314
78.6,27.0,2009,5.0,14.0,강남,20452
36.5,27.0,2013,15.0,10.0,송파,5335
70.2,1.0,1991,20.0,11.0,관악,6755
121.0,4.0,1992,20.0,6.0,성동,15254
79.2,23.0,2014,22.0,14.0,마포,10720
65.8,6.0,2014,17.0,15.0,송파,16544
60.1,30.0,2012,8.0,5.0,성동,7625
33.7,9.0,2013,18.0,0.0,마포,4787
80.7,16.0,1990,13.0,6.0,관악,12107
135.6,10.0,2012,26.0,14.0,서초,20115
57.0,12.0,1990,5.0,12.0,관악,6786
66.6,29.0,2004,9.0,13.0,영등포,11955
89.0,28.0,2004,22.0,15.0,송파,19310
37.0,,1999,1.0,5.0,성동,6256
,14.0,2022,10.0,12.0,송파,17707
75.1,28.0,1995,11.0,3.0,노원,10708
42.9,17.0,1998,30.0,6.0,마포,9361
75.9,26.0,1991,23.0,10.0,관악,3595
119.7,12.0,2009,17.0,3.0,성동,14521
62.4,28.0,2002,22.0,1.0,관악,10110
37.3,11.0,1995,19.0,13.0,영등포,8595
94.0,4.0,2019,13.0,1.0,노원,10510
51.3,2.0,2003,2.0,14.0,송파,15120
101.6,24.0,2012,6.0,10.0,송파,17510
66.8,18.0,2005,11.0,8.0,노원,5830
107.2,15.0,2004,15.0,11.0,노원,13039
71.1,11.0,2018,28.0,3.0,영등포,9763
228.8,29.0,1990,2.0,11.0,노원,10109
81.8,11.0,2006,25.0,1.0,관악,6036
69.1,24.0,2004,13.0,4.0,마포,13872
45.7,28.0,2004,17.0,0.0,영등포,4281
71.4,22.0,2016,29.0,2.0,영등포,7835
43.9,3.0,2009,19.0,6.0,노원,7418
34.6,22.0,2013,16.0,7.0,성동,3825
78.6,26.0,2005,18.0,15.0,영등포,9537
76.0,20.0,2010,24.0,8.0,강남,15493
113.6,11.0,1999,28.0,2.0,노원,9065
48.0,15.0,1994,17.0,10.0,관악,5338
74.9,25.0,2009,24.0,12.0,마포,15140
49.8,10.0,2018,26.0,12.0,마포,11943
96.3,25.0,1995,26.0,2.0,영등포,9541
94.7,16.0,2023,1.0,3.0,노원,9164
83.0,3.0,2019,3.0,8.0,노원,9144
124.0,9.0,2011,15.0,6.0,마포,17468
109.5,28.0,2005,18.0,10.0,강남,20800
62.2,4.0,2002,5.0,4.0,영등포,183388
91.0,11.0,2007,1.0,0.0,성동,13372
66.8,28.0,2019,16.0,7.0,마포,13229
76.9,8.0,2012,21.0,0.0,관악,8619
48.5,14.0,2004,8.0,13.0,성동,14389
74.0,15.0,2005,7.0,10.0,강남,19402
117.1,19.0,2017,6.0,5.0,마포,16827
56.6,3.0,2005,13.0,,관악,6187
34.2,15.0,2015,3.0,13.0,송파,11247
64.9,23.0,2013,3.0,,송파,12290
73.0,27.0,1999,11.0,6.0,관악,9413
77.4,7.0,2014,,11.0,관악,10581
58.2,3.0,1990,,3.0,성동,10392
62.1,19.0,1994,27.0,7.0,성동,5631
118.7,23.0,1999,15.0,10.0,강남,22751
90.2,,2012,19.0,11.0,노원,12862
75.7,4.0,1999,3.0,7.0,영등포,8753
65.2,23.0,2003,13.0,6.0,송파,13947
30.0,16.0,2022,3.0,7.0,강남,8754
124.7,24.0,2013,2.0,11.0,강남,24238
288.1,24.0,2022,14.0,3.0,노원,8762
63.4,14.0,1995,12.0,11.0,강남,14956
118.6,6.0,1995,17.0,3.0,노원,10389
94.4,7.0,2017,15.0,0.0,마포,14261
87.7,5.0,1995,7.0,10.0,성동,11768
36.3,11.0,2007,26.0,0.0,마포,3000
83.9,21.0,2019,1.0,2.0,강남,19263
57.2,3.0,1991,22.0,7.0,노원,3706
129.3,20.0,2014,12.0,6.0,강남,24086
,29.0,1994,28.0,7.0,마포,9463
95.9,6.0,1992,25.0,0.0,노원,8813
76.3,25.0,2002,24.0,15.0,송파,11601
,8.0,2007,28.0,1.0,관악,8229
81.4,23.0,2022,18.0,6.0,마포,11317
43.3,6.0,2009,16.0,8.0,마포,7755
30.0,26.0,1990,15.0,12.0,노원,8843
78.7,5.0,2014,2.0,9.0,마포,11196
53.5,11.0,2004,1.0,7.0,관악,6264
126.1,8.0,2000,6.0,14.0,서초,24922
102.1,22.0,1992,5.0,9.0,송파,17934
79.3,22.0,2010,14.0,11.0,영등포,13229
103.0,1.0,2015,23.0,1.0,송파,12484
58.6,8.0,1992,25.0,7.0,성동,5681
30.0,11.0,1995,15.0,12.0,관악,7250
58.6,29.0,2016,25.0,5.0,노원,9255
83.1,24.0,1993,3.0,15.0,관악,16003
30.0,2.0,2014,29.0,8.0,서초,6610
72.2,12.0,2007,9.0,1.0,관악,8430
92.3,29.0,2021,4.0,6.0,노원,14022
44.9,22.0,2011,3.0,6.0,강남,11935
78.7,13.0,2009,27.0,1.0,관악,3209
92.4,16.0,1997,1.0,6.0,노원,15166
69.9,15.0,1997,16.0,7.0,송파,13523
128.7,23.0,2005,,10.0,영등포,18311
,,1996,25.0,12.0,관악,5633
82.2,1.0,2013,17.0,1.0,영등포,10032
71.4,15.0,2008,7.0,14.0,마포,14776
83.7,28.0,2023,,4.0,영등포,11400
65.6,7.0,2000,18.0,13.0,서초,14191
96.1,26.0,2022,6.0,12.0,영등포,15970
93.7,4.0,2002,15.0,14.0,노원,11888
39.0,13.0,2003,23.0,14.0,마포,4657
53.2,14.0,2015,25.0,10.0,관악,9625
48.2,21.0,2016,11.0,2.0,성동,10664
80.5,1.0,2014,,13.0,노원,14040
83.7,30.0,2014,13.0,6.0,영등포,13716
102.1,24.0,1992,18.0,,노원,5301
100.7,,2014,25.0,3.0,송파,13240
89.6,27.0,1992,27.0,3.0,영등포,9363
82.5,3.0,2005,20.0,8.0,관악,7750
85.8,30.0,1995,14.0,12.0,관악,10930
107.4,3.0,2000,19.0,12.0,마포,12215
42.4,14.0,2006,9.0,11.0,관악,5947
60.8,24.0,1998,14.0,13.0,영등포,12390
39.5,13.0,2013,25.0,6.0,관악,4988
150.0,2.0,1998,30.0,0.0,성동,12133
85.6,7.0,2002,24.0,9.0,성동,8746
61.3,12.0,2011,8.0,,노원,9291
30.0,12.0,2003,11.0,6.0,영등포,3000
45.2,30.0,2000,3.0,11.0,강남,13723
63.4,15.0,2017,6.0,12.0,강남,15962
110.4,3.0,1994,30.0,2.0,강남,15890
112.9,21.0,1999,29.0,7.0,노원,5043
106.8,27.0,2001,7.0,13.0,성동,16408
71.3,20.0,1990,7.0,0.0,관악,9469
50.0,23.0,1994,12.0,12.0,강남,14398
119.7,30.0,1996,15.0,11.0,서초,20775
91.4,1.0,2019,21.0,8.0,서초,14992
74.9,15.0,2007,24.0,7.0,마포,12188
66.8,1.0,2002,7.0,0.0,성동,8598
97.7,16.0,2015,27.0,1.0,성동,6804
55.0,9.0,2014,18.0,7.0,영등포,10639
57.4,15.0,2007,,14.0,마포,7804
65.3,2.0,1998,18.0,14.0,마포,9485
112.9,7.0,2015,30.0,3.0,마포,12136
76.0,,1994,30.0,15.0,영등포,10356
94.0,5.0,2018,28.0,10.0,서초,19641
116.7,22.0,2020,16.0,9.0,성동,12301
61.3,17.0,2004,12.0,6.0,관악,7544
52.5,19.0,2019,8.0,9.0,서초,14796
35.5,23.0,2021,10.0,,노원,14298
37.7,23.0,1994,5.0,0.0,성동,8123
100.6,1.0,1997,20.0,1.0,마포,11975
87.1,30.0,1990,22.0,11.0,강남,20131
,12.0,2001,6.0,7.0,마포,14061
59.9,11.0,2010,14.0,4.0,관악,7828
36.7,26.0,2021,13.0,8.0,서초,9044
49.9,17.0,2023,16.0,1.0,송파,9659
96.1,7.0,2000,23.0,3.0,송파,13083
57.8,10.0,2020,30.0,3.0,마포,7031
55.2,18.0,1999,17.0,1.0,서초,10722
,28.0,1997,8.0,11.0,송파,11639
83.8,18.0,2007,8.0,0.0,노원,8531
94.7,4.0,2014,12.0,6.0,성동,10368
74.5,5.0,2023,9.0,9.0,영등포,12447
41.6,9.0,2021,19.0,12.0,서초,13542
47.0,18.0,2013,29.0,11.0,관악,5737
106.1,29.0,2002,2.0,1.0,송파,19518
82.6,7.0,1996,5.0,4.0,관악,8818
64.4,27.0,2003,3.0,2.0,성동,10239
42.7,7.0,1990,17.0,2.0,관악,3798
79.2,14.0,2017,17.0,12.0,관악,10524
116.1,24.0,2004,28.0,9.0,영등포,10628
55.8,26.0,2011,23.0,0.0,노원,3000
66.2,6.0,1993,24.0,,영등포,10190
75.1,24.0,1997,5.0,14.0,마포,11558
43.0,28.0,2022,1.0,10.0,노원,12150
,13.0,2023,21.0,13.0,강남,18000
103.3,10.0,1999,19.0,15.0,노원,12645
30.0,22.0,2001,28.0,,마포,3000
87.3,25.0,2020,21.0,2.0,강남,13708
30.0,30.0,2005,13.0,6.0,마포,7820
81.4,7.0,1991,13.0,10.0,서초,15558
104.7,1.0,1996,8.0,0.0,송파,14922
86.2,27.0,2019,25.0,6.0,서초,15274
67.7,17.0,2009,9.0,2.0,영등포,13213
108.8,28.0,2022,30.0,1.0,노원,12515
69.4,26.0,2019,2.0,5.0,마포,12758
42.0,18.0,2010,7.0,8.0,서초,12601
75.3,17.0,2001,14.0,15.0,마포,13856
57.1,22.0,2013,16.0,3.0,관악,9162
64.2,26.0,1991,10.0,3.0,영등포,6415
150.0,14.0,2002,15.0,0.0,송파,21647
73.0,21.0,1997,,0.0,서초,12393
31.0,14.0,1995,29.0,5.0,송파,8068
80.3,28.0,1991,12.0,2.0,성동,9990
45.7,18.0,2007,18.0,7.0,영등포,5295
126.9,4.0,1994,28.0,10.0,강남,16101
31.6,17.0,1998,27.0,1.0,서초,3000
85.4,19.0,2018,3.0,,성동,14933
91.3,21.0,2013,14.0,9.0,노원,7775
88.6,10.0,1996,,10.0,마포,9916
76.5,9.0,2006,6.0,8.0,영등포,12367
33.8,2.0,1992,10.0,3.0,관악,3000
79.5,1.0,2005,10.0,15.0,마포,14864
78.0,,2013,4.0,0.0,송파,12357
118.3,10.0,1993,2.0,14.0,서초,19887
108.5,23.0,2014,16.0,5.0,영등포,14699
86.0,14.0,2007,7.0,9.0,강남,20279
103.6,15.0,1995,24.0,10.0,영등포,12836
34.4,28.0,2019,2.0,4.0,성동,11529
62.9,4.0,1993,12.0,2.0,영등포,6076
111.0,13.0,1997,28.0,0.0,영등포,9603
112.0,8.0,2022,5.0,15.0,영등포,14916
99.1,9.0,2023,28.0,7.0,영등포,13891
62.1,18.0,1992,12.0,8.0,강남,11888
73.1,3.0,1990,3.0,9.0,서초,15676
61.7,21.0,1994,20.0,7.0,관악,10095
30.0,29.0,2023,24.0,0.0,마포,6003
79.9,12.0,2011,1.0,10.0,송파,16539
80.2,15.0,2008,11.0,2.0,성동,10446
81.5,19.0,2019,8.0,13.0,서초,15543
66.7,14.0,1992,22.0,6.0,강남,12029
63.7,1.0,1996,25.0,7.0,서초,7956
53.8,15.0,2011,3.0,11.0,마포,14732
57.5,21.0,2017,5.0,3.0,노원,14368
58.6,9.0,1996,19.0,13.0,관악,10370
43.9,26.0,2011,1.0,1.0,마포,10776
96.7,3.0,1997,27.0,5.0,성동,13318
110.9,21.0,2022,,2.0,송파,16408
99.2,11.0,2006,,2.0,송파,14722
75.6,29.0,2007,26.0,3.0,노원,6094
40.3,30.0,2003,19.0,11.0,강남,10256
62.0,14.0,2003,14.0,15.0,관악,11336
73.3,10.0,2004,26.0,3.0,송파,11833
65.6,13.0,2001,6.0,5.0,강남,13864
69.1,27.0,2023,12.0,2.0,송파,15713
62.0,26.0,2020,26.0,0.0,강남,9110
83.9,10.0,2023,24.0,9.0,노원,9153
92.0,25.0,2012,3.0,7.0,마포,15342
59.6,28.0,1995,10.0,12.0,송파,13045
124.7,4.0,2008,,8.0,서초,18141
99.1,13.0,2003,9.0,9.0,서초,17081
91.1,15.0,2004,22.0,2.0,강남,17756
93.2,29.0,2021,14.0,5.0,강남,20287
49.8,16.0,2021,30.0,11.0,성동,9729
87.6,25.0,1998,17.0,0.0,관악,6204
71.1,21.0,1993,5.0,5.0,관악,11285
68.0,1.0,2006,14.0,6.0,성동,9743
87.0,26.0,1991,28.0,3.0,서초,11926
74.3,6.0,2013,21.0,3.0,강남,10991
113.8,6.0,1991,5.0,5.0,서초,14973
116.2,5.0,2013,5.0,13.0,송파,18783
112.3,1.0,2011,26.0,11.0,서초,18850
65.4,24.0,2001,17.0,4.0,노원,3728
108.1,30.0,1995,12.0,13.0,강남,22308
77.1,13.0,2011,15.0,2.0,송파,13584
95.1,13.0,2003,28.0,9.0,관악,11685
66.0,20.0,2001,27.0,7.0,서초,13504
119.9,15.0,1996,6.0,13.0,성동,17351
100.2,17.0,1998,17.0,8.0,서초,16494
62.4,17.0,2008,17.0,6.0,송파,9598
106.4,7.0,2012,12.0,13.0,강남,18056
63.5,8.0,2004,22.0,10.0,송파,8032
63.6,30.0,1992,10.0,2.0,강남,14101
95.1,22.0,2008,21.0,10.0,관악,8842
,17.0,2001,4.0,13.0,강남,13850
59.0,28.0,2018,16.0,15.0,영등포,12404
75.9,19.0,1993,23.0,13.0,서초,13826
74.4,24.0,1991,16.0,3.0,영등포,10942
120.2,10.0,1996,20.0,2.0,마포,14025
74.6,,1997,27.0,2.0,강남,12664
104.2,23.0,2001,20.0,4.0,성동,10043
50.5,1.0,2013,8.0,13.0,송파,12565
68.1,27.0,1990,2.0,0.0,영등포,9468
,9.0,1997,2.0,8.0,성동,15632
38.8,24.0,1993,3.0,14.0,영등포,11948
88.0,22.0,1991,4.0,1.0,노원,11815
56.5,23.0,2000,,9.0,강남,13609
41.7,24.0,2017,8.0,11.0,성동,10678
38.6,5.0,1992,21.0,7.0,영등포,5417
80.0,29.0,1994,2.0,1.0,성동,13455
33.1,5.0,2000,7.0,9.0,관악,8355
,3.0,2011,22.0,0.0,마포,11057
110.9,10.0,2006,7.0,4.0,영등포,16534
99.6,3.0,1995,1.0,5.0,송파,16673
81.7,7.0,1992,14.0,9.0,서초,14438
70.0,5.0,1996,4.0,7.0,서초,13809
73.7,28.0,2019,11.0,4.0,노원,13288
99.0,8.0,2012,26.0,,서초,15262
53.0,15.0,2020,5.0,12.0,성동,8420
127.9,13.0,2019,21.0,,성동,14498
85.7,16.0,1999,4.0,1.0,성동,11153
63.4,21.0,2014,22.0,0.0,마포,8564
51.3,16.0,1996,6.0,10.0,서초,17601
98.2,15.0,1995,12.0,0.0,강남,14446
78.1,9.0,1999,13.0,8.0,관악,7499
63.4,5.0,2018,29.0,5.0,성동,9933
33.6,16.0,1995,21.0,4.0,영등포,4541
116.5,25.0,1996,2.0,7.0,서초,20064
107.1,4.0,2018,6.0,9.0,마포,14157
84.9,24.0,2009,2.0,11.0,노원,11677
44.3,21.0,2006,21.0,10.0,노원,6845
89.0,24.0,2014,29.0,3.0,마포,12030
92.7,18.0,2004,,3.0,마포,13217
64.7,11.0,2023,30.0,9.0,마포,8668
89.7,22.0,2004,17.0,4.0,영등포,9371
85.3,3.0,2019,21.0,5.0,관악,7027
96.1,20.0,2023,14.0,,강남,18404
94.3,17.0,2010,9.0,6.0,관악,11244
35.6,28.0,2013,7.0,12.0,관악,8479
58.3,19.0,2009,17.0,8.0,노원,5456
45.0,27.0,2022,12.0,3.0,서초,10790
95.7,22.0,2009,26.0,11.0,마포,14270
47.4,18.0,2013,18.0,14.0,마포,9398
54.3,6.0,1996,24.0,13.0,송파,11085
69.2,28.0,1993,20.0,15.0,송파,11986
52.0,18.0,2002,30.0,10.0,영등포,7493
59.9,3.0,2011,16.0,10.0,노원,9535
116.4,22.0,2020,11.0,10.0,성동,19439
52.8,22.0,2002,7.0,9.0,서초,14140
82.8,11.0,2009,19.0,0.0,관악,11792
67.1,26.0,1995,25.0,4.0,강남,14014
118.6,14.0,2003,24.0,9.0,노원,7168
112.9,8.0,2015,9.0,3.0,성동,13892
102.6,12.0,2022,15.0,0.0,영등포,13054
51.0,14.0,2020,15.0,15.0,관악,6140
64.5,17.0,2014,2.0,0.0,성동,5771
62.9,28.0,2009,19.0,13.0,강남,13068
32.1,23.0,1997,28.0,14.0,마포,3625
94.8,2.0,2016,11.0,0.0,강남,16163
79.1,23.0,2008,18.0,11.0,영등포,11303
94.1,23.0,2013,9.0,9.0,서초,22503
87.8,6.0,2016,13.0,2.0,마포,14451
63.1,16.0,2002,17.0,5.0,영등포,9252
40.6,13.0,2009,18.0,6.0,마포,6541
63.2,14.0,2008,8.0,3.0,영등포,5172
73.4,13.0,2019,18.0,2.0,영등포,10150
47.0,7.0,2007,12.0,9.0,강남,12261
47.6,30.0,2001,20.0,9.0,서초,12676
123.7,29.0,2019,3.0,7.0,송파,25753
112.2,5.0,2013,1.0,2.0,관악,13013
76.8,18.0,2009,10.0,15.0,성동,16914
134.8,10.0,2020,29.0,5.0,영등포,13376
100.4,16.0,2007,21.0,12.0,영등포,11818
66.4,8.0,2003,11.0,13.0,성동,9635
68.8,14.0,2023,21.0,3.0,송파,13203
76.7,5.0,1995,21.0,15.0,영등포,11042
73.6,26.0,2013,2.0,0.0,송파,18585
122.7,3.0,2007,28.0,8.0,강남,21264
68.6,3.0,2011,16.0,10.0,관악,7637
76.6,19.0,2020,29.0,9.0,서초,10553
49.3,26.0,1999,10.0,15.0,노원,10182
90.7,29.0,2022,4.0,14.0,마포,17977
80.0,1.0,1997,12.0,14.0,노원,9109
99.8,20.0,2005,30.0,14.0,성동,13417
32.4,28.0,1999,27.0,1.0,송파,8269
47.1,5.0,2012,17.0,11.0,강남,11884
65.2,11.0,2015,22.0,13.0,강남,12154
40.4,15.0,1990,29.0,13.0,영등포,8139
30.0,20.0,2016,16.0,9.0,영등포,8149
44.0,1.0,2009,7.0,14.0,서초,9736
102.0,28.0,2004,4.0,0.0,노원,12089
76.0,12.0,1995,5.0,4.0,노원,10512
117.1,15.0,2010,20.0,7.0,영등포,10920
42.3,7.0,2000,29.0,,서초,5894
95.2,22.0,1995,25.0,0.0,강남,11825
78.2,30.0,1999,12.0,15.0,영등포,13972
65.4,3.0,2012,13.0,2.0,송파,12423
37.7,22.0,2003,6.0,11.0,관악,7215
62.3,5.0,1997,,4.0,성동,9881
82.5,3.0,1990,21.0,0.0,관악,6975
88.7,7.0,1991,28.0,1.0,영등포,3400
109.3,3.0,2021,1.0,14.0,송파,20689
53.1,16.0,1999,26.0,8.0,송파,9523
90.9,29.0,2001,29.0,9.0,강남,18190
92.1,20.0,2022,19.0,1.0,관악,13120
80.9,27.0,2022,21.0,8.0,관악,6539
,16.0,2005,5.0,1.0,송파,9217
85.8,30.0,2000,9.0,8.0,마포,13650
80.9,21.0,1993,3.0,1.0,마포,9996
56.0,13.0,2009,16.0,15.0,송파,12387
44.0,23.0,2018,23.0,2.0,송파,7599
84.9,19.0,2000,19.0,7.0,노원,7462
66.5,28.0,2005,2.0,7.0,강남,14298
99.3,10.0,2002,2.0,5.0,성동,12546
68.7,8.0,2014,,12.0,강남,13553
51.6,8.0,2014,19.0,1.0,노원,7069
57.6,4.0,2003,20.0,3.0,마포,7646
106.4,29.0,2008,11.0,12.0,마포,14641
54.1,21.0,2010,20.0,0.0,송파,6519
30.0,5.0,1999,15.0,6.0,송파,7709
60.0,10.0,2022,14.0,11.0,강남,19049
73.8,8.0,2003,19.0,,마포,8313
85.1,19.0,2005,1.0,0.0,영등포,12783
89.6,23.0,2014,12.0,14.0,관악,10895
54.7,1.0,2017,7.0,7.0,서초,16253
77.6,16.0,1992,2.0,10.0,노원,10229
105.9,16.0,2016,21.0,1.0,마포,15182
88.1,,2018,3.0,9.0,강남,22215
43.0,11.0,2021,8.0,1.0,송파,8973
30.0,25.0,2006,11.0,8.0,성동,5673
,1.0,2015,9.0,7.0,서초,13408
49.2,30.0,2008,17.0,12.0,서초,6837
104.8,14.0,1991,10.0,7.0,강남,22050
95.6,28.0,2003,,10.0,성동,12724
69.8,30.0,2002,28.0,14.0,성동,11499
30.0,27.0,2005,8.0,9.0,관악,7930
57.2,4.0,1992,14.0,8.0,노원,6275
68.8,1.0,2004,25.0,5.0,노원,5152
80.7,15.0,2011,10.0,12.0,관악,10315
,16.0,2005,13.0,10.0,관악,11381
60.6,27.0,2001,26.0,15.0,관악,7818
66.4,27.0,2018,25.0,15.0,관악,11785
63.0,16.0,1998,14.0,9.0,마포,14278
107.6,1.0,2012,23.0,6.0,서초,15578
80.8,17.0,1995,28.0,13.0,노원,9627
70.5,28.0,2015,30.0,12.0,송파,11443
,12.0,2002,28.0,13.0,마포,10946
62.8,8.0,2019,26.0,0.0,서초,8697
100.3,26.0,1990,27.0,14.0,강남,18203
101.5,4.0,1993,7.0,1.0,관악,7386
84.0,10.0,1994,23.0,15.0,송파,10993
95.5,1.0,2007,2.0,7.0,성동,16725
30.0,23.0,1997,19.0,4.0,노원,4079
92.3,13.0,2007,7.0,13.0,송파,15020
73.8,1.0,1993,23.0,11.0,성동,7149
51.7,26.0,2010,8.0,7.0,강남,11779
64.7,10.0,2001,16.0,4.0,관악,6978
100.1,1.0,2015,28.0,3.0,송파,8386
79.6,21.0,2021,14.0,4.0,성동,7720
82.3,8.0,2019,30.0,9.0,노원,5763
106.1,30.0,1994,3.0,13.0,영등포,17966
63.2,12.0,1998,13.0,7.0,서초,12173
63.5,21.0,2016,22.0,8.0,송파,11244
44.2,4.0,2008,15.0,14.0,마포,10454
30.0,10.0,1992,13.0,13.0,성동,5471
114.8,26.0,2010,,15.0,송파,21125
78.3,11.0,1994,24.0,6.0,송파,11048
80.0,28.0,2021,21.0,,영등포,11624
82.4,29.0,2013,10.0,9.0,송파,14990
76.2,4.0,2003,14.0,14.0,영등포,11357
93.7,12.0,1997,23.0,3.0,관악,9101
90.7,4.0,2021,6.0,1.0,마포,14273
,23.0,2010,4.0,12.0,마포,13908
76.6,15.0,2010,12.0,4.0,성동,13310
71.6,17.0,2019,27.0,6.0,마포,8097
64.7,10.0,2002,21.0,13.0,마포,9357
64.6,7.0,1994,5.0,1.0,강남,16423
56.4,19.0,2001,16.0,7.0,강남,12852
67.9,17.0,2017,18.0,5.0,강남,16219
117.0,13.0,2005,10.0,1.0,성동,14340
83.2,6.0,2020,12.0,13.0,성동,12700
66.4,26.0,1999,13.0,0.0,강남,13717
96.5,21.0,2003,12.0,7.0,송파,13931
89.8,25.0,2002,23.0,2.0,서초,14356
77.5,26.0,2005,12.0,2.0,마포,12022
81.1,30.0,2020,18.0,8.0,서초,16838
126.9,30.0,2013,2.0,2.0,성동,17990
138.9,6.0,1992,13.0,,노원,11606
80.1,24.0,2006,27.0,6.0,관악,8042
72.4,26.0,2001,10.0,10.0,성동,8547
92.0,1.0,1992,17.0,12.0,성동,10095
53.0,28.0,2001,2.0,,강남,14764
83.7,10.0,2006,18.0,2.0,관악,10289
113.3,23.0,1998,14.0,14.0,영등포,16157
117.7,26.0,2002,25.0,13.0,서초,19594
,12.0,2018,19.0,5.0,강남,16888
104.9,22.0,2006,13.0,13.0,강남,21985
77.6,10.0,1998,22.0,12.0,강남,14347
71.8,29.0,2009,27.0,,관악,9337
30.0,3.0,2009,23.0,2.0,서초,5738
68.2,11.0,2012,22.0,13.0,영등포,10209
81.4,3.0,1997,27.0,10.0,관악,8082
63.4,25.0,2009,9.0,,마포,12732
74.2,24.0,2010,10.0,5.0,송파,11368
113.5,2.0,2007,30.0,14.0,영등포,13059
119.4,9.0,2000,24.0,2.0,송파,14233
53.0,8.0,1999,8.0,11.0,서초,12945
55.1,20.0,1998,30.0,9.0,성동,7519
52.3,9.0,2012,25.0,9.0,강남,8020
67.6,9.0,2001,25.0,15.0,마포,11007
51.6,7.0,2002,19.0,2.0,서초,7545
33.4,28.0,2001,25.0,14.0,서초,11567
30.0,19.0,2015,4.0,2.0,송파,10075
48.7,3.0,1992,,12.0,노원,8594
91.6,23.0,2010,5.0,5.0,송파,14340
102.7,14.0,2001,4.0,11.0,마포,15446
133.6,4.0,2019,11.0,3.0,성동,18875
78.4,2.0,1999,4.0,11.0,마포,17165
72.0,20.0,2018,5.0,9.0,강남,17597
87.1,10.0,2006,25.0,3.0,마포,9998
41.9,2.0,2014,17.0,12.0,송파,9689
88.0,19.0,1999,16.0,4.0,성동,8226
99.6,25.0,2006,5.0,1.0,성동,17084
75.6,16.0,2009,25.0,8.0,송파,10046
73.1,16.0,2014,9.0,,마포,15231
94.1,7.0,2004,17.0,7.0,강남,18451
78.6,29.0,2016,2.0,7.0,강남,18907
65.3,14.0,1995,20.0,13.0,강남,16498
91.2,20.0,1995,,4.0,영등포,10588
101.2,1.0,1995,28.0,14.0,마포,12447
73.5,25.0,2020,1.0,13.0,노원,9526
70.5,3.0,2003,10.0,6.0,성동,13836
58.9,28.0,1996,29.0,10.0,영등포,7062
65.4,,2018,12.0,5.0,서초,11629
86.3,25.0,2005,9.0,2.0,노원,11981
39.9,10.0,2007,8.0,15.0,마포,7471
71.7,,2018,15.0,10.0,노원,9266
55.2,19.0,1992,14.0,4.0,송파,11918
78.3,30.0,1997,30.0,9.0,송파,14482
117.6,21.0,2023,17.0,5.0,송파,19570
83.1,2.0,1998,18.0,5.0,성동,10126
97.5,17.0,2019,20.0,10.0,서초,21218
70.1,14.0,1999,25.0,11.0,성동,10701
36.2,18.0,2007,22.0,10.0,강남,8964
87.6,29.0,1999,11.0,15.0,마포,17501
43.5,4.0,2003,17.0,9.0,송파,4593
98.5,6.0,2012,20.0,5.0,노원,11244
52.1,7.0,2015,18.0,3.0,관악,8261
46.4,25.0,2008,21.0,7.0,마포,8719
73.5,28.0,2020,19.0,1.0,관악,7824
55.9,,2014,19.0,13.0,강남,15831
77.6,13.0,2005,25.0,13.0,송파,247815
91.6,25.0,1991,24.0,8.0,서초,18388
106.9,30.0,2005,12.0,11.0,강남,25871
67.1,5.0,1991,11.0,15.0,관악,8113
61.9,29.0,2002,8.0,15.0,서초,12915
84.3,15.0,2000,8.0,0.0,서초,11828
53.4,12.0,2015,15.0,14.0,강남,15246
77.6,27.0,2018,21.0,11.0,강남,19046
72.4,20.0,2015,6.0,9.0,영등포,14016
91.9,30.0,1996,29.0,6.0,서초,13490
98.5,14.0,1998,23.0,5.0,송파,16565
57.3,28.0,1994,4.0,13.0,영등포,13900
62.6,23.0,2001,27.0,11.0,서초,11403
69.0,28.0,1998,5.0,4.0,관악,11930
124.5,9.0,1994,20.0,1.0,노원,6198
58.2,10.0,1990,7.0,3.0,송파,11292
96.7,30.0,2021,9.0,,서초,19327
87.7,23.0,2020,16.0,4.0,성동,16694
111.3,8.0,2008,15.0,2.0,서초,15221
114.7,9.0,1998,25.0,10.0,노원,10017
81.9,24.0,1995,30.0,2.0,서초,10049
72.9,10.0,1997,21.0,11.0,관악,10628
118.7,9.0,2008,8.0,13.0,서초,22118
48.1,,1998,5.0,10.0,성동,8915
101.3,,2009,8.0,15.0,송파,17751
71.0,12.0,2011,23.0,6.0,서초,14088
97.9,3.0,1993,9.0,11.0,서초,17436
69.4,8.0,2009,16.0,2.0,서초,9870
56.0,28.0,2014,8.0,3.0,송파,11390
128.1,21.0,2021,13.0,2.0,관악,13805
57.2,18.0,2001,2.0,6.0,영등포,13161
121.9,29.0,2012,8.0,3.0,노원,13804
71.7,25.0,2015,27.0,4.0,관악,7413
96.0,,2005,12.0,8.0,마포,14356
101.0,13.0,2004,9.0,14.0,서초,15403
71.7,25.0,2002,3.0,10.0,송파,15186
86.2,24.0,1995,3.0,7.0,관악,13552
56.4,14.0,1992,30.0,9.0,서초,8619
98.2,18.0,2002,22.0,0.0,송파,9231
80.8,30.0,2016,12.0,0.0,서초,13946
53.6,28.0,1994,19.0,15.0,영등포,3393
70.1,11.0,2010,8.0,4.0,마포,13349
103.5,28.0,1994,13.0,7.0,영등포,15000
30.0,21.0,2011,26.0,8.0,관악,5330
98.2,13.0,1991,3.0,4.0,강남,18579
43.1,18.0,2004,,14.0,강남,12392
85.0,18.0,2001,12.0,4.0,노원,5492
67.2,18.0,1998,25.0,8.0,노원,3000
93.2,17.0,2006,8.0,3.0,영등포,16416
71.5,30.0,2006,18.0,8.0,송파,13411
86.2,17.0,2003,5.0,2.0,강남,18403
78.1,4.0,1992,10.0,11.0,서초,15205
40.6,5.0,2010,2.0,13.0,영등포,12166
59.1,8.0,2017,3.0,6.0,영등포,10887
87.9,28.0,1993,30.0,9.0,노원,5832
47.6,19.0,2005,8.0,2.0,성동,12657
35.5,23.0,1999,28.0,9.0,마포,6116
109.9,26.0,1998,28.0,8.0,마포,16639
92.9,21.0,2019,19.0,5.0,노원,12832
80.2,21.0,1999,4.0,9.0,영등포,16980
98.3,22.0,2014,5.0,4.0,관악,12905
248.5,7.0,2011,28.0,0.0,강남,14054
62.3,5.0,1993,21.0,5.0,영등포,7807
42.8,5.0,2006,30.0,4.0,마포,3341
63.4,19.0,2009,7.0,15.0,서초,16583
65.7,24.0,2010,,14.0,마포,8831
66.4,4.0,2018,3.0,12.0,성동,16534
99.1,28.0,1994,13.0,9.0,송파,15541
78.7,14.0,2011,25.0,11.0,노원,9067
78.4,9.0,2007,8.0,14.0,서초,13773
87.1,17.0,2002,27.0,8.0,마포,11114
91.0,11.0,2020,18.0,3.0,성동,8126
96.2,1.0,1993,16.0,11.0,마포,13329
79.1,29.0,2005,5.0,9.0,서초,17898
82.7,12.0,1991,8.0,3.0,노원,3962
106.7,24.0,2014,28.0,6.0,영등포,10148
73.1,25.0,2019,15.0,2.0,영등포,11873
91.2,17.0,2013,8.0,11.0,성동,12797
62.3,18.0,2018,24.0,,강남,15172
105.9,29.0,1994,16.0,3.0,노원,14404
59.8,10.0,2019,24.0,15.0,성동,11986
119.6,,1997,1.0,0.0,송파,15780
59.4,21.0,2019,22.0,13.0,서초,13152
49.7,30.0,2004,30.0,5.0,성동,7324
108.9,9.0,1998,27.0,11.0,관악,12108
83.2,7.0,2004,3.0,9.0,관악,12286
106.5,6.0,2011,23.0,7.0,영등포,14671
77.6,20.0,2018,4.0,10.0,강남,18663
37.6,8.0,2013,30.0,14.0,송파,7229
105.0,13.0,2010,8.0,9.0,영등포,13890
110.6,6.0,1998,20.0,0.0,강남,13543
89.0,19.0,2018,26.0,9.0,마포,13419
84.7,20.0,2019,21.0,2.0,강남,19263
56.9,25.0,1996,20.0,6.0,영등포,10139
47.8,13.0,2018,21.0,15.0,관악,6994
52.7,9.0,2020,25.0,14.0,관악,6604
42.7,30.0,1997,26.0,3.0,관악,5649
95.8,7.0,1992,,7.0,서초,20478
80.8,8.0,2019,6.0,14.0,마포,14825
87.5,10.0,1991,27.0,15.0,노원,10455
66.6,11.0,2021,16.0,5.0,영등포,11537
75.9,12.0,2021,2.0,0.0,강남,17014
62.4,13.0,2022,25.0,11.0,성동,9652
122.1,24.0,2023,30.0,9.0,서초,14487
68.0,18.0,2017,1.0,6.0,송파,15803
54.8,28.0,2007,3.0,15.0,영등포,16930
,1.0,2004,6.0,13.0,송파,16887
62.9,11.0,2017,24.0,13.0,마포,10982
49.6,8.0,2003,21.0,10.0,마포,13296
93.2,10.0,2004,26.0,15.0,영등포,11631
54.2,7.0,1999,27.0,15.0,영등포,12115
91.8,17.0,2014,25.0,9.0,영등포,11568
85.8,4.0,2000,2.0,3.0,마포,15228
280.3,24.0,2000,15.0,14.0,관악,12328
118.0,7.0,1994,21.0,2.0,노원,4812
82.8,6.0,2006,12.0,2.0,마포,9991
98.7,28.0,2002,24.0,8.0,마포,14651
75.3,21.0,2006,12.0,0.0,노원,9851
107.4,23.0,2021,25.0,4.0,영등포,12417
79.6,8.0,2005,12.0,11.0,마포,14583
48.3,1.0,2003,1.0,4.0,마포,11284
36.8,30.0,1996,17.0,11.0,마포,9534
72.9,11.0,2021,4.0,8.0,노원,12047
77.0,17.0,2016,4.0,3.0,노원,9159
110.2,11.0,2007,21.0,15.0,관악,11925
63.1,11.0,2000,29.0,9.0,노원,6693
80.3,11.0,1997,30.0,8.0,서초,12174
58.1,29.0,1999,5.0,6.0,강남,13198
128.1,20.0,2017,14.0,15.0,성동,19645
,13.0,2023,5.0,8.0,송파,17379
72.2,24.0,2002,,11.0,마포,12171
45.6,27.0,1993,3.0,11.0,노원,7633
108.8,21.0,1998,23.0,3.0,강남,16837
46.1,5.0,1992,29.0,15.0,송파,10985
75.3,4.0,2005,8.0,0.0,성동,12304
79.4,3.0,2000,7.0,10.0,노원,7452
70.1,18.0,1999,1.0,0.0,마포,13987
77.2,9.0,2015,1.0,1.0,영등포,11996
101.5,21.0,2020,14.0,4.0,강남,22317
110.0,8.0,2002,3.0,15.0,노원,12812
101.5,23.0,2000,9.0,4.0,마포,12090
92.8,23.0,1998,10.0,7.0,마포,14382
110.6,13.0,2016,10.0,1.0,관악,11782
77.3,28.0,2016,11.0,0.0,노원,6364
64.6,9.0,2021,11.0,12.0,강남,12811
105.0,29.0,2007,2.0,13.0,노원,12701
45.9,18.0,2000,22.0,7.0,영등포,4081
36.1,24.0,2004,1.0,15.0,노원,10466
89.7,2.0,2009,9.0,5.0,마포,15353
120.1,4.0,2010,19.0,4.0,관악,10272
57.9,29.0,1997,22.0,2.0,송파,5896
76.1,5.0,2000,26.0,1.0,서초,12590
43.6,9.0,2012,8.0,6.0,강남,10262
75.7,12.0,1992,19.0,15.0,강남,15291
53.2,19.0,2008,17.0,7.0,관악,10907
93.4,12.0,2003,5.0,7.0,마포,14024
65.8,25.0,1998,10.0,6.0,송파,11623
60.7,7.0,2022,29.0,1.0,관악,4118
123.8,23.0,2014,21.0,10.0,송파,18323
62.2,14.0,2021,27.0,12.0,노원,4358
48.3,,2000,19.0,2.0,마포,7875
69.7,28.0,2006,13.0,5.0,강남,18530
96.8,11.0,1995,5.0,15.0,서초,20557
131.2,17.0,2000,,12.0,강남,20343
83.6,16.0,2005,8.0,8.0,서초,19115
44.2,,2002,16.0,11.0,마포,7287
64.4,18.0,1990,19.0,11.0,강남,12253
67.8,20.0,1990,2.0,9.0,강남,15482
121.5,17.0,1990,30.0,15.0,서초,16864
88.5,10.0,2020,23.0,13.0,관악,11631
87.2,25.0,2012,26.0,5.0,관악,7781
44.5,27.0,2016,13.0,5.0,관악,9101
109.7,20.0,1999,9.0,3.0,성동,12032
68.1,12.0,2017,22.0,3.0,서초,9914
93.8,6.0,2011,23.0,6.0,마포,10858
81.1,14.0,2011,29.0,7.0,성동,9209
52.5,21.0,2017,17.0,0.0,관악,8865
50.7,2.0,2012,6.0,1.0,관악,5935
73.0,3.0,1994,26.0,13.0,마포,14449
89.1,20.0,2002,12.0,9.0,성동,17405
,22.0,2010,30.0,6.0,마포,10596
78.9,19.0,1997,6.0,7.0,성동,14412
64.2,9.0,2008,6.0,4.0,송파,11947
58.1,27.0,2004,6.0,15.0,마포,14157
81.4,29.0,1999,17.0,4.0,노원,10211
74.9,26.0,2004,7.0,8.0,관악,13752
77.7,28.0,1995,7.0,14.0,영등포,11559
89.8,20.0,1994,22.0,14.0,성동,13547
96.6,9.0,2007,8.0,8.0,송파,18348
87.6,8.0,2003,18.0,3.0,관악,11514
103.1,11.0,2015,4.0,6.0,노원,12713
106.2,5.0,2012,4.0,8.0,관악,11014
53.9,28.0,1991,15.0,0.0,강남,12067
60.3,9.0,2002,16.0,4.0,마포,10979
64.2,11.0,1996,4.0,0.0,영등포,10495
54.9,2.0,2008,30.0,15.0,송파,11078
88.9,27.0,2006,22.0,2.0,영등포,8189
94.4,7.0,2010,13.0,6.0,영등포,12626
65.1,16.0,2007,18.0,13.0,마포,11512
90.5,25.0,2013,19.0,8.0,영등포,14240
110.6,9.0,1996,30.0,6.0,성동,11211
56.6,3.0,2018,8.0,11.0,서초,14384
57.4,25.0,2019,12.0,13.0,강남,14994
67.0,22.0,2022,2.0,2.0,송파,15914
,18.0,1997,4.0,3.0,송파,11533
,27.0,2018,26.0,8.0,강남,15008
284.6,11.0,2009,16.0,3.0,강남,12886
113.6,11.0,1998,26.0,15.0,관악,12023
88.4,11.0,2022,22.0,9.0,송파,10360
101.5,2.0,2020,11.0,4.0,마포,14250
90.1,12.0,2003,9.0,14.0,서초,17075
54.5,26.0,2007,18.0,14.0,강남,13765
44.8,3.0,1998,18.0,5.0,송파,8998
34.3,27.0,2005,12.0,6.0,마포,8077
30.0,11.0,1992,7.0,3.0,성동,3873
33.2,5.0,2013,25.0,12.0,성동,9743
81.7,10.0,2013,30.0,15.0,마포,8657
79.3,23.0,1991,24.0,8.0,강남,16274
71.5,10.0,2017,11.0,14.0,송파,13688
74.2,2.0,2009,18.0,5.0,강남,12576
68.5,18.0,2016,19.0,15.0,노원,8797
47.8,27.0,2012,,2.0,영등포,7659
99.0,17.0,2017,19.0,11.0,마포,15636
75.6,7.0,2001,16.0,5.0,노원,8769
81.5,12.0,2002,12.0,15.0,마포,12650
40.9,4.0,2023,9.0,1.0,노원,6684
42.3,24.0,2006,1.0,1.0,마포,11235
95.8,8.0,2019,24.0,11.0,송파,16380
89.6,20.0,1997,21.0,14.0,강남,16966
99.6,27.0,2014,22.0,3.0,송파,15968
71.1,23.0,1990,22.0,6.0,서초,11978
38.6,16.0,2020,1.0,9.0,노원,6559
74.5,5.0,2020,2.0,8.0,송파,12842
104.0,13.0,2022,22.0,7.0,송파,16536
87.8,26.0,2016,12.0,1.0,마포,15169
75.4,4.0,2012,2.0,4.0,관악,12380
30.0,5.0,2001,24.0,14.0,노원,7476
81.7,9.0,1997,16.0,13.0,서초,12722
88.7,21.0,2016,,7.0,관악,13097
,6.0,2017,7.0,3.0,강남,14348
69.0,18.0,2000,21.0,9.0,영등포,10861
50.9,9.0,2023,16.0,1.0,성동,8195
66.7,13.0,1991,24.0,7.0,송파,6083
67.6,30.0,1993,8.0,15.0,송파,11646
62.3,27.0,2005,23.0,2.0,마포,12616
58.9,1.0,2009,24.0,5.0,서초,12129
44.0,20.0,2002,20.0,10.0,영등포,5400
80.4,25.0,2018,1.0,9.0,관악,13011
53.3,24.0,2007,19.0,15.0,영등포,15332
121.7,26.0,2017,14.0,,관악,9474
41.7,1.0,2018,20.0,9.0,서초,10737
51.9,10.0,2016,20.0,7.0,서초,9157
73.9,2.0,2008,,4.0,관악,8270
65.1,30.0,2011,1.0,7.0,마포,12158
72.0,23.0,2002,17.0,9.0,강남,15664
30.0,2.0,2012,12.0,0.0,성동,8435
30.0,23.0,1997,7.0,2.0,관악,6485
90.3,19.0,2017,,14.0,노원,13083
72.6,26.0,2003,8.0,9.0,송파,15619
59.5,,2019,17.0,9.0,마포,13105
70.4,24.0,2020,25.0,1.0,서초,13014
85.6,5.0,2006,18.0,14.0,마포,14846
82.6,16.0,2007,29.0,13.0,강남,13019
73.9,2.0,1998,12.0,5.0,영등포,7396
49.5,19.0,1998,27.0,13.0,노원,5338
131.3,15.0,2013,20.0,11.0,노원,12769
41.5,22.0,2008,7.0,10.0,마포,9252
52.5,1.0,2008,25.0,,관악,8486
30.3,19.0,2006,8.0,12.0,마포,8284
59.4,15.0,2004,18.0,8.0,관악,5889
30.0,10.0,2019,19.0,3.0,서초,9497
50.2,27.0,2013,17.0,1.0,강남,9704
83.7,9.0,2006,8.0,6.0,강남,14434
66.8,10.0,2014,6.0,15.0,관악,11956
62.6,14.0,2010,23.0,11.0,마포,9711
51.8,15.0,2001,27.0,2.0,성동,6262
83.6,24.0,1993,4.0,12.0,강남,20490
72.6,17.0,2022,5.0,13.0,강남,17508
67.8,16.0,2010,18.0,8.0,성동,10166
60.7,19.0,2001,24.0,1.0,송파,8965
,23.0,1992,1.0,10.0,강남,17781
35.2,13.0,2012,20.0,8.0,영등포,3355
101.1,24.0,2019,10.0,5.0,송파,16833
65.6,26.0,2017,17.0,4.0,성동,10703
42.9,4.0,1993,13.0,6.0,강남,8595
102.9,22.0,2006,14.0,0.0,노원,11664
78.4,25.0,1997,3.0,5.0,노원,9387
76.8,16.0,2019,23.0,11.0,송파,12287
72.9,3.0,1990,22.0,9.0,노원,9840
43.8,7.0,2005,30.0,1.0,송파,5423
94.0,6.0,2017,26.0,14.0,강남,17529
55.9,21.0,2016,4.0,8.0,강남,14932
30.0,12.0,2017,2.0,7.0,영등포,9696
52.2,17.0,2006,16.0,5.0,서초,10092
57.5,4.0,2007,21.0,2.0,관악,6410
,20.0,2017,11.0,4.0,성동,14607
51.1,15.0,1993,30.0,6.0,송파,7393
47.9,26.0,2015,16.0,0.0,서초,11567
86.2,6.0,1990,26.0,13.0,송파,12430
113.8,2.0,1996,2.0,7.0,강남,24362
87.7,2.0,2020,13.0,10.0,노원,12366
82.6,3.0,1992,2.0,12.0,강남,16341
76.8,18.0,1991,22.0,11.0,성동,13094
59.7,4.0,2008,4.0,3.0,마포,12802
69.6,16.0,1995,27.0,5.0,강남,7517
,3.0,2003,10.0,10.0,관악,10207
90.0,12.0,2021,4.0,8.0,강남,18986
75.0,4.0,2022,11.0,1.0,성동,10506
46.3,19.0,1996,24.0,6.0,관악,4551
67.5,4.0,2022,22.0,1.0,마포,10369
,9.0,2021,26.0,5.0,서초,15870
97.2,14.0,1997,17.0,5.0,마포,9766
85.4,25.0,1999,19.0,8.0,성동,10969
71.6,20.0,1995,5.0,,성동,8750
76.6,17.0,2013,20.0,2.0,마포,11010
97.0,25.0,2014,29.0,8.0,송파,18419
72.0,19.0,2000,2.0,7.0,성동,10017
52.5,,1993,18.0,4.0,서초,9464
30.0,4.0,1995,12.0,6.0,송파,6078
89.5,1.0,2013,9.0,8.0,마포,12749
82.8,9.0,2020,3.0,8.0,성동,16249
79.9,24.0,2004,7.0,14.0,성동,19377
52.8,26.0,1998,29.0,6.0,성동,9057
97.7,17.0,2002,6.0,10.0,마포,17457
30.4,30.0,2005,3.0,13.0,서초,12221
76.5,21.0,2005,2.0,6.0,성동,12395
67.9,14.0,1999,13.0,0.0,영등포,9836
81.4,29.0,2017,4.0,2.0,강남,17675
66.1,7.0,1994,2.0,3.0,관악,9484
75.6,21.0,2013,20.0,0.0,강남,15298
53.7,11.0,2008,23.0,1.0,관악,3000
71.0,5.0,2015,28.0,8.0,노원,5233
45.5,19.0,2008,5.0,10.0,송파,10716
67.0,22.0,2006,23.0,15.0,서초,14721
58.5,16.0,2001,9.0,6.0,성동,14061
85.4,12.0,1991,15.0,0.0,송파,14541
97.3,3.0,2008,14.0,2.0,노원,10580
30.0,12.0,2010,2.0,3.0,마포,6535
52.1,14.0,2019,30.0,3.0,노원,3901
30.0,6.0,1998,17.0,7.0,강남,6473
47.3,23.0,1998,26.0,10.0,서초,9437
50.3,21.0,1992,14.0,4.0,영등포,8619
111.2,25.0,2020,7.0,5.0,서초,22078
70.8,12.0,1997,21.0,3.0,서초,11127
51.1,14.0,2020,25.0,6.0,성동,9096
33.1,21.0,2007,6.0,4.0,마포,197263
114.5,28.0,1993,28.0,10.0,영등포,13546
82.1,3.0,2003,27.0,8.0,영등포,9186
,22.0,1992,4.0,7.0,노원,11998
70.6,14.0,2022,18.0,2.0,마포,9461
83.1,30.0,1996,,2.0,서초,18141
89.6,6.0,2002,15.0,0.0,서초,14581
121.3,24.0,2021,7.0,7.0,강남,23617
43.3,25.0,2000,29.0,11.0,영등포,10076
97.4,27.0,2003,7.0,15.0,성동,18155
94.6,14.0,1998,25.0,15.0,노원,9282
30.0,6.0,2017,13.0,7.0,영등포,6383
57.0,15.0,2021,24.0,4.0,영등포,10188
96.9,4.0,2005,9.0,13.0,성동,13672
83.4,21.0,1990,2.0,2.0,서초,14918
56.6,28.0,1991,27.0,13.0,영등포,8216
112.8,21.0,1994,14.0,10.0,노원,9283
94.7,17.0,2011,7.0,6.0,마포,17532
50.5,13.0,1995,26.0,6.0,송파,9335
41.8,23.0,1993,1.0,7.0,마포,10875
95.1,26.0,2000,9.0,3.0,관악,8254
71.4,25.0,2016,13.0,0.0,강남,17345
78.8,2.0,2013,16.0,8.0,서초,15014
86.7,18.0,2018,7.0,1.0,영등포,12085
98.4,7.0,2002,2.0,8.0,노원,7473
94.7,30.0,1995,28.0,9.0,성동,10454
118.0,21.0,1998,16.0,10.0,마포,14295
44.7,24.0,2020,5.0,5.0,영등포,7444
84.8,10.0,2005,3.0,1.0,성동,10783
75.1,4.0,2011,7.0,3.0,마포,12197
79.7,17.0,2007,12.0,10.0,마포,11469
80.0,3.0,1996,24.0,7.0,관악,6896
83.2,9.0,2014,3.0,,강남,20280
260.4,8.0,2001,17.0,,영등포,10085
77.2,5.0,2019,6.0,1.0,송파,13551
30.0,22.0,2015,2.0,11.0,서초,12000
45.4,5.0,1993,26.0,14.0,송파,6082
69.8,21.0,2017,18.0,10.0,송파,14765
113.0,25.0,2016,2.0,1.0,영등포,19723
33.3,,2020,16.0,1.0,관악,9239
108.3,26.0,2004,6.0,2.0,강남,20936
72.6,30.0,1999,23.0,4.0,성동,8635
79.1,6.0,2013,23.0,6.0,영등포,13374
52.5,5.0,2015,,0.0,관악,208976
120.2,2.0,1998,17.0,7.0,마포,13535
113.8,30.0,1993,27.0,9.0,관악,13764
107.5,18.0,2014,30.0,,노원,12463
80.8,4.0,1995,16.0,0.0,노원,7111
30.0,22.0,2000,13.0,2.0,마포,6506
80.9,14.0,2015,15.0,13.0,영등포,12478
104.5,23.0,2008,22.0,11.0,마포,16484
89.0,9.0,2011,25.0,9.0,송파,8297
98.6,18.0,2013,8.0,13.0,노원,14340
90.7,29.0,2001,16.0,8.0,강남,17517
55.1,17.0,2015,22.0,0.0,성동,8693
80.1,12.0,2019,26.0,8.0,송파,11918
83.4,28.0,2023,26.0,7.0,강남,15292
53.5,24.0,2000,30.0,12.0,강남,12131
69.2,,2001,23.0,7.0,마포,9309
89.5,24.0,2002,1.0,12.0,강남,19023
81.0,9.0,1999,21.0,9.0,관악,9852
48.5,29.0,1993,28.0,5.0,성동,4002
79.1,6.0,2021,14.0,9.0,성동,11831
112.7,17.0,1991,1.0,9.0,강남,20847
47.5,14.0,2008,18.0,13.0,노원,7790
,30.0,1994,12.0,1.0,노원,8922
109.6,23.0,2015,16.0,3.0,영등포,17020
76.1,19.0,2021,23.0,15.0,송파,11860
83.7,15.0,2008,12.0,11.0,서초,16949
99.3,19.0,2017,,5.0,강남,23490
104.9,25.0,1996,24.0,6.0,송파,14506
86.7,12.0,1995,18.0,14.0,영등포,10853
81.8,24.0,2021,18.0,3.0,영등포,12009
99.8,11.0,1999,23.0,15.0,성동,15937
116.6,8.0,2014,26.0,1.0,송파,18408
77.2,27.0,2019,4.0,0.0,강남,17986
46.0,5.0,2014,21.0,15.0,송파,10589
79.3,6.0,2016,8.0,3.0,서초,13031
82.4,14.0,2008,15.0,3.0,관악,7235
93.8,2.0,1998,20.0,3.0,마포,10616
30.0,11.0,2011,25.0,11.0,마포,7565
59.8,27.0,2014,5.0,3.0,성동,8224
49.7,29.0,1993,15.0,10.0,관악,13838
30.0,23.0,2020,14.0,15.0,영등포,8089
62.7,11.0,2019,18.0,1.0,성동,7473
86.3,30.0,2003,22.0,7.0,관악,11813
62.2,16.0,2019,8.0,9.0,마포,10494
216.3,24.0,2001,7.0,3.0,노원,10974
46.2,15.0,1993,13.0,8.0,송파,11280
126.3,9.0,2005,23.0,10.0,성동,16406
86.9,19.0,2016,24.0,4.0,관악,7930
74.2,21.0,1991,12.0,9.0,송파,14015
53.0,2.0,2003,25.0,8.0,강남,11331
69.6,4.0,2015,3.0,14.0,관악,12596
92.0,19.0,2008,23.0,8.0,관악,9668
65.2,9.0,2001,8.0,5.0,송파,11037
,30.0,2023,23.0,7.0,관악,9810
74.7,6.0,1999,22.0,3.0,마포,6904
73.3,4.0,2016,30.0,11.0,서초,14152
123.2,1.0,1999,20.0,1.0,마포,11403
,17.0,2010,9.0,13.0,노원,8322
71.4,,2004,13.0,4.0,영등포,7704
69.3,15.0,2018,4.0,14.0,영등포,16698
70.9,27.0,2020,23.0,3.0,서초,15415
118.2,3.0,1992,17.0,13.0,관악,12004
89.9,28.0,2011,12.0,5.0,마포,12420
63.3,11.0,2019,7.0,11.0,송파,14232
71.4,23.0,2003,8.0,8.0,성동,10276
92.6,26.0,2009,1.0,0.0,강남,21096
104.9,14.0,2015,7.0,3.0,송파,17223
41.7,24.0,2000,17.0,13.0,마포,8355
89.5,5.0,1992,7.0,5.0,노원,9085
47.2,1.0,1999,17.0,4.0,마포,286592
44.6,2.0,2013,30.0,12.0,노원,6671
63.5,29.0,2018,23.0,7.0,서초,13100
81.9,6.0,2015,3.0,15.0,송파,12738
101.7,19.0,1994,14.0,15.0,송파,16556
107.0,14.0,2019,26.0,,서초,15949
81.2,3.0,2005,30.0,10.0,관악,8263
80.0,26.0,2023,5.0,11.0,영등포,14976
150.0,18.0,1994,17.0,4.0,관악,14086
66.8,5.0,2016,28.0,12.0,성동,8080
81.8,10.0,1997,29.0,10.0,관악,10842
71.6,20.0,2005,10.0,9.0,서초,13780
73.3,27.0,1997,25.0,9.0,서초,12634
30.4,9.0,2003,13.0,11.0,노원,7143
70.5,16.0,2016,6.0,4.0,성동,10264
66.5,25.0,2005,22.0,6.0,영등포,6360
30.0,3.0,2000,30.0,7.0,성동,3000
34.3,16.0,2018,21.0,4.0,영등포,5752
55.8,14.0,1992,13.0,12.0,성동,11523
65.0,29.0,1993,24.0,8.0,노원,9929
76.7,18.0,1998,27.0,1.0,관악,3032
78.5,23.0,2014,27.0,15.0,성동,11178
52.8,14.0,1993,28.0,14.0,강남,10184
92.1,14.0,2023,16.0,6.0,노원,12538
113.9,15.0,1990,14.0,10.0,관악,12920
98.0,27.0,2021,5.0,6.0,마포,20663
107.6,11.0,1993,8.0,12.0,강남,20971
135.3,17.0,2008,5.0,1.0,영등포,16463
88.4,25.0,2014,1.0,15.0,마포,18322
80.6,16.0,1993,9.0,11.0,강남,17428
87.3,11.0,2011,18.0,9.0,관악,10078
37.7,10.0,2012,26.0,7.0,서초,7417
72.8,13.0,1995,30.0,15.0,영등포,8264
37.9,20.0,1997,,4.0,마포,9957
89.7,4.0,2005,3.0,2.0,성동,13501
86.1,9.0,2020,18.0,7.0,관악,8841
145.4,2.0,2015,25.0,9.0,영등포,12493
110.8,5.0,2009,24.0,2.0,영등포,7332
64.4,6.0,2018,1.0,0.0,강남,18090
86.0,27.0,1992,1.0,3.0,강남,16750
101.1,4.0,2012,24.0,2.0,마포,13790
76.9,13.0,2023,11.0,,영등포,11361
95.9,12.0,2004,4.0,14.0,영등포,15044
95.2,1.0,1996,,1.0,강남,14996
75.9,30.0,1990,21.0,10.0,서초,14563
50.2,6.0,2008,13.0,4.0,마포,7342
85.9,29.0,2020,26.0,14.0,강남,19308
98.0,24.0,2017,30.0,13.0,관악,10979
113.9,26.0,1995,19.0,0.0,노원,5387
68.2,10.0,1990,1.0,11.0,서초,21036
51.3,25.0,1991,21.0,0.0,관악,5108
53.9,13.0,1999,9.0,13.0,관악,8197
83.8,13.0,2013,26.0,0.0,서초,10366
,22.0,2000,28.0,,영등포,11178
107.7,6.0,1991,18.0,3.0,서초,14962
87.9,20.0,2008,25.0,14.0,서초,16276
59.6,11.0,1991,22.0,11.0,마포,9135
78.8,16.0,1994,2.0,12.0,영등포,8853
36.7,15.0,1998,18.0,12.0,관악,6333
68.4,5.0,2022,30.0,11.0,마포,12151
138.8,16.0,1993,1.0,2.0,영등포,13380
40.3,6.0,1993,30.0,9.0,서초,9405
67.9,26.0,1992,13.0,14.0,마포,12519
61.9,14.0,2004,16.0,0.0,영등포,9644
47.7,20.0,2000,5.0,9.0,영등포,7328
48.2,16.0,1993,15.0,,마포,10963
46.4,7.0,2007,28.0,5.0,관악,5693
64.7,8.0,2006,8.0,12.0,노원,11400
83.7,18.0,2001,28.0,,성동,11154
75.7,2.0,1999,12.0,9.0,영등포,10952
78.1,5.0,1992,6.0,1.0,영등포,11726
53.2,20.0,2009,17.0,6.0,영등포,6165
80.3,27.0,2016,6.0,8.0,영등포,13065
38.2,27.0,2004,16.0,1.0,성동,6789
70.9,11.0,2022,5.0,9.0,마포,10294
57.1,28.0,2010,25.0,4.0,마포,8811
57.9,7.0,2016,9.0,4.0,강남,11792
,3.0,2017,2.0,15.0,강남,15553
40.7,21.0,2015,11.0,9.0,마포,8136
53.2,9.0,2018,15.0,9.0,영등포,9835
44.6,19.0,1990,23.0,5.0,노원,6197
92.0,1.0,2023,16.0,5.0,노원,9787
68.9,4.0,2013,2.0,3.0,서초,15201
72.1,28.0,2003,6.0,1.0,강남,17474
30.0,18.0,1996,3.0,6.0,마포,9924
96.7,20.0,1997,29.0,3.0,송파,12939
63.7,24.0,1999,,3.0,성동,7252
106.6,18.0,2001,11.0,10.0,노원,13320
79.9,24.0,2018,9.0,14.0,마포,15627
92.5,19.0,2021,25.0,7.0,송파,11937
94.3,26.0,1990,19.0,7.0,강남,18074
67.7,8.0,2001,24.0,13.0,영등포,8533
69.1,28.0,2017,9.0,9.0,서초,17108
115.0,28.0,2021,5.0,7.0,영등포,15768
77.5,29.0,1990,23.0,5.0,성동,11140
113.1,16.0,2009,11.0,2.0,마포,17443
287.2,,2011,6.0,5.0,마포,14075
79.1,6.0,2021,1.0,8.0,영등포,11023
66.9,24.0,2021,5.0,2.0,마포,13424
53.4,18.0,2008,,10.0,마포,15098
33.5,18.0,2015,23.0,11.0,관악,10152
77.2,30.0,2003,18.0,15.0,송파,19960
92.3,25.0,2006,11.0,6.0,노원,9823
30.0,13.0,2021,11.0,5.0,성동,4389
86.9,4.0,2019,13.0,2.0,노원,8294
83.4,16.0,2014,15.0,0.0,관악,9077
86.2,21.0,1993,13.0,15.0,노원,11924
98.1,29.0,2019,27.0,15.0,영등포,12024
123.0,9.0,2007,24.0,0.0,노원,6455
80.9,15.0,2000,3.0,8.0,서초,14307
56.5,12.0,1997,10.0,15.0,마포,12070
124.0,16.0,1990,21.0,2.0,마포,11820
108.8,25.0,2006,22.0,4.0,서초,16368
92.7,18.0,2019,30.0,5.0,송파,12217
64.3,3.0,1993,7.0,4.0,관악,9673
57.8,25.0,2005,20.0,3.0,서초,12943
52.1,11.0,2020,,11.0,마포,12971
,14.0,2005,6.0,13.0,영등포,16707
83.6,27.0,2017,1.0,6.0,관악,12756
46.2,20.0,2004,1.0,14.0,영등포,11833
110.1,30.0,2017,28.0,2.0,송파,15830
46.8,3.0,2000,23.0,9.0,관악,3627
53.9,,2006,26.0,1.0,강남,8560
97.9,7.0,1991,17.0,8.0,노원,7158
92.8,20.0,2000,21.0,2.0,송파,12075
92.4,13.0,2007,25.0,5.0,관악,8947
84.4,7.0,1995,22.0,5.0,송파,11265
70.6,14.0,2017,9.0,15.0,영등포,15419
68.2,1.0,2007,28.0,5.0,영등포,8756
52.6,21.0,2006,22.0,5.0,영등포,4416
47.4,6.0,2014,15.0,2.0,강남,12386
85.3,2.0,1990,9.0,14.0,서초,16953
69.9,15.0,2001,18.0,14.0,영등포,13793
30.0,27.0,2014,7.0,6.0,노원,5537
75.0,4.0,2018,4.0,11.0,노원,8850
85.7,3.0,2017,25.0,10.0,노원,8228
41.6,18.0,1991,12.0,8.0,강남,9106
,27.0,2004,23.0,1.0,강남,9103
66.1,3.0,2010,29.0,5.0,관악,5657
102.8,8.0,2015,2.0,15.0,강남,18953
60.9,19.0,1995,21.0,1.0,마포,8449
73.0,22.0,1991,17.0,4.0,송파,8615
75.6,14.0,1992,15.0,11.0,송파,13142
64.8,28.0,2016,19.0,15.0,노원,16406
130.2,4.0,2014,24.0,0.0,성동,11442
83.7,3.0,1994,25.0,9.0,강남,16941
40.6,29.0,2012,15.0,9.0,관악,8523
111.5,12.0,2002,27.0,4.0,서초,17951
57.6,30.0,2008,,13.0,영등포,9793
69.6,15.0,2002,28.0,10.0,송파,9776
89.1,21.0,2015,12.0,10.0,영등포,12231
76.6,1.0,1993,9.0,6.0,서초,15141
105.5,27.0,2013,16.0,9.0,송파,16085
61.3,15.0,2023,,5.0,성동,6016
44.9,7.0,1999,30.0,8.0,송파,5109
53.8,10.0,2004,19.0,11.0,서초,12800
34.6,28.0,2017,30.0,6.0,관악,4443
58.1,15.0,2007,12.0,5.0,노원,9102
62.7,1.0,2021,23.0,5.0,송파,14740
100.5,14.0,2017,28.0,10.0,영등포,8580
102.5,5.0,2002,22.0,15.0,서초,19478
73.5,22.0,2014,25.0,14.0,노원,8814
79.5,7.0,2007,19.0,6.0,영등포,9383
76.6,21.0,2003,8.0,14.0,송파,13259
99.5,3.0,1991,,4.0,송파,11170
45.7,15.0,1996,19.0,4.0,성동,6087
45.3,8.0,2000,20.0,0.0,관악,7589
83.8,21.0,2005,2.0,6.0,마포,13212
42.6,11.0,2004,28.0,14.0,영등포,5990
43.5,14.0,1994,19.0,3.0,마포,7537
49.5,22.0,2000,25.0,10.0,강남,8559
35.0,2.0,2000,18.0,3.0,성동,4303
54.7,30.0,2021,12.0,,성동,12084
37.6,17.0,2008,13.0,8.0,송파,9114
56.1,17.0,1997,15.0,13.0,마포,8728
123.0,14.0,2021,4.0,11.0,성동,16802
72.3,17.0,2014,12.0,4.0,노원,6465
80.8,16.0,2008,5.0,6.0,노원,8478
93.9,2.0,2003,7.0,7.0,송파,18236
59.9,23.0,2013,20.0,2.0,관악,9634
80.6,23.0,1993,29.0,13.0,강남,15854
107.0,21.0,2001,16.0,10.0,성동,16378
112.5,18.0,2006,22.0,4.0,성동,16069
59.3,13.0,2002,17.0,,서초,9401
81.9,5.0,2016,21.0,15.0,영등포,9258
69.5,5.0,1995,2.0,4.0,노원,11843
53.2,16.0,2007,4.0,7.0,노원,9194
77.8,20.0,2015,6.0,8.0,관악,11139
82.9,14.0,2010,5.0,5.0,송파,16026
123.4,26.0,2023,24.0,11.0,강남,24171
59.9,24.0,1990,,8.0,송파,8974
63.9,30.0,2015,1.0,8.0,영등포,13126
71.1,1.0,2014,11.0,0.0,노원,6479
90.2,19.0,2000,10.0,15.0,강남,20382
51.0,22.0,1999,15.0,0.0,관악,5344
72.0,13.0,2013,3.0,6.0,마포,17927
61.4,5.0,2001,27.0,4.0,영등포,8040
52.1,13.0,1993,12.0,10.0,성동,10759
117.4,9.0,2021,29.0,1.0,강남,16052
74.1,13.0,2013,19.0,12.0,성동,8931
78.8,18.0,2017,8.0,11.0,관악,8991
73.6,19.0,2015,7.0,1.0,영등포,11407
124.8,16.0,2020,23.0,5.0,성동,15785
76.8,2.0,2002,19.0,11.0,관악,9399
39.4,6.0,2014,10.0,15.0,성동,9740
85.5,24.0,2021,29.0,8.0,노원,7682
112.6,28.0,2008,24.0,11.0,서초,16673
74.2,3.0,2019,28.0,8.0,관악,6912
92.4,3.0,2002,3.0,13.0,송파,19210
98.0,22.0,2021,12.0,6.0,마포,14868
35.0,29.0,2002,7.0,0.0,성동,6662
81.0,5.0,2009,28.0,6.0,관악,234473
73.7,10.0,2005,28.0,0.0,강남,8299
120.6,26.0,2013,24.0,5.0,영등포,12769
30.0,2.0,2022,18.0,6.0,성동,4813
131.2,28.0,2006,5.0,13.0,노원,11038
79.3,24.0,2002,9.0,12.0,영등포,12378
75.9,18.0,1993,4.0,5.0,마포,14302
30.0,24.0,2016,11.0,1.0,서초,6118
30.0,18.0,1999,17.0,14.0,서초,8872
43.7,10.0,1997,23.0,1.0,관악,4407
49.4,13.0,1995,15.0,10.0,마포,11253
110.7,6.0,1990,1.0,2.0,노원,9828
51.9,1.0,1992,13.0,15.0,노원,7005
79.7,13.0,2020,19.0,12.0,마포,14384
72.0,1.0,1994,17.0,13.0,강남,14851
38.9,11.0,1995,19.0,1.0,관악,4903
30.1,3.0,1998,9.0,11.0,노원,4671
83.7,10.0,1990,26.0,5.0,강남,13903
76.2,29.0,2006,26.0,13.0,성동,11798
46.6,26.0,2004,27.0,10.0,서초,7969
90.3,2.0,2002,15.0,1.0,마포,8679
60.4,13.0,1993,2.0,8.0,노원,10458
89.2,23.0,2002,24.0,3.0,성동,8643
65.0,30.0,2006,19.0,12.0,영등포,11836
83.3,19.0,1993,17.0,6.0,노원,5607
53.1,14.0,2013,23.0,12.0,노원,11575
97.8,21.0,1998,29.0,1.0,노원,7285
62.8,21.0,1998,11.0,7.0,마포,16674
81.4,30.0,2021,28.0,6.0,마포,11590
66.6,26.0,2012,20.0,0.0,서초,17235
64.7,1.0,2022,9.0,15.0,서초,16787
101.0,7.0,2000,2.0,12.0,서초,21031
53.6,15.0,2018,23.0,0.0,강남,8480
,20.0,2000,11.0,,마포,12329
59.4,18.0,1990,17.0,2.0,마포,7334
92.8,1.0,2001,2.0,15.0,노원,13863
109.9,7.0,2001,17.0,8.0,노원,8826
61.8,9.0,2001,20.0,1.0,영등포,4278
105.8,6.0,2022,7.0,3.0,관악,9359
45.4,25.0,1993,16.0,2.0,마포,7029
46.9,17.0,2008,27.0,1.0,성동,3762
73.8,4.0,1993,6.0,12.0,관악,7525
80.7,30.0,2010,2.0,15.0,노원,12898
85.0,10.0,1992,9.0,5.0,강남,15754
58.0,1.0,2016,7.0,10.0,성동,10561
59.0,16.0,1992,15.0,13.0,마포,9640
113.6,29.0,1991,26.0,14.0,성동,16468
80.2,10.0,1999,26.0,8.0,노원,8742
78.2,28.0,2011,22.0,2.0,관악,9429
42.0,,2021,13.0,5.0,관악,9382
30.0,23.0,1996,14.0,8.0,노원,3191
30.0,12.0,2018,5.0,11.0,관악,5299
47.5,23.0,1990,5.0,10.0,서초,14278
58.9,13.0,2022,9.0,2.0,관악,6443
65.2,28.0,2016,30.0,14.0,마포,8525
64.7,22.0,2012,25.0,4.0,강남,9659
79.2,15.0,2002,24.0,5.0,송파,9730
116.5,2.0,2000,12.0,4.0,마포,10780
76.1,23.0,2003,16.0,1.0,마포,8157
32.1,4.0,1992,23.0,14.0,송파,9337
117.3,3.0,1996,21.0,4.0,송파,13254
68.1,10.0,2000,11.0,1.0,관악,5634
136.5,8.0,2019,18.0,12.0,송파,20013
86.6,25.0,1997,11.0,5.0,관악,9562
65.2,9.0,1993,10.0,0.0,강남,14353
53.4,18.0,2010,10.0,1.0,노원,6623
70.2,24.0,1991,24.0,7.0,서초,8883
124.5,14.0,1998,26.0,11.0,송파,18255
54.3,15.0,2002,30.0,6.0,마포,8197
77.6,22.0,2021,5.0,5.0,성동,14308
75.7,27.0,2007,3.0,3.0,노원,10644
,11.0,2012,15.0,4.0,마포,11797
128.3,,2005,,3.0,서초,21965
76.4,29.0,1995,1.0,,관악,11157
44.2,8.0,1995,24.0,8.0,노원,6162
45.2,16.0,2015,21.0,4.0,관악,5975
57.2,28.0,1996,19.0,,노원,5726
102.4,23.0,2008,5.0,4.0,성동,13936
30.0,17.0,2019,10.0,1.0,강남,7890
75.5,3.0,2016,9.0,11.0,송파,13682
37.1,3.0,2019,26.0,2.0,서초,5840
53.5,3.0,2016,22.0,4.0,성동,6914
87.8,10.0,2008,,2.0,송파,11890
109.6,8.0,1998,11.0,14.0,영등포,14795
66.4,2.0,2004,8.0,10.0,노원,7110
58.0,30.0,2016,15.0,10.0,마포,10970
60.1,24.0,2013,15.0,14.0,성동,12800
71.2,23.0,1995,21.0,8.0,강남,12980
81.7,29.0,1993,13.0,8.0,송파,14422
38.4,17.0,2022,19.0,5.0,관악,7406
84.4,2.0,1999,21.0,14.0,서초,17080
119.4,21.0,1994,8.0,4.0,강남,22779
50.9,1.0,1993,,9.0,강남,7229
44.4,7.0,2009,8.0,9.0,송파,12820
85.0,12.0,2008,26.0,2.0,강남,14856
75.2,17.0,2002,6.0,9.0,강남,17721
41.5,22.0,2006,9.0,2.0,송파,8354
81.0,11.0,2008,5.0,4.0,서초,15396
59.9,20.0,2001,16.0,8.0,성동,10517
93.4,28.0,2009,16.0,9.0,성동,11049
67.3,3.0,2011,17.0,0.0,송파,12664
85.9,24.0,1994,25.0,5.0,강남,14453
80.5,11.0,2005,24.0,7.0,마포,12063
97.5,7.0,2021,20.0,15.0,마포,14880
96.9,11.0,1990,11.0,2.0,관악,11676
30.0,23.0,1992,10.0,3.0,서초,7458
82.2,8.0,2007,18.0,10.0,강남,16558
100.0,11.0,2001,16.0,8.0,성동,13320
136.7,20.0,2010,30.0,0.0,성동,12609
73.3,24.0,2023,23.0,11.0,영등포,13970
113.8,25.0,2023,25.0,11.0,성동,17851
30.0,12.0,2021,5.0,0.0,성동,7080
100.8,11.0,2015,19.0,15.0,송파,19602
42.3,26.0,1997,17.0,12.0,송파,13395
98.3,3.0,1994,7.0,15.0,송파,13990
69.3,5.0,1996,26.0,7.0,영등포,4257
97.8,7.0,2022,7.0,5.0,송파,18682
73.6,13.0,1995,29.0,14.0,노원,6758
61.1,14.0,1996,22.0,14.0,서초,11467
143.2,21.0,2021,16.0,2.0,송파,19221
63.5,13.0,2013,26.0,4.0,송파,9646
30.0,26.0,2010,11.0,1.0,노원,6620
66.8,10.0,2002,28.0,1.0,마포,8526
67.2,14.0,2006,18.0,9.0,영등포,12028
49.8,24.0,1993,19.0,15.0,강남,12730
40.9,23.0,2008,28.0,5.0,마포,5783
79.4,21.0,1991,14.0,3.0,성동,10211
58.3,12.0,1992,,8.0,영등포,8127
94.4,4.0,2000,29.0,9.0,노원,7394
49.7,17.0,1993,1.0,8.0,성동,6539
107.8,20.0,2014,1.0,1.0,관악,15878
63.3,30.0,1992,3.0,8.0,영등포,12320
101.9,10.0,1995,26.0,15.0,강남,18311
96.3,29.0,2013,23.0,6.0,마포,14518
82.6,11.0,1994,26.0,15.0,강남,18550
65.7,15.0,2016,21.0,,마포,7389
37.5,9.0,2003,21.0,12.0,노원,5503
63.1,25.0,2006,7.0,2.0,노원,9613
75.5,23.0,2023,14.0,2.0,성동,10967
78.3,5.0,1996,12.0,15.0,송파,15281
80.2,5.0,1992,24.0,15.0,영등포,9767
58.6,22.0,1994,14.0,0.0,성동,5796
37.6,22.0,2023,16.0,4.0,노원,5722
51.6,7.0,2013,15.0,15.0,관악,8347
87.3,29.0,1998,14.0,13.0,강남,19843
91.6,16.0,1994,22.0,13.0,영등포,9301
70.9,17.0,2012,8.0,6.0,마포,11831
114.6,13.0,2015,1.0,5.0,노원,13349
74.3,30.0,2021,20.0,0.0,노원,6053
119.6,6.0,2007,24.0,4.0,노원,5763
99.5,24.0,2016,26.0,9.0,강남,22302
93.0,,2013,30.0,9.0,송파,9760
66.9,24.0,2013,30.0,0.0,노원,3493
57.4,7.0,1997,19.0,14.0,관악,6879
75.4,7.0,1998,8.0,14.0,강남,17395
76.3,3.0,2004,12.0,10.0,송파,14976
30.0,29.0,2008,9.0,10.0,노원,7427
64.4,9.0,2020,19.0,11.0,관악,7639
40.0,28.0,1996,16.0,1.0,성동,6289
55.5,21.0,2023,27.0,14.0,영등포,10721
59.4,29.0,2019,20.0,12.0,관악,13001
84.0,25.0,2018,19.0,0.0,관악,8254
63.8,14.0,2010,19.0,8.0,송파,11836
98.2,12.0,2007,,9.0,관악,8335
82.7,28.0,2009,6.0,2.0,영등포,17902
115.6,28.0,2000,10.0,15.0,영등포,18698
40.3,14.0,1995,30.0,1.0,성동,3000
96.1,22.0,2006,23.0,10.0,영등포,11225
32.0,28.0,2006,12.0,11.0,영등포,6749
66.6,7.0,2005,22.0,11.0,서초,9373
55.4,25.0,2016,4.0,6.0,영등포,12291
96.9,8.0,2015,18.0,6.0,강남,21247
91.1,25.0,2001,19.0,9.0,노원,8260
35.8,23.0,2000,10.0,10.0,서초,13740
30.0,2.0,2017,8.0,8.0,송파,10498
62.2,23.0,2015,12.0,4.0,강남,14358
66.6,28.0,1995,25.0,11.0,관악,8342
63.6,28.0,2020,23.0,7.0,송파,9911
55.2,16.0,1990,1.0,,서초,16296
144.3,,2013,29.0,3.0,서초,22121
80.2,29.0,2002,28.0,12.0,노원,9537
74.9,6.0,2016,24.0,7.0,강남,11171
119.2,3.0,2001,6.0,8.0,마포,16224
88.9,16.0,1995,2.0,5.0,노원,11132
96.7,26.0,2006,27.0,2.0,강남,18463
83.4,27.0,2007,17.0,13.0,서초,15941
60.3,27.0,2018,25.0,0.0,마포,8326
30.0,16.0,2012,29.0,0.0,영등포,4504
116.8,23.0,2013,20.0,5.0,송파,21977
98.2,17.0,1990,27.0,9.0,영등포,7240
75.0,24.0,2022,24.0,0.0,마포,11234
121.2,13.0,2019,,3.0,송파,16329
88.3,16.0,2014,14.0,6.0,송파,15297
92.2,28.0,2008,7.0,6.0,송파,19514
92.9,17.0,2008,25.0,10.0,관악,7459
134.0,21.0,1996,19.0,13.0,성동,13682
62.9,7.0,1995,8.0,5.0,송파,9492
88.6,18.0,2020,8.0,4.0,강남,18791
99.5,20.0,2012,17.0,7.0,영등포,12672
66.4,29.0,2011,26.0,4.0,성동,11685
101.8,16.0,2012,8.0,2.0,노원,9643
122.5,27.0,1990,30.0,15.0,노원,11879
46.1,11.0,2022,10.0,2.0,영등포,11464
64.3,7.0,1998,30.0,5.0,영등포,5461
114.6,4.0,1993,2.0,1.0,노원,6439
46.6,11.0,2018,27.0,3.0,관악,5926
42.0,23.0,2003,4.0,3.0,성동,14528
77.8,20.0,2022,,13.0,성동,15874
79.7,29.0,2002,18.0,4.0,관악,7675
100.6,24.0,1990,8.0,10.0,성동,17319
100.9,29.0,2020,21.0,10.0,성동,11838
85.6,27.0,2016,29.0,2.0,마포,8594
33.8,16.0,2013,,8.0,서초,9665
54.9,25.0,1991,24.0,7.0,서초,6179
55.0,7.0,2010,20.0,10.0,강남,12002
105.8,26.0,2000,19.0,10.0,관악,13255
51.1,25.0,2005,18.0,14.0,노원,8180
102.3,8.0,1995,12.0,13.0,마포,13348
80.3,4.0,2011,24.0,1.0,노원,3857
75.7,11.0,1996,23.0,9.0,서초,11354
45.1,12.0,2006,16.0,5.0,송파,5354
95.7,6.0,1995,22.0,12.0,성동,12252
112.6,2.0,2016,26.0,1.0,성동,11577
30.0,23.0,1998,10.0,15.0,강남,10467
57.8,27.0,2021,20.0,9.0,서초,12506
93.9,29.0,2018,29.0,11.0,마포,15778
116.9,26.0,1993,21.0,3.0,강남,14907
102.5,20.0,2003,,8.0,관악,9377
48.8,18.0,2022,25.0,2.0,성동,5609
86.3,8.0,2003,15.0,9.0,성동,13102
86.1,2.0,2018,12.0,14.0,마포,15174
68.3,17.0,2006,19.0,9.0,송파,10862
99.9,25.0,1994,8.0,5.0,관악,11694
110.2,1.0,1992,3.0,,성동,13250
86.8,2.0,2017,20.0,0.0,영등포,8681
86.0,23.0,1990,14.0,15.0,서초,161856
108.7,2.0,2006,26.0,1.0,서초,10413
112.5,9.0,1996,17.0,3.0,영등포,10828
31.4,20.0,2019,18.0,1.0,마포,5409
98.9,9.0,2006,7.0,6.0,노원,11491
85.2,20.0,2023,,4.0,송파,14330
42.9,9.0,2012,15.0,7.0,강남,8759
89.2,21.0,2023,27.0,13.0,관악,8966
91.3,14.0,2006,9.0,10.0,관악,12118
30.7,15.0,2019,10.0,14.0,서초,9339
93.9,12.0,1997,17.0,4.0,노원,8360
83.2,9.0,2019,23.0,15.0,서초,16029
77.5,15.0,2008,12.0,5.0,관악,7626
65.8,10.0,2009,6.0,4.0,성동,12338
105.0,4.0,2000,9.0,1.0,노원,8673
67.3,4.0,2015,27.0,9.0,영등포,11098
86.3,6.0,2016,20.0,11.0,관악,10987
73.5,7.0,2022,,4.0,노원,10837
93.4,29.0,2021,,1.0,관악,9352
57.9,10.0,2014,6.0,8.0,노원,8221
93.5,11.0,2018,29.0,8.0,강남,16741
104.3,23.0,1991,6.0,0.0,강남,16393
74.3,27.0,1999,14.0,4.0,서초,18152
46.2,23.0,2021,21.0,7.0,성동,6824
82.0,18.0,2017,11.0,1.0,송파,13597
100.4,3.0,2008,23.0,13.0,서초,14148
73.3,22.0,2022,10.0,5.0,서초,15619
37.6,27.0,2000,12.0,10.0,송파,10976
115.3,16.0,2004,26.0,0.0,성동,15806
67.1,24.0,1992,30.0,6.0,송파,11716
81.5,2.0,2006,28.0,15.0,노원,6226
79.1,13.0,2023,5.0,9.0,관악,16197
58.0,24.0,1998,7.0,6.0,강남,13688
105.7,15.0,2009,11.0,4.0,영등포,12788
90.7,25.0,2014,30.0,0.0,송파,16793
65.5,21.0,2017,14.0,0.0,마포,12745
95.4,28.0,2010,5.0,6.0,강남,17364
50.2,24.0,2022,1.0,4.0,성동,11623
109.8,20.0,1993,25.0,13.0,송파,14898
60.9,28.0,2014,,10.0,영등포,10787
91.4,30.0,2011,3.0,7.0,송파,237486
33.2,24.0,1996,,3.0,영등포,8014
59.9,9.0,2013,10.0,9.0,영등포,10538
94.0,29.0,2013,23.0,14.0,강남,21694
87.5,28.0,2012,8.0,14.0,영등포,11420
113.2,9.0,2016,19.0,2.0,송파,16100
98.1,14.0,2000,30.0,4.0,송파,11682
39.1,2.0,1999,14.0,10.0,관악,5536
68.6,3.0,1991,3.0,,관악,8987
53.2,22.0,1991,21.0,13.0,마포,11760
73.7,27.0,2008,6.0,7.0,노원,13882
79.1,18.0,2014,8.0,2.0,노원,9993
44.3,3.0,1996,3.0,0.0,강남,13220
73.0,25.0,2008,18.0,1.0,마포,9331
81.9,28.0,2010,3.0,6.0,영등포,13388
73.6,6.0,2021,29.0,8.0,관악,5574
77.8,25.0,1998,22.0,,강남,18912
46.1,27.0,2011,20.0,3.0,서초,8827
70.6,21.0,1998,2.0,12.0,영등포,10006
86.5,10.0,2003,19.0,9.0,관악,10407
72.6,12.0,1998,19.0,4.0,영등포,6364
82.5,23.0,1996,10.0,6.0,강남,16259
126.5,26.0,1998,27.0,11.0,성동,13634
104.3,17.0,2022,30.0,7.0,서초,17244
80.3,13.0,2012,18.0,11.0,서초,17590
37.7,6.0,2012,21.0,8.0,송파,9945
58.7,15.0,2016,20.0,1.0,송파,4436
46.5,8.0,2015,11.0,8.0,서초,12580
64.0,23.0,2015,28.0,3.0,성동,8456
77.8,28.0,1991,20.0,0.0,관악,6605
59.4,5.0,2006,7.0,1.0,영등포,7117
85.0,11.0,1991,17.0,7.0,영등포,10714
98.6,13.0,2021,7.0,11.0,성동,15800
87.2,6.0,2021,6.0,9.0,서초,17595
64.7,4.0,2012,5.0,10.0,영등포,11569
96.7,16.0,2022,28.0,8.0,서초,13775
61.1,13.0,2011,24.0,2.0,관악,4771
85.5,7.0,2017,25.0,0.0,송파,15153
48.9,21.0,2003,28.0,8.0,영등포,6143
85.7,2.0,2019,19.0,10.0,마포,11922
73.3,26.0,2000,5.0,12.0,노원,11657
95.4,4.0,2001,9.0,10.0,서초,15751
74.7,2.0,2003,28.0,6.0,서초,12071
87.5,21.0,2008,10.0,2.0,송파,13282
39.9,5.0,1999,9.0,11.0,송파,10014
84.9,16.0,2010,3.0,2.0,영등포,13146
94.0,2.0,2019,25.0,11.0,마포,10932
57.3,16.0,2021,28.0,,송파,12471
95.2,11.0,2023,21.0,10.0,성동,16282
106.3,10.0,2005,29.0,7.0,강남,16112
117.8,15.0,1992,9.0,15.0,노원,14471
101.8,2.0,1996,20.0,14.0,마포,11125
52.5,25.0,2019,24.0,7.0,강남,11691
44.3,4.0,2019,6.0,8.0,서초,12255
41.2,26.0,2012,25.0,8.0,관악,243384
95.6,10.0,2003,6.0,3.0,노원,7902
45.2,6.0,1997,19.0,3.0,마포,5639
30.0,16.0,2016,20.0,0.0,영등포,3000
50.8,25.0,2022,29.0,12.0,강남,9576
76.1,9.0,2003,12.0,2.0,성동,10763
32.3,1.0,2017,16.0,12.0,마포,5498
111.7,24.0,2005,14.0,9.0,송파,15484
82.4,28.0,1996,14.0,12.0,서초,19320
,21.0,1996,6.0,3.0,노원,10349
109.4,27.0,2010,28.0,12.0,강남,22908
65.8,7.0,2008,25.0,11.0,송파,10429
83.3,,1997,20.0,15.0,마포,11627
287.1,11.0,1995,4.0,6.0,마포,15299
57.5,30.0,1993,3.0,2.0,영등포,7494
112.8,23.0,1995,30.0,5.0,서초,16037
109.7,26.0,1998,,1.0,송파,14317
67.2,,1998,5.0,12.0,성동,10056
54.8,13.0,2007,16.0,13.0,송파,13007
38.0,27.0,2001,6.0,4.0,서초,10091
84.4,18.0,2012,10.0,9.0,노원,13517
64.7,1.0,1998,6.0,10.0,성동,12581
30.3,14.0,2013,17.0,13.0,마포,10010
106.5,20.0,2000,,8.0,노원,12032
106.7,2.0,2023,23.0,10.0,송파,14984
91.7,9.0,1996,23.0,6.0,송파,10828
110.5,19.0,1993,10.0,3.0,강남,20696
69.5,5.0,1991,23.0,7.0,서초,6504
30.6,29.0,2021,5.0,7.0,영등포,10544
81.3,13.0,2014,7.0,14.0,서초,20287
48.9,3.0,2019,6.0,12.0,강남,13576
58.1,23.0,1996,24.0,7.0,노원,6023
31.4,12.0,1993,5.0,7.0,서초,4913
53.6,25.0,2017,16.0,4.0,영등포,7921
78.9,5.0,1999,21.0,13.0,성동,8623
66.2,25.0,2006,25.0,6.0,서초,10292
73.1,11.0,1999,5.0,15.0,송파,14454
76.6,10.0,1993,26.0,13.0,영등포,11341
105.3,,2018,22.0,5.0,송파,13600
92.8,5.0,2023,5.0,11.0,서초,17763
109.3,13.0,1999,29.0,7.0,영등포,11298
30.0,4.0,1997,20.0,7.0,영등포,3000
41.4,6.0,2011,30.0,12.0,성동,5707
115.2,5.0,2010,13.0,13.0,마포,16492
50.3,10.0,2006,6.0,7.0,영등포,10102
45.1,29.0,1991,2.0,7.0,성동,8312
44.6,7.0,2015,6.0,11.0,마포,11439
67.1,15.0,1997,8.0,12.0,관악,10322
99.9,23.0,2023,22.0,6.0,서초,16482
30.0,16.0,2009,18.0,4.0,성동,9296
103.1,10.0,1997,4.0,1.0,서초,13683
47.6,5.0,1991,,14.0,관악,9178
109.4,20.0,2014,30.0,2.0,강남,19188
30.0,29.0,2022,25.0,4.0,성동,5960
92.9,29.0,1998,2.0,8.0,영등포,15588
106.7,13.0,2019,28.0,3.0,노원,6366
79.3,6.0,2003,20.0,15.0,관악,7690
107.0,29.0,1991,24.0,14.0,관악,12390
,20.0,2016,,12.0,송파,19507
72.0,9.0,1999,8.0,14.0,성동,11213
63.5,25.0,1993,5.0,7.0,송파,12887
59.1,8.0,2010,2.0,15.0,성동,12966
94.2,5.0,2002,16.0,1.0,영등포,9209
66.8,14.0,2023,4.0,5.0,강남,14256
45.2,4.0,1997,24.0,2.0,서초,5288
101.7,10.0,2018,30.0,6.0,노원,5807
42.0,12.0,2018,4.0,9.0,서초,13671
62.1,25.0,2010,,4.0,영등포,13109
90.7,3.0,1991,5.0,10.0,성동,15871
126.9,30.0,2007,26.0,4.0,영등포,12174
74.3,8.0,2007,6.0,13.0,마포,12152
41.7,17.0,1994,18.0,7.0,마포,10413
91.9,17.0,1990,22.0,4.0,강남,16327
76.6,,2013,19.0,13.0,노원,8755
65.3,10.0,2021,18.0,6.0,강남,211370
70.2,21.0,2005,16.0,1.0,성동,10652
62.8,19.0,1992,6.0,2.0,마포,10081
105.8,24.0,2005,4.0,6.0,강남,22896
69.7,4.0,2017,22.0,0.0,노원,6968
96.2,30.0,2001,17.0,7.0,서초,13918
51.8,9.0,2018,5.0,,송파,9087
92.4,30.0,2002,16.0,4.0,관악,11293
98.1,30.0,2018,11.0,8.0,성동,20211
96.8,21.0,1997,20.0,3.0,강남,12705
67.8,24.0,2001,,9.0,서초,15369
93.0,28.0,1992,2.0,14.0,성동,18122
90.1,27.0,2000,21.0,15.0,영등포,9964
,10.0,2013,18.0,6.0,관악,6548
97.1,15.0,2007,27.0,13.0,강남,17497
67.3,6.0,1992,20.0,14.0,관악,10474
36.8,29.0,2023,20.0,12.0,영등포,9766
30.0,6.0,2014,13.0,8.0,마포,7698
47.6,3.0,2012,20.0,,노원,3000
92.0,15.0,2001,19.0,11.0,노원,4265
61.5,18.0,2010,13.0,15.0,강남,16591
72.1,30.0,2008,30.0,6.0,서초,10009
69.4,7.0,2007,4.0,0.0,강남,14411
99.1,11.0,2004,9.0,7.0,성동,11938
36.1,22.0,1997,18.0,3.0,노원,5849
63.3,13.0,2019,22.0,9.0,송파,12163
103.7,23.0,2012,3.0,2.0,송파,16121
63.7,,2014,9.0,3.0,성동,12383
44.1,6.0,2012,3.0,13.0,송파,12393
41.0,20.0,2001,10.0,5.0,영등포,6805
49.2,13.0,2021,27.0,0.0,노원,5500
59.1,16.0,2020,22.0,7.0,서초,13197
59.7,11.0,1995,17.0,8.0,송파,11650
56.8,16.0,1990,9.0,3.0,관악,10210
41.4,,2017,,7.0,송파,7595
75.5,20.0,1990,24.0,0.0,노원,3000
92.9,14.0,1994,23.0,15.0,영등포,10095
56.0,27.0,1996,23.0,5.0,노원,3564
72.8,11.0,2023,24.0,7.0,서초,11492
30.0,24.0,2021,21.0,15.0,송파,8813
106.3,20.0,2012,23.0,10.0,강남,20905
30.0,9.0,2023,16.0,7.0,관악,6525
55.1,12.0,2008,24.0,9.0,마포,9492
67.1,11.0,2011,3.0,2.0,관악,12303
99.7,20.0,1992,26.0,1.0,성동,8791
55.2,26.0,1998,25.0,0.0,성동,7529
118.8,4.0,2017,5.0,3.0,관악,11766
80.7,15.0,2000,23.0,14.0,송파,15970
62.5,18.0,2002,27.0,2.0,노원,3000
81.4,21.0,2000,20.0,7.0,노원,8746
71.0,14.0,2022,9.0,9.0,강남,18347
70.1,17.0,2021,22.0,13.0,서초,12738
82.9,15.0,2011,1.0,14.0,관악,13174
59.6,30.0,2006,12.0,13.0,강남,11456
57.1,22.0,1994,,7.0,송파,10326
74.8,24.0,2014,22.0,4.0,영등포,10002
136.4,16.0,2012,24.0,7.0,관악,11023
84.5,27.0,2023,19.0,15.0,관악,13635
82.8,5.0,2016,16.0,,노원,10143
82.8,10.0,1999,23.0,12.0,서초,13734
126.4,11.0,2021,29.0,9.0,마포,18305
89.8,12.0,2022,19.0,14.0,강남,21358
71.9,11.0,2002,23.0,3.0,강남,10248
56.4,20.0,2003,29.0,1.0,서초,7957
115.6,10.0,1993,28.0,4.0,강남,16534
74.6,15.0,1992,22.0,12.0,송파,12830
92.3,18.0,2008,13.0,14.0,마포,17889
54.0,6.0,2015,29.0,13.0,영등포,7378
65.7,15.0,2003,30.0,12.0,송파,7276
113.0,4.0,1998,20.0,,서초,14739
83.6,18.0,1995,13.0,14.0,송파,17274
,10.0,2011,6.0,3.0,서초,18483
37.4,26.0,2006,,4.0,관악,8828
99.7,29.0,1993,16.0,14.0,마포,14753
58.5,20.0,2023,14.0,8.0,송파,14842
65.8,23.0,2023,21.0,8.0,노원,9586
65.8,7.0,1998,29.0,2.0,마포,8608
84.8,17.0,1990,23.0,5.0,강남,15116
62.3,15.0,2010,9.0,13.0,강남,14059
42.4,14.0,2009,21.0,,마포,10752
100.4,4.0,2010,9.0,4.0,성동,18662
63.1,12.0,2020,30.0,2.0,관악,6358
,9.0,1996,17.0,3.0,노원,3591
144.0,26.0,2017,6.0,5.0,성동,18275
64.6,5.0,2021,5.0,11.0,관악,12336
30.0,20.0,1998,11.0,2.0,관악,5170
61.0,16.0,1998,7.0,3.0,서초,9769
78.7,,2004,3.0,3.0,성동,15665
78.8,1.0,2022,,2.0,마포,12877
63.2,21.0,2018,15.0,9.0,관악,8532
103.2,23.0,2004,3.0,4.0,강남,20005
107.3,9.0,2003,16.0,6.0,서초,17168
35.0,3.0,1992,8.0,13.0,영등포,11007
83.5,30.0,2004,29.0,8.0,서초,14617
72.3,11.0,2014,5.0,5.0,서초,15891
81.1,25.0,2013,1.0,4.0,송파,17475
88.9,24.0,1992,14.0,2.0,노원,9086
49.0,20.0,2009,21.0,5.0,송파,9222
58.0,18.0,1991,19.0,11.0,노원,8487
97.2,26.0,1995,1.0,0.0,영등포,12837
75.5,21.0,1992,1.0,13.0,마포,11319
54.0,20.0,2003,,3.0,관악,10022
133.3,10.0,2013,27.0,9.0,강남,21398
57.7,4.0,2007,23.0,4.0,영등포,5351
43.4,14.0,2014,5.0,7.0,영등포,10955
80.4,4.0,1994,14.0,4.0,영등포,7312
30.0,7.0,2016,8.0,5.0,영등포,8752
36.6,29.0,2006,29.0,12.0,강남,10770
106.0,4.0,1997,28.0,8.0,영등포,10898
