고객ID,연월,이용횟수,이용시간(분)
CU00001,2024-01,0.0,0.0
CU00001,2024-02,2.0,23.0
CU00001,2024-03,2.0,67.0
CU00001,2024-04,0.0,2.0
CU00002,2024-01,28.0,388.0
CU00002,2024-02,26.0,333.0
CU00002,2024-03,14.0,256.0
CU00002,2024-04,12.0,214.0
CU00002,2024-05,16.0,180.0
CU00002,2024-06,11.0,203.0
CU00004,2024-01,13.0,440.0
CU00004,2024-02,20.0,693.0
CU00004,2024-03,18.0,230.0
CU00004,2024-04,12.0,347.0
CU00004,2024-05,16.0,544.0
CU00004,2024-06,11.0,423.0
CU00006,2024-06,18.0,493.0
CU00007,2024-01,14.0,515.0
CU00007,2024-02,18.0,
CU00007,2024-03,11.0,371.0
CU00007,2024-04,17.0,297.0
CU00007,2024-05,16.0,593.0
CU00007,2024-06,13.0,485.0
CU00008,2024-01,4.0,134.0
CU00008,2024-02,3.0,68.0
CU00008,2024-03,0.0,2.0
CU00008,2024-05,2.0,64.0
CU00008,2024-06,1.0,57.0
CU00009,2024-01,16.0,237.0
CU00009,2024-02,17.0,567.0
CU00009,2024-03,13.0,409.0
CU00009,2024-04,17.0,348.0
CU00009,2024-05,,407.0
CU00009,2024-06,25.0,647.0
CU00010,2024-01,13.0,437.0
CU00010,2024-02,10.0,215.0
CU00010,2024-03,26.0,519.0
CU00010,2024-04,16.0,627.0
CU00010,2024-05,,285.0
CU00010,2024-06,11.0,372.0
CU00011,2024-04,17.0,290.0
CU00011,2024-05,14.0,242.0
CU00011,2024-06,16.0,610.0
CU00012,2024-01,14.0,203.0
CU00012,2024-02,18.0,379.0
CU00012,2024-03,22.0,677.0
CU00012,2024-04,13.0,262.0
CU00012,2024-05,8.0,121.0
CU00012,2024-06,11.0,300.0
CU00013,2024-01,24.0,693.0
CU00013,2024-02,11.0,221.0
CU00013,2024-03,19.0,563.0
CU00013,2024-04,8.0,130.0
CU00013,2024-05,19.0,413.0
CU00013,2024-06,16.0,589.0
CU00014,2024-01,13.0,462.0
CU00014,2024-02,15.0,411.0
CU00014,2024-03,15.0,510.0
CU00014,2024-04,14.0,334.0
CU00014,2024-05,13.0,421.0
CU00014,2024-06,21.0,225.0
CU00015,2024-01,18.0,545.0
CU00015,2024-02,15.0,209.0
CU00015,2024-03,,310.0
CU00015,2024-04,6.0,87.0
CU00015,2024-05,14.0,367.0
CU00015,2024-06,20.0,227.0
CU00017,2024-01,17.0,293.0
CU00017,2024-02,13.0,504.0
CU00017,2024-03,11.0,232.0
CU00017,2024-04,13.0,370.0
CU00017,2024-05,15.0,240.0
CU00017,2024-06,16.0,276.0
CU00018,2024-06,0.0,0.0
CU00019,2024-06,11.0,
CU00021,2024-01,13.0,446.0
CU00021,2024-02,13.0,377.0
CU00021,2024-03,16.0,612.0
CU00021,2024-05,12.0,444.0
CU00021,2024-06,13.0,407.0
CU00022,2024-01,2.0,49.0
CU00022,2024-02,1.0,31.0
CU00022,2024-03,2.0,89.0
CU00023,2024-01,17.0,624.0
CU00023,2024-02,13.0,186.0
CU00023,2024-03,8.0,223.0
CU00023,2024-04,17.0,263.0
CU00023,2024-05,16.0,172.0
CU00024,2024-01,18.0,435.0
CU00024,2024-02,17.0,411.0
CU00024,2024-03,17.0,656.0
CU00024,2024-04,18.0,205.0
CU00024,2024-05,13.0,170.0
CU00024,2024-06,12.0,385.0
CU00025,2024-01,15.0,230.0
CU00025,2024-02,6.0,110.0
CU00025,2024-03,12.0,215.0
CU00025,2024-04,14.0,529.0
CU00025,2024-05,14.0,435.0
CU00025,2024-06,11.0,384.0
CU00027,2024-01,13.0,472.0
CU00027,2024-02,14.0,508.0
CU00027,2024-03,16.0,406.0
CU00027,2024-04,15.0,565.0
CU00027,2024-05,21.0,530.0
CU00027,2024-06,15.0,464.0
CU00028,2024-01,13.0,265.0
CU00028,2024-02,15.0,577.0
CU00028,2024-04,15.0,203.0
CU00028,2024-05,14.0,337.0
CU00028,2024-06,19.0,699.0
CU00030,2024-01,21.0,276.0
CU00030,2024-02,25.0,
CU00030,2024-03,12.0,303.0
CU00030,2024-04,12.0,192.0
CU00030,2024-05,19.0,632.0
CU00030,2024-06,13.0,350.0
CU00031,2024-01,14.0,155.0
CU00031,2024-02,23.0,808.0
CU00031,2024-03,22.0,557.0
CU00031,2024-04,14.0,305.0
CU00031,2024-05,13.0,129.0
CU00031,2024-06,11.0,452.0
CU00032,2024-02,17.0,571.0
CU00032,2024-03,13.0,
CU00032,2024-04,14.0,
CU00032,2024-05,18.0,590.0
CU00032,2024-06,10.0,229.0
CU00033,2024-05,1.0,9.0
CU00033,2024-06,0.0,0.0
CU00035,2024-01,15.0,250.0
CU00035,2024-02,14.0,168.0
CU00035,2024-04,23.0,381.0
CU00035,2024-05,13.0,383.0
CU00035,2024-06,16.0,405.0
CU00037,2024-01,10.0,292.0
CU00037,2024-02,18.0,192.0
CU00037,2024-03,17.0,334.0
CU00037,2024-04,,234.0
CU00037,2024-05,17.0,308.0
CU00037,2024-06,14.0,551.0
CU00038,2024-01,16.0,497.0
CU00038,2024-02,17.0,487.0
CU00038,2024-03,11.0,108.0
CU00038,2024-04,14.0,484.0
CU00038,2024-05,11.0,322.0
CU00038,2024-06,15.0,269.0
CU00041,2024-01,21.0,348.0
CU00041,2024-02,14.0,479.0
CU00041,2024-03,11.0,230.0
CU00041,2024-04,12.0,178.0
CU00041,2024-05,18.0,685.0
CU00041,2024-06,20.0,501.0
CU00042,2024-01,1.0,15.0
CU00042,2024-02,4.0,86.0
CU00042,2024-03,3.0,111.0
CU00042,2024-04,2.0,24.0
CU00042,2024-05,2.0,42.0
CU00043,2024-01,16.0,232.0
CU00043,2024-02,21.0,522.0
CU00043,2024-03,12.0,230.0
CU00043,2024-04,21.0,392.0
CU00043,2024-05,16.0,296.0
CU00043,2024-06,19.0,481.0
CU00044,2024-01,20.0,714.0
CU00044,2024-02,15.0,372.0
CU00044,2024-03,18.0,628.0
CU00044,2024-04,19.0,517.0
CU00044,2024-05,16.0,587.0
CU00044,2024-06,13.0,192.0
CU00045,2024-01,3.0,35.0
CU00045,2024-02,1.0,24.0
CU00045,2024-03,1.0,8.0
CU00045,2024-04,3.0,64.0
CU00045,2024-05,2.0,49.0
CU00045,2024-06,2.0,3.0
CU00046,2024-01,10.0,185.0
CU00046,2024-02,24.0,455.0
CU00046,2024-03,14.0,457.0
CU00046,2024-04,12.0,276.0
CU00046,2024-05,14.0,442.0
CU00046,2024-06,10.0,242.0
CU00047,2024-01,19.0,312.0
CU00047,2024-02,10.0,320.0
CU00047,2024-03,14.0,486.0
CU00047,2024-04,,338.0
CU00048,2024-01,24.0,396.0
CU00048,2024-02,14.0,486.0
CU00048,2024-03,15.0,230.0
CU00048,2024-04,17.0,501.0
CU00048,2024-05,18.0,424.0
CU00048,2024-06,12.0,437.0
CU00049,2024-01,19.0,657.0
CU00049,2024-02,16.0,333.0
CU00049,2024-03,16.0,583.0
CU00049,2024-04,20.0,236.0
CU00049,2024-05,19.0,695.0
CU00049,2024-06,16.0,434.0
CU00050,2024-01,12.0,291.0
CU00050,2024-02,14.0,
CU00050,2024-03,14.0,318.0
CU00050,2024-04,11.0,197.0
CU00050,2024-05,14.0,347.0
CU00050,2024-06,9.0,132.0
CU00051,2024-01,16.0,360.0
CU00051,2024-02,14.0,283.0
CU00051,2024-03,25.0,985.0
CU00051,2024-04,11.0,446.0
CU00051,2024-05,17.0,670.0
CU00051,2024-06,11.0,202.0
CU00052,2024-02,20.0,741.0
CU00052,2024-04,11.0,303.0
CU00052,2024-05,18.0,511.0
CU00052,2024-06,15.0,
CU00053,2024-01,22.0,616.0
CU00053,2024-02,7.0,215.0
CU00053,2024-03,,222.0
CU00053,2024-04,8.0,147.0
CU00053,2024-05,18.0,532.0
CU00053,2024-06,14.0,349.0
CU00054,2024-01,17.0,442.0
CU00054,2024-02,13.0,240.0
CU00054,2024-04,16.0,624.0
CU00054,2024-05,15.0,567.0
CU00054,2024-06,9.0,377.0
CU00056,2024-01,22.0,500.0
CU00056,2024-02,13.0,202.0
CU00056,2024-03,13.0,450.0
CU00056,2024-04,10.0,351.0
CU00056,2024-05,12.0,390.0
CU00056,2024-06,9.0,308.0
CU00057,2024-01,13.0,258.0
CU00057,2024-02,11.0,305.0
CU00057,2024-03,12.0,491.0
CU00057,2024-04,14.0,234.0
CU00057,2024-05,16.0,290.0
CU00057,2024-06,19.0,770.0
CU00058,2024-01,18.0,281.0
CU00058,2024-02,17.0,267.0
CU00058,2024-03,16.0,410.0
CU00058,2024-04,20.0,242.0
CU00058,2024-05,13.0,274.0
CU00058,2024-06,12.0,194.0
CU00059,2024-01,10.0,326.0
CU00059,2024-02,15.0,401.0
CU00059,2024-03,16.0,226.0
CU00059,2024-04,13.0,220.0
CU00060,2024-01,14.0,479.0
CU00060,2024-02,11.0,311.0
CU00060,2024-03,23.0,266.0
CU00060,2024-04,21.0,732.0
CU00060,2024-05,13.0,445.0
CU00060,2024-06,17.0,307.0
CU00061,2024-01,20.0,548.0
CU00061,2024-02,20.0,461.0
CU00061,2024-03,15.0,477.0
CU00061,2024-04,21.0,815.0
CU00061,2024-05,20.0,551.0
CU00061,2024-06,18.0,421.0
CU00062,2024-01,15.0,593.0
CU00062,2024-02,21.0,297.0
CU00062,2024-03,18.0,680.0
CU00062,2024-04,15.0,224.0
CU00062,2024-05,7.0,278.0
CU00062,2024-06,8.0,93.0
CU00063,2024-01,16.0,162.0
CU00063,2024-02,9.0,98.0
CU00063,2024-03,16.0,409.0
CU00063,2024-04,17.0,197.0
CU00063,2024-05,15.0,197.0
CU00063,2024-06,12.0,456.0
CU00064,2024-01,14.0,341.0
CU00064,2024-02,21.0,242.0
CU00064,2024-03,16.0,306.0
CU00064,2024-04,13.0,487.0
CU00064,2024-05,,417.0
CU00064,2024-06,14.0,480.0
CU00065,2024-01,18.0,394.0
CU00065,2024-02,10.0,332.0
CU00065,2024-03,13.0,269.0
CU00065,2024-04,21.0,332.0
CU00065,2024-05,16.0,317.0
CU00065,2024-06,17.0,521.0
CU00066,2024-01,2.0,37.0
CU00066,2024-02,1.0,40.0
CU00066,2024-03,3.0,115.0
CU00066,2024-04,1.0,15.0
CU00066,2024-05,1.0,36.0
CU00067,2024-01,17.0,618.0
CU00067,2024-02,15.0,248.0
CU00067,2024-03,13.0,367.0
CU00067,2024-04,18.0,
CU00067,2024-05,20.0,687.0
CU00067,2024-06,13.0,384.0
CU00069,2024-01,14.0,442.0
CU00069,2024-02,15.0,184.0
CU00069,2024-03,16.0,534.0
CU00069,2024-04,15.0,162.0
CU00069,2024-05,15.0,584.0
CU00069,2024-06,17.0,427.0
CU00070,2024-02,18.0,305.0
CU00070,2024-03,10.0,301.0
CU00070,2024-04,14.0,179.0
CU00070,2024-05,16.0,551.0
CU00070,2024-06,19.0,324.0
CU00072,2024-01,16.0,226.0
CU00072,2024-02,12.0,210.0
CU00072,2024-03,12.0,276.0
CU00072,2024-04,15.0,
CU00072,2024-05,19.0,736.0
CU00072,2024-06,13.0,406.0
CU00073,2024-01,11.0,268.0
CU00073,2024-02,13.0,192.0
CU00073,2024-03,11.0,415.0
CU00073,2024-04,19.0,380.0
CU00073,2024-05,11.0,263.0
CU00073,2024-06,14.0,275.0
CU00074,2024-01,17.0,228.0
CU00074,2024-02,12.0,287.0
CU00074,2024-03,16.0,445.0
CU00074,2024-04,14.0,223.0
CU00074,2024-05,13.0,470.0
CU00074,2024-06,12.0,149.0
CU00075,2024-01,1.0,8.0
CU00075,2024-02,1.0,14.0
CU00075,2024-03,3.0,69.0
CU00075,2024-04,1.0,33.0
CU00076,2024-01,15.0,306.0
CU00076,2024-02,17.0,630.0
CU00076,2024-03,15.0,589.0
CU00076,2024-04,17.0,669.0
CU00076,2024-05,13.0,282.0
CU00076,2024-06,15.0,369.0
CU00077,2024-02,2.0,66.0
CU00077,2024-03,1.0,30.0
CU00079,2024-01,12.0,204.0
CU00079,2024-02,12.0,173.0
CU00079,2024-03,21.0,790.0
CU00079,2024-04,14.0,413.0
CU00079,2024-05,12.0,178.0
CU00079,2024-06,15.0,171.0
CU00080,2024-01,22.0,289.0
CU00080,2024-02,21.0,382.0
CU00080,2024-03,13.0,293.0
CU00080,2024-04,20.0,599.0
CU00080,2024-05,10.0,173.0
CU00080,2024-06,13.0,156.0
CU00081,2024-01,18.0,472.0
CU00081,2024-02,14.0,326.0
CU00081,2024-03,12.0,448.0
CU00081,2024-04,8.0,240.0
CU00081,2024-05,14.0,496.0
CU00081,2024-06,28.0,1007.0
CU00082,2024-01,9.0,343.0
CU00082,2024-02,9.0,224.0
CU00082,2024-03,14.0,237.0
CU00082,2024-04,15.0,253.0
CU00082,2024-05,8.0,170.0
CU00082,2024-06,14.0,453.0
CU00083,2024-04,19.0,545.0
CU00083,2024-06,19.0,421.0
CU00085,2024-01,16.0,626.0
CU00085,2024-02,19.0,446.0
CU00085,2024-03,14.0,400.0
CU00085,2024-04,14.0,528.0
CU00085,2024-05,8.0,321.0
CU00085,2024-06,15.0,391.0
CU00086,2024-01,14.0,332.0
CU00086,2024-02,13.0,444.0
CU00086,2024-03,12.0,310.0
CU00086,2024-04,13.0,445.0
CU00086,2024-05,13.0,384.0
CU00086,2024-06,11.0,369.0
CU00087,2024-01,13.0,476.0
CU00087,2024-02,11.0,375.0
CU00087,2024-03,25.0,419.0
CU00087,2024-05,18.0,279.0
CU00087,2024-06,11.0,395.0
CU00088,2024-01,16.0,477.0
CU00088,2024-02,13.0,422.0
CU00088,2024-03,9.0,304.0
CU00088,2024-04,18.0,271.0
CU00088,2024-05,8.0,
CU00088,2024-06,11.0,240.0
CU00089,2024-06,15.0,573.0
CU00090,2024-02,11.0,344.0
CU00090,2024-03,19.0,711.0
CU00090,2024-04,21.0,384.0
CU00090,2024-05,12.0,187.0
CU00090,2024-06,13.0,338.0
CU00091,2024-01,14.0,172.0
CU00091,2024-02,11.0,364.0
CU00091,2024-03,17.0,409.0
CU00091,2024-04,,243.0
CU00091,2024-05,15.0,563.0
CU00091,2024-06,11.0,211.0
CU00092,2024-01,,294.0
CU00092,2024-02,14.0,294.0
CU00092,2024-03,14.0,525.0
CU00092,2024-04,16.0,657.0
CU00092,2024-05,13.0,497.0
CU00092,2024-06,17.0,453.0
CU00093,2024-01,7.0,110.0
CU00093,2024-02,20.0,263.0
CU00093,2024-03,12.0,412.0
CU00093,2024-04,11.0,391.0
CU00093,2024-05,19.0,251.0
CU00093,2024-06,14.0,367.0
CU00094,2024-02,16.0,261.0
CU00094,2024-03,15.0,539.0
CU00094,2024-04,22.0,516.0
CU00094,2024-05,18.0,450.0
CU00094,2024-06,11.0,113.0
CU00096,2024-01,10.0,407.0
CU00096,2024-02,19.0,402.0
CU00096,2024-03,17.0,174.0
CU00096,2024-05,17.0,592.0
CU00096,2024-06,15.0,
CU00099,2024-01,17.0,186.0
CU00099,2024-02,12.0,359.0
CU00099,2024-03,20.0,558.0
CU00099,2024-04,15.0,558.0
CU00099,2024-05,13.0,451.0
CU00099,2024-06,21.0,421.0
CU00100,2024-01,3.0,74.0
CU00100,2024-02,2.0,44.0
CU00100,2024-03,1.0,10.0
CU00100,2024-04,2.0,55.0
CU00100,2024-05,1.0,14.0
CU00100,2024-06,1.0,29.0
CU00101,2024-01,14.0,284.0
CU00101,2024-02,21.0,245.0
CU00101,2024-03,10.0,137.0
CU00101,2024-04,14.0,204.0
CU00101,2024-05,17.0,605.0
CU00101,2024-06,14.0,331.0
CU00102,2024-01,14.0,534.0
CU00102,2024-02,11.0,112.0
CU00102,2024-03,12.0,441.0
CU00102,2024-04,15.0,280.0
CU00102,2024-05,18.0,277.0
CU00102,2024-06,14.0,282.0
CU00103,2024-01,16.0,172.0
CU00103,2024-02,15.0,219.0
CU00103,2024-03,10.0,332.0
CU00103,2024-04,13.0,161.0
CU00103,2024-05,8.0,159.0
CU00103,2024-06,14.0,392.0
CU00104,2024-01,14.0,463.0
CU00104,2024-02,18.0,428.0
CU00104,2024-03,13.0,203.0
CU00104,2024-04,12.0,458.0
CU00104,2024-05,13.0,507.0
CU00104,2024-06,18.0,232.0
CU00105,2024-04,16.0,274.0
CU00105,2024-05,9.0,282.0
CU00105,2024-06,14.0,383.0
CU00106,2024-01,15.0,198.0
CU00106,2024-02,7.0,216.0
CU00106,2024-03,25.0,811.0
CU00106,2024-04,19.0,478.0
CU00106,2024-05,18.0,213.0
CU00106,2024-06,13.0,215.0
CU00107,2024-02,22.0,647.0
CU00107,2024-03,24.0,679.0
CU00107,2024-04,15.0,544.0
CU00107,2024-05,9.0,149.0
CU00107,2024-06,14.0,361.0
CU00109,2024-04,18.0,282.0
CU00109,2024-05,25.0,849.0
CU00109,2024-06,16.0,592.0
CU00110,2024-01,17.0,645.0
CU00110,2024-02,8.0,112.0
CU00110,2024-03,18.0,578.0
CU00110,2024-04,11.0,322.0
CU00110,2024-05,16.0,186.0
CU00110,2024-06,13.0,151.0
CU00111,2024-01,14.0,459.0
CU00111,2024-03,19.0,293.0
CU00111,2024-04,22.0,874.0
CU00111,2024-05,13.0,203.0
CU00111,2024-06,14.0,366.0
CU00112,2024-01,19.0,349.0
CU00112,2024-02,9.0,304.0
CU00112,2024-03,13.0,357.0
CU00112,2024-04,16.0,559.0
CU00112,2024-05,13.0,488.0
CU00112,2024-06,17.0,203.0
CU00113,2024-01,12.0,431.0
CU00113,2024-02,18.0,565.0
CU00113,2024-03,10.0,185.0
CU00113,2024-04,10.0,396.0
CU00113,2024-05,14.0,352.0
CU00113,2024-06,10.0,131.0
CU00114,2024-01,12.0,136.0
CU00114,2024-02,,344.0
CU00114,2024-03,20.0,689.0
CU00114,2024-04,12.0,396.0
CU00114,2024-05,12.0,201.0
CU00114,2024-06,21.0,796.0
CU00115,2024-01,16.0,634.0
CU00115,2024-02,16.0,254.0
CU00115,2024-03,16.0,184.0
CU00115,2024-04,17.0,182.0
CU00115,2024-05,12.0,185.0
CU00115,2024-06,15.0,235.0
CU00116,2024-01,2.0,78.0
CU00116,2024-02,2.0,30.0
CU00116,2024-03,0.0,0.0
CU00117,2024-01,14.0,493.0
CU00117,2024-02,10.0,237.0
CU00117,2024-03,22.0,787.0
CU00117,2024-04,23.0,893.0
CU00117,2024-05,17.0,
CU00117,2024-06,19.0,546.0
CU00118,2024-01,10.0,400.0
CU00118,2024-02,,
CU00118,2024-03,24.0,695.0
CU00118,2024-04,16.0,472.0
CU00118,2024-05,23.0,263.0
CU00118,2024-06,15.0,337.0
CU00119,2024-01,16.0,544.0
CU00119,2024-02,13.0,240.0
CU00119,2024-03,16.0,580.0
CU00119,2024-04,14.0,527.0
CU00119,2024-05,13.0,326.0
CU00119,2024-06,13.0,449.0
CU00120,2024-01,2.0,46.0
CU00120,2024-02,,74.0
CU00120,2024-03,1.0,29.0
CU00120,2024-04,2.0,
CU00121,2024-01,1.0,30.0
CU00122,2024-01,16.0,311.0
CU00122,2024-02,13.0,194.0
CU00122,2024-03,23.0,532.0
CU00122,2024-04,10.0,198.0
CU00122,2024-05,22.0,285.0
CU00122,2024-06,18.0,498.0
CU00123,2024-01,8.0,259.0
CU00123,2024-02,19.0,425.0
CU00123,2024-03,23.0,400.0
CU00123,2024-04,20.0,268.0
CU00123,2024-05,19.0,314.0
CU00123,2024-06,26.0,885.0
CU00124,2024-01,17.0,358.0
CU00124,2024-02,13.0,364.0
CU00124,2024-03,15.0,510.0
CU00124,2024-04,19.0,568.0
CU00124,2024-05,19.0,725.0
CU00124,2024-06,19.0,309.0
CU00125,2024-02,13.0,191.0
CU00125,2024-03,18.0,515.0
CU00125,2024-05,10.0,176.0
CU00125,2024-06,,396.0
CU00126,2024-01,14.0,435.0
CU00126,2024-02,15.0,458.0
CU00126,2024-03,27.0,708.0
CU00126,2024-04,21.0,408.0
CU00126,2024-05,14.0,457.0
CU00126,2024-06,13.0,362.0
CU00128,2024-01,12.0,184.0
CU00128,2024-03,,186.0
CU00128,2024-04,19.0,255.0
CU00128,2024-05,13.0,446.0
CU00128,2024-06,20.0,509.0
CU00129,2024-01,2.0,14.0
CU00129,2024-02,4.0,49.0
CU00129,2024-03,1.0,28.0
CU00129,2024-04,,27.0
CU00129,2024-05,2.0,35.0
CU00131,2024-01,17.0,509.0
CU00131,2024-02,,476.0
CU00131,2024-03,23.0,554.0
CU00131,2024-04,13.0,346.0
CU00131,2024-05,18.0,229.0
CU00132,2024-01,14.0,277.0
CU00132,2024-02,21.0,549.0
CU00132,2024-03,13.0,173.0
CU00132,2024-04,15.0,295.0
CU00132,2024-05,11.0,163.0
CU00132,2024-06,15.0,390.0
CU00133,2024-01,19.0,549.0
CU00133,2024-02,15.0,169.0
CU00133,2024-03,12.0,338.0
CU00133,2024-04,14.0,511.0
CU00133,2024-05,17.0,321.0
CU00133,2024-06,8.0,245.0
CU00134,2024-01,12.0,405.0
CU00134,2024-04,9.0,157.0
CU00134,2024-05,15.0,552.0
CU00134,2024-06,14.0,234.0
CU00135,2024-01,15.0,548.0
CU00135,2024-02,19.0,428.0
CU00135,2024-03,13.0,116.0
CU00135,2024-04,19.0,313.0
CU00135,2024-05,10.0,274.0
CU00135,2024-06,12.0,147.0
CU00137,2024-01,11.0,275.0
CU00137,2024-02,9.0,339.0
CU00137,2024-03,15.0,160.0
CU00137,2024-04,17.0,282.0
CU00137,2024-05,19.0,645.0
CU00137,2024-06,16.0,162.0
CU00138,2024-01,4.0,77.0
CU00138,2024-02,2.0,39.0
CU00138,2024-03,1.0,17.0
CU00139,2024-02,10.0,340.0
CU00139,2024-03,17.0,601.0
CU00139,2024-04,13.0,228.0
CU00139,2024-05,14.0,435.0
CU00139,2024-06,22.0,267.0
CU00141,2024-03,23.0,264.0
CU00141,2024-04,17.0,550.0
CU00141,2024-05,17.0,239.0
CU00141,2024-06,14.0,164.0
CU00144,2024-03,16.0,341.0
CU00144,2024-04,12.0,341.0
CU00144,2024-05,9.0,337.0
CU00144,2024-06,17.0,200.0
CU00145,2024-01,17.0,642.0
CU00145,2024-02,16.0,609.0
CU00145,2024-03,15.0,195.0
CU00145,2024-04,15.0,347.0
CU00145,2024-05,18.0,442.0
CU00145,2024-06,13.0,388.0
CU00146,2024-01,16.0,391.0
CU00146,2024-02,14.0,163.0
CU00146,2024-03,10.0,385.0
CU00146,2024-04,18.0,187.0
CU00146,2024-05,18.0,264.0
CU00146,2024-06,15.0,562.0
CU00147,2024-02,16.0,542.0
CU00147,2024-03,15.0,330.0
CU00147,2024-04,,839.0
CU00147,2024-05,14.0,525.0
CU00148,2024-04,9.0,264.0
CU00148,2024-05,19.0,318.0
CU00148,2024-06,18.0,188.0
CU00149,2024-01,19.0,519.0
CU00149,2024-02,17.0,371.0
CU00149,2024-03,14.0,290.0
CU00149,2024-04,16.0,558.0
CU00149,2024-05,14.0,389.0
CU00149,2024-06,,298.0
CU00150,2024-04,9.0,123.0
CU00150,2024-05,12.0,356.0
CU00150,2024-06,11.0,150.0
CU00152,2024-01,14.0,546.0
CU00152,2024-02,11.0,301.0
CU00152,2024-03,10.0,351.0
CU00152,2024-04,12.0,172.0
CU00152,2024-05,16.0,626.0
CU00152,2024-06,17.0,206.0
CU00153,2024-03,4.0,77.0
CU00153,2024-04,2.0,25.0
CU00153,2024-05,2.0,23.0
CU00154,2024-01,18.0,628.0
CU00154,2024-02,13.0,115.0
CU00154,2024-03,21.0,669.0
CU00154,2024-04,13.0,187.0
CU00154,2024-05,13.0,
CU00154,2024-06,14.0,398.0
CU00155,2024-02,7.0,91.0
CU00155,2024-03,19.0,564.0
CU00155,2024-04,14.0,469.0
CU00155,2024-05,11.0,357.0
CU00155,2024-06,19.0,332.0
CU00156,2024-01,13.0,313.0
CU00156,2024-02,17.0,454.0
CU00156,2024-03,18.0,605.0
CU00156,2024-04,14.0,537.0
CU00156,2024-05,19.0,762.0
CU00156,2024-06,22.0,254.0
CU00157,2024-01,19.0,699.0
CU00157,2024-02,13.0,297.0
CU00157,2024-03,19.0,533.0
CU00157,2024-04,14.0,273.0
CU00157,2024-05,13.0,255.0
CU00157,2024-06,10.0,240.0
CU00158,2024-01,15.0,259.0
CU00158,2024-02,10.0,239.0
CU00158,2024-04,19.0,375.0
CU00158,2024-05,15.0,448.0
CU00158,2024-06,7.0,102.0
CU00159,2024-01,8.0,176.0
CU00159,2024-02,19.0,549.0
CU00159,2024-03,22.0,463.0
CU00159,2024-04,21.0,748.0
CU00159,2024-05,12.0,426.0
CU00159,2024-06,12.0,288.0
CU00160,2024-01,19.0,728.0
CU00160,2024-02,15.0,233.0
CU00160,2024-03,15.0,166.0
CU00160,2024-04,11.0,368.0
CU00160,2024-05,15.0,195.0
CU00160,2024-06,9.0,147.0
CU00161,2024-01,2.0,15.0
CU00162,2024-02,3.0,74.0
CU00162,2024-03,2.0,10.0
CU00162,2024-04,2.0,46.0
CU00162,2024-05,1.0,31.0
CU00162,2024-06,1.0,18.0
CU00163,2024-01,14.0,400.0
CU00163,2024-02,13.0,423.0
CU00163,2024-03,13.0,199.0
CU00163,2024-04,15.0,476.0
CU00163,2024-05,9.0,96.0
CU00163,2024-06,8.0,150.0
CU00164,2024-01,13.0,221.0
CU00164,2024-02,14.0,228.0
CU00164,2024-03,,295.0
CU00164,2024-04,18.0,225.0
CU00164,2024-05,,403.0
CU00164,2024-06,12.0,411.0
CU00165,2024-01,8.0,294.0
CU00165,2024-02,16.0,430.0
CU00165,2024-03,14.0,499.0
CU00165,2024-04,15.0,461.0
CU00165,2024-05,17.0,390.0
CU00165,2024-06,10.0,121.0
CU00166,2024-01,18.0,286.0
CU00166,2024-02,12.0,177.0
CU00166,2024-03,17.0,566.0
CU00166,2024-04,18.0,716.0
CU00166,2024-05,14.0,350.0
CU00166,2024-06,15.0,287.0
CU00167,2024-01,15.0,281.0
CU00167,2024-02,15.0,318.0
CU00167,2024-03,17.0,272.0
CU00167,2024-04,19.0,555.0
CU00167,2024-05,10.0,156.0
CU00167,2024-06,16.0,621.0
CU00168,2024-01,19.0,596.0
CU00168,2024-02,13.0,367.0
CU00168,2024-03,12.0,274.0
CU00168,2024-04,19.0,344.0
CU00168,2024-05,10.0,197.0
CU00168,2024-06,11.0,88.0
CU00169,2024-01,21.0,260.0
CU00169,2024-02,13.0,458.0
CU00169,2024-03,16.0,302.0
CU00169,2024-04,18.0,675.0
CU00169,2024-05,,266.0
CU00169,2024-06,17.0,500.0
CU00170,2024-01,21.0,611.0
CU00170,2024-02,18.0,602.0
CU00170,2024-03,14.0,244.0
CU00170,2024-04,14.0,482.0
CU00170,2024-05,12.0,467.0
CU00170,2024-06,12.0,119.0
CU00171,2024-01,3.0,85.0
CU00171,2024-02,1.0,22.0
CU00172,2024-06,10.0,183.0
CU00173,2024-01,11.0,341.0
CU00173,2024-02,18.0,193.0
CU00173,2024-03,10.0,363.0
CU00173,2024-04,20.0,532.0
CU00173,2024-06,22.0,837.0
CU00175,2024-01,12.0,360.0
CU00175,2024-02,12.0,245.0
CU00175,2024-03,13.0,143.0
CU00175,2024-04,21.0,251.0
CU00175,2024-05,10.0,333.0
CU00175,2024-06,14.0,249.0
CU00176,2024-04,17.0,457.0
CU00176,2024-05,15.0,
CU00176,2024-06,15.0,199.0
CU00178,2024-01,11.0,386.0
CU00178,2024-02,16.0,272.0
CU00178,2024-03,19.0,465.0
CU00178,2024-04,18.0,480.0
CU00178,2024-05,,195.0
CU00178,2024-06,17.0,674.0
CU00179,2024-02,2.0,37.0
CU00179,2024-03,,0.0
CU00180,2024-01,6.0,179.0
CU00180,2024-02,,552.0
CU00180,2024-03,7.0,235.0
CU00180,2024-04,21.0,799.0
CU00180,2024-05,15.0,283.0
CU00180,2024-06,17.0,189.0
CU00181,2024-01,17.0,350.0
CU00181,2024-02,17.0,207.0
CU00181,2024-03,14.0,567.0
CU00181,2024-05,18.0,648.0
CU00181,2024-06,14.0,333.0
CU00183,2024-04,15.0,284.0
CU00183,2024-05,19.0,555.0
CU00183,2024-06,12.0,315.0
CU00185,2024-05,3.0,42.0
CU00185,2024-06,3.0,92.0
CU00186,2024-01,13.0,369.0
CU00186,2024-02,18.0,192.0
CU00186,2024-03,17.0,499.0
CU00186,2024-04,12.0,293.0
CU00186,2024-05,10.0,201.0
CU00186,2024-06,12.0,236.0
CU00187,2024-01,15.0,363.0
CU00187,2024-02,16.0,198.0
CU00187,2024-03,13.0,292.0
CU00187,2024-04,11.0,394.0
CU00187,2024-05,17.0,454.0
CU00187,2024-06,8.0,234.0
CU00189,2024-01,13.0,229.0
CU00189,2024-02,15.0,305.0
CU00189,2024-03,20.0,244.0
CU00189,2024-04,15.0,166.0
CU00189,2024-05,12.0,229.0
CU00189,2024-06,16.0,476.0
CU00191,2024-01,13.0,161.0
CU00191,2024-02,14.0,260.0
CU00191,2024-03,14.0,375.0
CU00191,2024-04,15.0,216.0
CU00191,2024-05,24.0,923.0
CU00191,2024-06,11.0,211.0
CU00192,2024-01,20.0,312.0
CU00192,2024-02,10.0,194.0
CU00192,2024-03,9.0,257.0
CU00192,2024-04,,267.0
CU00192,2024-05,17.0,445.0
CU00193,2024-01,1.0,21.0
CU00194,2024-01,21.0,597.0
CU00194,2024-02,19.0,475.0
CU00194,2024-03,14.0,237.0
CU00194,2024-04,17.0,571.0
CU00194,2024-05,12.0,462.0
CU00194,2024-06,11.0,294.0
CU00195,2024-01,12.0,412.0
CU00195,2024-02,18.0,249.0
CU00195,2024-03,14.0,387.0
CU00195,2024-04,16.0,271.0
CU00195,2024-05,14.0,518.0
CU00195,2024-06,19.0,480.0
CU00196,2024-01,13.0,201.0
CU00196,2024-02,16.0,263.0
CU00196,2024-03,12.0,177.0
CU00196,2024-04,17.0,443.0
CU00196,2024-05,15.0,402.0
CU00196,2024-06,11.0,345.0
CU00198,2024-01,8.0,213.0
CU00198,2024-02,25.0,707.0
CU00198,2024-03,12.0,273.0
CU00198,2024-04,14.0,437.0
CU00198,2024-05,11.0,203.0
CU00198,2024-06,21.0,512.0
CU00199,2024-01,12.0,253.0
CU00199,2024-02,11.0,240.0
CU00199,2024-03,13.0,
CU00199,2024-04,18.0,705.0
CU00199,2024-05,16.0,400.0
CU00199,2024-06,15.0,580.0
CU00201,2024-01,13.0,161.0
CU00201,2024-02,22.0,796.0
CU00201,2024-03,13.0,366.0
CU00201,2024-04,12.0,367.0
CU00201,2024-05,14.0,
CU00201,2024-06,14.0,543.0
CU00202,2024-01,15.0,467.0
CU00202,2024-02,,70.0
CU00202,2024-03,18.0,631.0
CU00202,2024-04,16.0,533.0
CU00202,2024-05,14.0,506.0
CU00202,2024-06,15.0,600.0
CU00203,2024-01,14.0,421.0
CU00203,2024-02,21.0,446.0
CU00203,2024-03,25.0,434.0
CU00203,2024-04,27.0,672.0
CU00203,2024-05,11.0,
CU00203,2024-06,19.0,450.0
CU00204,2024-01,16.0,370.0
CU00204,2024-02,15.0,375.0
CU00204,2024-03,13.0,479.0
CU00204,2024-04,19.0,455.0
CU00204,2024-05,13.0,
CU00204,2024-06,11.0,153.0
CU00205,2024-01,18.0,658.0
CU00205,2024-02,12.0,325.0
CU00205,2024-03,19.0,449.0
CU00205,2024-04,8.0,193.0
CU00205,2024-05,14.0,346.0
CU00205,2024-06,15.0,496.0
CU00206,2024-06,9.0,145.0
CU00207,2024-06,16.0,304.0
CU00208,2024-01,23.0,878.0
CU00208,2024-02,21.0,332.0
CU00208,2024-03,13.0,142.0
CU00208,2024-04,14.0,348.0
CU00208,2024-05,14.0,
CU00208,2024-06,15.0,167.0
CU00209,2024-01,18.0,550.0
CU00209,2024-02,12.0,366.0
CU00209,2024-03,19.0,490.0
CU00209,2024-04,15.0,142.0
CU00209,2024-05,,588.0
CU00209,2024-06,5.0,151.0
CU00210,2024-01,13.0,339.0
CU00210,2024-02,17.0,365.0
CU00210,2024-03,11.0,228.0
CU00210,2024-04,23.0,753.0
CU00210,2024-05,12.0,207.0
CU00210,2024-06,11.0,246.0
CU00211,2024-01,10.0,212.0
CU00211,2024-03,15.0,320.0
CU00211,2024-04,10.0,242.0
CU00211,2024-05,18.0,661.0
CU00211,2024-06,19.0,637.0
CU00214,2024-04,14.0,306.0
CU00214,2024-05,8.0,184.0
CU00214,2024-06,16.0,246.0
CU00215,2024-01,16.0,615.0
CU00215,2024-02,10.0,236.0
CU00215,2024-03,14.0,549.0
CU00215,2024-04,12.0,437.0
CU00215,2024-05,21.0,724.0
CU00215,2024-06,19.0,709.0
CU00216,2024-01,22.0,279.0
CU00216,2024-02,20.0,772.0
CU00216,2024-03,21.0,659.0
CU00216,2024-04,17.0,318.0
CU00216,2024-06,15.0,412.0
CU00217,2024-01,18.0,257.0
CU00217,2024-02,18.0,238.0
CU00217,2024-03,7.0,70.0
CU00217,2024-04,13.0,172.0
CU00217,2024-05,9.0,207.0
CU00217,2024-06,16.0,491.0
CU00218,2024-01,14.0,423.0
CU00218,2024-02,17.0,653.0
CU00218,2024-03,23.0,511.0
CU00218,2024-04,12.0,325.0
CU00218,2024-05,16.0,614.0
CU00218,2024-06,23.0,742.0
CU00219,2024-01,14.0,490.0
CU00219,2024-02,12.0,233.0
CU00219,2024-03,16.0,634.0
CU00219,2024-04,8.0,141.0
CU00219,2024-05,18.0,224.0
CU00219,2024-06,13.0,447.0
CU00220,2024-01,12.0,387.0
CU00220,2024-03,13.0,143.0
CU00220,2024-04,12.0,257.0
CU00220,2024-05,10.0,356.0
CU00220,2024-06,17.0,554.0
CU00221,2024-01,15.0,410.0
CU00221,2024-02,15.0,354.0
CU00221,2024-03,18.0,560.0
CU00221,2024-04,18.0,608.0
CU00221,2024-05,24.0,826.0
CU00221,2024-06,12.0,376.0
CU00222,2024-01,15.0,556.0
CU00222,2024-02,18.0,221.0
CU00222,2024-03,18.0,201.0
CU00222,2024-04,12.0,303.0
CU00222,2024-05,,184.0
CU00222,2024-06,16.0,411.0
CU00225,2024-01,14.0,212.0
CU00225,2024-02,14.0,537.0
CU00225,2024-03,13.0,252.0
CU00225,2024-04,18.0,291.0
CU00225,2024-05,12.0,262.0
CU00226,2024-01,22.0,805.0
CU00226,2024-02,13.0,254.0
CU00226,2024-03,14.0,530.0
CU00226,2024-04,13.0,214.0
CU00226,2024-05,,257.0
CU00227,2024-02,11.0,418.0
CU00227,2024-03,10.0,152.0
CU00227,2024-04,14.0,515.0
CU00227,2024-05,15.0,385.0
CU00227,2024-06,,266.0
CU00228,2024-01,10.0,328.0
CU00228,2024-02,10.0,336.0
CU00228,2024-03,15.0,176.0
CU00228,2024-04,15.0,536.0
CU00228,2024-05,19.0,438.0
CU00228,2024-06,13.0,124.0
CU00229,2024-05,15.0,437.0
CU00229,2024-06,14.0,431.0
CU00230,2024-01,15.0,208.0
CU00230,2024-02,22.0,256.0
CU00230,2024-03,13.0,198.0
CU00230,2024-04,16.0,417.0
CU00230,2024-05,,92.0
CU00230,2024-06,10.0,184.0
CU00232,2024-01,1.0,31.0
CU00232,2024-02,2.0,42.0
CU00232,2024-03,1.0,42.0
CU00232,2024-04,2.0,64.0
CU00232,2024-05,1.0,28.0
CU00233,2024-03,3.0,89.0
CU00233,2024-04,3.0,129.0
CU00233,2024-05,1.0,28.0
CU00233,2024-06,1.0,38.0
CU00234,2024-01,16.0,593.0
CU00234,2024-02,13.0,251.0
CU00234,2024-03,13.0,412.0
CU00234,2024-04,17.0,648.0
CU00234,2024-05,16.0,627.0
CU00234,2024-06,12.0,286.0
CU00235,2024-01,24.0,400.0
CU00235,2024-02,18.0,412.0
CU00235,2024-03,14.0,223.0
CU00235,2024-05,12.0,280.0
CU00235,2024-06,22.0,295.0
CU00237,2024-01,14.0,524.0
CU00237,2024-02,24.0,641.0
CU00237,2024-03,19.0,270.0
CU00237,2024-04,17.0,548.0
CU00237,2024-05,16.0,512.0
CU00238,2024-01,19.0,441.0
CU00238,2024-02,9.0,339.0
CU00238,2024-04,24.0,871.0
CU00238,2024-05,14.0,476.0
CU00238,2024-06,19.0,397.0
CU00239,2024-01,17.0,656.0
CU00239,2024-02,13.0,479.0
CU00239,2024-03,18.0,409.0
CU00239,2024-06,20.0,563.0
CU00240,2024-01,18.0,533.0
CU00240,2024-02,16.0,205.0
CU00240,2024-03,16.0,607.0
CU00240,2024-04,12.0,411.0
CU00240,2024-05,14.0,193.0
CU00240,2024-06,17.0,384.0
CU00241,2024-02,5.0,185.0
CU00241,2024-03,0.0,0.0
CU00241,2024-04,1.0,41.0
CU00242,2024-01,11.0,251.0
CU00242,2024-02,16.0,452.0
CU00242,2024-03,12.0,372.0
CU00242,2024-04,21.0,359.0
CU00242,2024-05,13.0,369.0
CU00242,2024-06,11.0,390.0
CU00243,2024-01,1.0,30.0
CU00243,2024-02,1.0,28.0
CU00243,2024-03,2.0,64.0
CU00243,2024-04,3.0,54.0
CU00243,2024-05,2.0,28.0
CU00243,2024-06,0.0,
CU00244,2024-03,10.0,206.0
CU00244,2024-04,12.0,340.0
CU00244,2024-05,19.0,262.0
CU00246,2024-01,2.0,65.0
CU00246,2024-02,2.0,52.0
CU00246,2024-03,1.0,22.0
CU00246,2024-04,1.0,24.0
CU00246,2024-05,1.0,29.0
CU00247,2024-01,13.0,130.0
CU00247,2024-02,10.0,319.0
CU00247,2024-03,12.0,339.0
CU00247,2024-04,,462.0
CU00247,2024-06,11.0,116.0
CU00249,2024-01,16.0,302.0
CU00249,2024-02,21.0,511.0
CU00249,2024-03,13.0,348.0
CU00249,2024-04,15.0,194.0
CU00249,2024-05,10.0,331.0
CU00249,2024-06,13.0,272.0
CU00250,2024-01,21.0,690.0
CU00250,2024-03,8.0,90.0
CU00250,2024-05,23.0,
CU00250,2024-06,14.0,243.0
CU00251,2024-01,1.0,19.0
CU00252,2024-01,2.0,33.0
CU00252,2024-02,0.0,2.0
CU00252,2024-03,2.0,56.0
CU00253,2024-02,18.0,444.0
CU00253,2024-04,10.0,351.0
CU00253,2024-05,18.0,355.0
CU00253,2024-06,12.0,311.0
CU00254,2024-02,19.0,680.0
CU00254,2024-03,17.0,198.0
CU00254,2024-04,18.0,577.0
CU00254,2024-05,14.0,250.0
CU00254,2024-06,12.0,176.0
CU00257,2024-01,14.0,284.0
CU00257,2024-02,10.0,158.0
CU00257,2024-03,13.0,281.0
CU00257,2024-04,13.0,293.0
CU00257,2024-05,14.0,266.0
CU00257,2024-06,21.0,566.0
CU00258,2024-01,13.0,337.0
CU00258,2024-02,13.0,303.0
CU00258,2024-03,23.0,661.0
CU00258,2024-05,16.0,420.0
CU00258,2024-06,10.0,367.0
CU00260,2024-01,21.0,214.0
CU00260,2024-02,14.0,154.0
CU00260,2024-03,14.0,150.0
CU00260,2024-04,13.0,479.0
CU00260,2024-05,18.0,440.0
CU00260,2024-06,12.0,300.0
CU00261,2024-01,13.0,379.0
CU00261,2024-02,14.0,255.0
CU00261,2024-03,15.0,484.0
CU00261,2024-04,16.0,579.0
CU00261,2024-05,16.0,533.0
CU00261,2024-06,16.0,167.0
CU00262,2024-01,3.0,39.0
CU00262,2024-02,2.0,40.0
CU00262,2024-03,0.0,0.0
CU00264,2024-02,2.0,64.0
CU00264,2024-03,2.0,29.0
CU00264,2024-04,2.0,28.0
CU00265,2024-01,11.0,414.0
CU00265,2024-02,16.0,446.0
CU00265,2024-03,9.0,177.0
CU00265,2024-04,20.0,301.0
CU00265,2024-05,15.0,368.0
CU00265,2024-06,12.0,325.0
CU00266,2024-01,18.0,526.0
CU00266,2024-02,13.0,397.0
CU00266,2024-03,17.0,593.0
CU00266,2024-04,,668.0
CU00266,2024-06,13.0,410.0
CU00267,2024-01,2.0,54.0
CU00267,2024-02,1.0,33.0
CU00267,2024-03,,28.0
CU00267,2024-04,2.0,115.0
CU00268,2024-01,9.0,99.0
CU00268,2024-02,18.0,427.0
CU00268,2024-03,14.0,169.0
CU00268,2024-04,18.0,516.0
CU00268,2024-05,13.0,155.0
CU00268,2024-06,17.0,245.0
CU00269,2024-03,13.0,347.0
CU00269,2024-04,13.0,333.0
CU00269,2024-05,4.0,44.0
CU00269,2024-06,17.0,538.0
CU00270,2024-02,12.0,193.0
CU00270,2024-03,,515.0
CU00270,2024-04,20.0,276.0
CU00270,2024-05,11.0,328.0
CU00270,2024-06,15.0,569.0
CU00271,2024-01,23.0,924.0
CU00271,2024-02,12.0,137.0
CU00271,2024-03,18.0,187.0
CU00271,2024-04,18.0,610.0
CU00271,2024-05,14.0,535.0
CU00271,2024-06,12.0,141.0
CU00272,2024-01,1.0,47.0
CU00272,2024-02,2.0,38.0
CU00273,2024-01,14.0,420.0
CU00273,2024-02,13.0,391.0
CU00273,2024-03,19.0,484.0
CU00273,2024-04,17.0,
CU00273,2024-05,17.0,262.0
CU00273,2024-06,12.0,412.0
CU00274,2024-02,9.0,223.0
CU00274,2024-03,19.0,733.0
CU00274,2024-04,15.0,138.0
CU00274,2024-05,17.0,677.0
CU00274,2024-06,15.0,194.0
CU00276,2024-01,17.0,387.0
CU00276,2024-03,17.0,457.0
CU00276,2024-04,10.0,390.0
CU00276,2024-05,10.0,195.0
CU00276,2024-06,14.0,521.0
CU00278,2024-01,14.0,349.0
CU00278,2024-02,13.0,175.0
CU00278,2024-03,13.0,436.0
CU00278,2024-04,21.0,506.0
CU00278,2024-05,12.0,155.0
CU00278,2024-06,,376.0
CU00279,2024-01,11.0,208.0
CU00279,2024-02,15.0,423.0
CU00279,2024-03,23.0,264.0
CU00279,2024-04,9.0,205.0
CU00279,2024-05,11.0,114.0
CU00279,2024-06,11.0,318.0
CU00280,2024-01,15.0,219.0
CU00280,2024-02,17.0,180.0
CU00280,2024-03,14.0,207.0
CU00280,2024-04,,444.0
CU00280,2024-05,14.0,549.0
CU00280,2024-06,10.0,314.0
CU00281,2024-01,12.0,359.0
CU00281,2024-02,13.0,150.0
CU00281,2024-03,15.0,323.0
CU00281,2024-04,21.0,730.0
CU00281,2024-05,15.0,275.0
CU00281,2024-06,10.0,156.0
CU00282,2024-01,,510.0
CU00282,2024-02,14.0,147.0
CU00282,2024-03,14.0,452.0
CU00282,2024-05,16.0,594.0
CU00282,2024-06,17.0,296.0
CU00283,2024-01,12.0,271.0
CU00283,2024-02,17.0,642.0
CU00283,2024-03,8.0,189.0
CU00283,2024-04,17.0,336.0
CU00283,2024-05,22.0,
CU00283,2024-06,17.0,575.0
CU00284,2024-06,2.0,32.0
CU00286,2024-01,2.0,49.0
CU00286,2024-02,4.0,98.0
CU00286,2024-03,1.0,54.0
CU00286,2024-04,2.0,76.0
CU00286,2024-06,2.0,46.0
CU00287,2024-01,15.0,435.0
CU00287,2024-02,15.0,236.0
CU00287,2024-03,12.0,451.0
CU00287,2024-04,11.0,155.0
CU00287,2024-05,13.0,217.0
CU00287,2024-06,16.0,355.0
CU00288,2024-02,19.0,714.0
CU00288,2024-03,14.0,276.0
CU00288,2024-04,13.0,284.0
CU00288,2024-05,18.0,550.0
CU00288,2024-06,14.0,336.0
CU00289,2024-01,21.0,753.0
CU00289,2024-02,21.0,283.0
CU00289,2024-03,13.0,472.0
CU00289,2024-04,17.0,285.0
CU00289,2024-05,,143.0
CU00289,2024-06,13.0,445.0
CU00291,2024-01,21.0,468.0
CU00291,2024-02,10.0,301.0
CU00291,2024-03,17.0,361.0
CU00291,2024-04,15.0,511.0
CU00291,2024-05,15.0,475.0
CU00291,2024-06,13.0,317.0
CU00292,2024-02,18.0,420.0
CU00292,2024-03,23.0,907.0
CU00292,2024-04,15.0,298.0
CU00292,2024-05,13.0,322.0
CU00292,2024-06,13.0,356.0
CU00293,2024-01,21.0,694.0
CU00293,2024-02,20.0,596.0
CU00293,2024-03,14.0,400.0
CU00293,2024-04,15.0,252.0
CU00293,2024-05,8.0,95.0
CU00293,2024-06,23.0,727.0
CU00294,2024-05,16.0,227.0
CU00294,2024-06,21.0,483.0
CU00295,2024-01,14.0,286.0
CU00295,2024-02,15.0,220.0
CU00295,2024-03,24.0,669.0
CU00295,2024-04,13.0,292.0
CU00295,2024-05,11.0,218.0
CU00296,2024-01,11.0,168.0
CU00296,2024-02,17.0,441.0
CU00296,2024-03,15.0,429.0
CU00296,2024-04,17.0,250.0
CU00296,2024-05,15.0,207.0
CU00296,2024-06,15.0,420.0
CU00297,2024-01,12.0,349.0
CU00297,2024-02,11.0,178.0
CU00297,2024-03,21.0,317.0
CU00297,2024-04,14.0,144.0
CU00297,2024-05,15.0,318.0
CU00297,2024-06,17.0,450.0
CU00299,2024-01,9.0,317.0
CU00299,2024-02,10.0,267.0
CU00299,2024-03,12.0,323.0
CU00299,2024-04,16.0,473.0
CU00299,2024-05,10.0,256.0
CU00299,2024-06,15.0,530.0
CU00300,2024-06,18.0,523.0
CU00301,2024-01,4.0,138.0
CU00301,2024-02,1.0,7.0
CU00301,2024-03,2.0,73.0
CU00302,2024-01,14.0,174.0
CU00302,2024-02,12.0,188.0
CU00302,2024-03,18.0,223.0
CU00302,2024-04,16.0,394.0
CU00302,2024-05,19.0,715.0
CU00302,2024-06,21.0,611.0
CU00304,2024-01,6.0,60.0
CU00304,2024-02,2.0,64.0
CU00304,2024-04,1.0,3.0
CU00305,2024-01,2.0,75.0
CU00305,2024-02,1.0,34.0
CU00305,2024-03,0.0,7.0
CU00306,2024-01,15.0,441.0
CU00306,2024-02,14.0,410.0
CU00306,2024-03,17.0,315.0
CU00306,2024-04,13.0,332.0
CU00306,2024-05,21.0,357.0
CU00306,2024-06,15.0,531.0
CU00307,2024-01,12.0,409.0
CU00307,2024-02,19.0,579.0
CU00307,2024-03,19.0,431.0
CU00307,2024-04,13.0,218.0
CU00307,2024-05,11.0,383.0
CU00307,2024-06,10.0,190.0
CU00308,2024-01,12.0,261.0
CU00308,2024-02,18.0,328.0
CU00308,2024-03,13.0,258.0
CU00308,2024-04,15.0,407.0
CU00308,2024-05,11.0,280.0
CU00308,2024-06,16.0,376.0
CU00309,2024-01,18.0,218.0
CU00309,2024-02,10.0,
CU00309,2024-03,12.0,197.0
CU00309,2024-04,20.0,738.0
CU00309,2024-05,13.0,154.0
CU00309,2024-06,8.0,294.0
CU00310,2024-02,12.0,154.0
CU00310,2024-03,14.0,186.0
CU00310,2024-05,18.0,258.0
CU00310,2024-06,20.0,196.0
CU00311,2024-01,16.0,178.0
CU00311,2024-02,17.0,624.0
CU00311,2024-03,14.0,222.0
CU00311,2024-04,,481.0
CU00311,2024-05,18.0,502.0
CU00311,2024-06,15.0,365.0
CU00313,2024-02,7.0,237.0
CU00313,2024-03,13.0,167.0
CU00313,2024-05,14.0,474.0
CU00313,2024-06,13.0,494.0
CU00314,2024-01,16.0,385.0
CU00314,2024-02,7.0,198.0
CU00314,2024-03,13.0,373.0
CU00314,2024-04,17.0,634.0
CU00314,2024-05,12.0,147.0
CU00314,2024-06,,433.0
CU00316,2024-02,17.0,494.0
CU00316,2024-03,18.0,298.0
CU00316,2024-04,15.0,389.0
CU00316,2024-05,12.0,216.0
CU00316,2024-06,17.0,429.0
CU00317,2024-01,12.0,215.0
CU00317,2024-02,16.0,354.0
CU00317,2024-03,11.0,379.0
CU00317,2024-04,14.0,466.0
CU00317,2024-05,13.0,504.0
CU00317,2024-06,15.0,467.0
CU00320,2024-01,19.0,557.0
CU00320,2024-02,18.0,253.0
CU00320,2024-03,13.0,265.0
CU00320,2024-04,10.0,265.0
CU00320,2024-05,22.0,581.0
CU00320,2024-06,11.0,255.0
CU00321,2024-05,14.0,471.0
CU00321,2024-06,6.0,175.0
CU00322,2024-01,2.0,67.0
CU00322,2024-02,0.0,0.0
CU00323,2024-01,17.0,503.0
CU00323,2024-02,15.0,432.0
CU00323,2024-03,13.0,504.0
CU00323,2024-04,13.0,175.0
CU00323,2024-05,11.0,251.0
CU00323,2024-06,16.0,551.0
CU00324,2024-01,16.0,330.0
CU00324,2024-02,22.0,255.0
CU00324,2024-03,10.0,109.0
CU00324,2024-04,20.0,539.0
CU00324,2024-05,10.0,369.0
CU00324,2024-06,14.0,217.0
CU00325,2024-01,14.0,372.0
CU00325,2024-02,19.0,631.0
CU00325,2024-03,8.0,246.0
CU00325,2024-04,11.0,434.0
CU00325,2024-05,12.0,421.0
CU00326,2024-02,10.0,371.0
CU00326,2024-03,16.0,272.0
CU00326,2024-04,8.0,
CU00326,2024-05,11.0,263.0
CU00326,2024-06,12.0,138.0
CU00327,2024-01,12.0,461.0
CU00327,2024-03,16.0,537.0
CU00327,2024-04,13.0,387.0
CU00327,2024-05,9.0,219.0
CU00327,2024-06,11.0,198.0
CU00328,2024-01,15.0,589.0
CU00328,2024-02,16.0,312.0
CU00328,2024-03,14.0,501.0
CU00328,2024-04,13.0,205.0
CU00328,2024-05,15.0,169.0
CU00328,2024-06,15.0,396.0
CU00329,2024-01,22.0,385.0
CU00329,2024-02,17.0,392.0
CU00329,2024-03,16.0,367.0
CU00329,2024-04,9.0,135.0
CU00329,2024-05,13.0,485.0
CU00329,2024-06,15.0,542.0
CU00330,2024-01,16.0,198.0
CU00330,2024-03,17.0,444.0
CU00330,2024-04,20.0,379.0
CU00330,2024-05,19.0,295.0
CU00330,2024-06,11.0,340.0
CU00332,2024-01,11.0,386.0
CU00332,2024-02,18.0,196.0
CU00332,2024-03,12.0,373.0
CU00332,2024-04,18.0,557.0
CU00332,2024-05,17.0,246.0
CU00332,2024-06,15.0,549.0
CU00333,2024-01,12.0,411.0
CU00333,2024-02,19.0,371.0
CU00333,2024-03,11.0,315.0
CU00333,2024-04,19.0,620.0
CU00333,2024-05,23.0,420.0
CU00333,2024-06,13.0,528.0
CU00334,2024-01,16.0,437.0
CU00334,2024-02,12.0,233.0
CU00334,2024-03,16.0,605.0
CU00334,2024-04,9.0,160.0
CU00334,2024-05,21.0,515.0
CU00334,2024-06,15.0,185.0
CU00335,2024-01,11.0,271.0
CU00335,2024-02,16.0,393.0
CU00335,2024-03,13.0,210.0
CU00335,2024-04,17.0,199.0
CU00335,2024-05,15.0,272.0
CU00335,2024-06,6.0,180.0
CU00336,2024-01,10.0,177.0
CU00336,2024-02,16.0,470.0
CU00336,2024-03,19.0,386.0
CU00336,2024-04,9.0,338.0
CU00336,2024-05,17.0,666.0
CU00336,2024-06,11.0,358.0
CU00337,2024-01,23.0,367.0
CU00337,2024-02,13.0,363.0
CU00337,2024-03,8.0,283.0
CU00337,2024-04,10.0,324.0
CU00337,2024-05,14.0,336.0
CU00337,2024-06,16.0,178.0
CU00338,2024-05,20.0,734.0
CU00338,2024-06,11.0,428.0
CU00339,2024-01,14.0,353.0
CU00339,2024-02,17.0,367.0
CU00339,2024-03,19.0,643.0
CU00339,2024-04,20.0,304.0
CU00339,2024-05,13.0,266.0
CU00339,2024-06,21.0,631.0
CU00341,2024-01,2.0,16.0
CU00342,2024-01,16.0,318.0
CU00342,2024-02,12.0,477.0
CU00342,2024-03,17.0,311.0
CU00342,2024-04,7.0,194.0
CU00342,2024-05,15.0,377.0
CU00342,2024-06,18.0,274.0
CU00343,2024-01,13.0,260.0
CU00343,2024-03,18.0,278.0
CU00343,2024-04,14.0,244.0
CU00343,2024-05,19.0,486.0
CU00343,2024-06,10.0,323.0
CU00345,2024-01,18.0,301.0
CU00345,2024-02,16.0,294.0
CU00345,2024-03,14.0,167.0
CU00345,2024-04,16.0,342.0
CU00345,2024-05,13.0,389.0
CU00345,2024-06,13.0,510.0
CU00346,2024-01,16.0,456.0
CU00346,2024-02,26.0,878.0
CU00346,2024-03,9.0,253.0
CU00346,2024-04,12.0,286.0
CU00346,2024-05,14.0,282.0
CU00346,2024-06,20.0,604.0
CU00347,2024-01,20.0,602.0
CU00347,2024-02,15.0,413.0
CU00347,2024-03,17.0,483.0
CU00347,2024-04,11.0,135.0
CU00347,2024-05,14.0,439.0
CU00347,2024-06,19.0,588.0
CU00348,2024-01,14.0,415.0
CU00348,2024-03,24.0,266.0
CU00348,2024-04,10.0,291.0
CU00348,2024-05,8.0,175.0
CU00348,2024-06,6.0,120.0
CU00349,2024-01,21.0,535.0
CU00349,2024-02,8.0,190.0
CU00349,2024-03,12.0,367.0
CU00349,2024-04,14.0,234.0
CU00349,2024-05,19.0,674.0
CU00349,2024-06,17.0,613.0
CU00351,2024-01,16.0,421.0
CU00351,2024-02,17.0,576.0
CU00351,2024-03,22.0,809.0
CU00351,2024-04,12.0,185.0
CU00351,2024-05,9.0,283.0
CU00351,2024-06,10.0,264.0
CU00352,2024-05,9.0,305.0
CU00352,2024-06,14.0,218.0
CU00353,2024-01,19.0,384.0
CU00353,2024-02,9.0,234.0
CU00353,2024-03,12.0,165.0
CU00353,2024-04,13.0,280.0
CU00353,2024-05,18.0,546.0
CU00353,2024-06,18.0,222.0
CU00354,2024-01,13.0,511.0
CU00354,2024-02,15.0,345.0
CU00354,2024-03,20.0,319.0
CU00354,2024-04,21.0,808.0
CU00354,2024-05,15.0,448.0
CU00354,2024-06,18.0,421.0
CU00355,2024-01,18.0,347.0
CU00355,2024-02,15.0,367.0
CU00355,2024-03,15.0,457.0
CU00355,2024-04,13.0,353.0
CU00355,2024-05,18.0,522.0
CU00355,2024-06,19.0,474.0
CU00356,2024-01,17.0,623.0
CU00356,2024-02,11.0,321.0
CU00356,2024-03,16.0,177.0
CU00356,2024-04,16.0,184.0
CU00356,2024-06,23.0,905.0
CU00357,2024-01,17.0,609.0
CU00357,2024-02,17.0,355.0
CU00357,2024-03,17.0,428.0
CU00357,2024-04,8.0,239.0
CU00357,2024-05,19.0,227.0
CU00357,2024-06,14.0,272.0
CU00359,2024-01,11.0,324.0
CU00359,2024-02,15.0,219.0
CU00359,2024-03,14.0,493.0
CU00359,2024-04,17.0,327.0
CU00359,2024-06,11.0,388.0
CU00360,2024-01,2.0,67.0
CU00360,2024-02,0.0,0.0
CU00360,2024-03,2.0,29.0
CU00361,2024-01,14.0,297.0
CU00361,2024-02,21.0,492.0
CU00361,2024-03,14.0,223.0
CU00361,2024-04,21.0,269.0
CU00361,2024-05,13.0,347.0
CU00361,2024-06,16.0,564.0
CU00362,2024-01,16.0,259.0
CU00362,2024-02,9.0,255.0
CU00362,2024-03,15.0,332.0
CU00362,2024-04,13.0,475.0
CU00362,2024-05,17.0,348.0
CU00362,2024-06,16.0,433.0
CU00363,2024-05,1.0,22.0
CU00363,2024-06,1.0,
CU00364,2024-06,15.0,172.0
CU00365,2024-01,23.0,
CU00365,2024-02,14.0,401.0
CU00365,2024-03,14.0,380.0
CU00365,2024-04,11.0,341.0
CU00365,2024-05,22.0,341.0
CU00365,2024-06,12.0,280.0
CU00366,2024-01,14.0,263.0
CU00366,2024-02,8.0,223.0
CU00366,2024-04,11.0,247.0
CU00366,2024-05,16.0,487.0
CU00366,2024-06,12.0,132.0
CU00367,2024-01,24.0,569.0
CU00367,2024-02,14.0,345.0
CU00367,2024-03,11.0,134.0
CU00367,2024-04,19.0,729.0
CU00367,2024-05,22.0,475.0
CU00367,2024-06,13.0,347.0
CU00368,2024-01,12.0,308.0
CU00368,2024-02,,364.0
CU00368,2024-03,14.0,502.0
CU00368,2024-04,20.0,745.0
CU00368,2024-05,14.0,222.0
CU00368,2024-06,15.0,236.0
CU00369,2024-01,8.0,261.0
CU00369,2024-02,13.0,232.0
CU00369,2024-03,13.0,152.0
CU00369,2024-04,11.0,230.0
CU00369,2024-05,10.0,279.0
CU00369,2024-06,10.0,384.0
CU00370,2024-01,16.0,620.0
CU00370,2024-02,12.0,235.0
CU00370,2024-03,13.0,176.0
CU00370,2024-04,6.0,190.0
CU00370,2024-05,16.0,194.0
CU00370,2024-06,20.0,237.0
CU00371,2024-01,15.0,204.0
CU00371,2024-02,13.0,217.0
CU00371,2024-03,,255.0
CU00371,2024-04,16.0,376.0
CU00371,2024-05,19.0,525.0
CU00371,2024-06,9.0,327.0
CU00373,2024-01,8.0,231.0
CU00373,2024-02,11.0,409.0
CU00373,2024-03,14.0,295.0
CU00373,2024-04,13.0,374.0
CU00373,2024-06,,451.0
CU00374,2024-01,17.0,255.0
CU00374,2024-02,14.0,249.0
CU00374,2024-04,15.0,437.0
CU00374,2024-05,9.0,309.0
CU00374,2024-06,11.0,172.0
CU00375,2024-01,6.0,191.0
CU00375,2024-02,12.0,317.0
CU00375,2024-03,,654.0
CU00375,2024-04,12.0,416.0
CU00375,2024-05,20.0,463.0
CU00375,2024-06,17.0,589.0
CU00376,2024-01,9.0,256.0
CU00376,2024-02,12.0,280.0
CU00376,2024-03,8.0,226.0
CU00376,2024-04,21.0,680.0
CU00376,2024-05,13.0,279.0
CU00376,2024-06,12.0,474.0
CU00377,2024-01,3.0,74.0
CU00377,2024-02,2.0,30.0
CU00377,2024-03,1.0,17.0
CU00377,2024-04,2.0,34.0
CU00377,2024-05,3.0,104.0
CU00378,2024-01,16.0,271.0
CU00378,2024-02,18.0,490.0
CU00378,2024-03,14.0,345.0
CU00378,2024-04,14.0,229.0
CU00378,2024-05,11.0,101.0
CU00378,2024-06,7.0,121.0
CU00380,2024-01,,287.0
CU00380,2024-02,12.0,184.0
CU00380,2024-03,19.0,450.0
CU00380,2024-04,15.0,584.0
CU00380,2024-05,10.0,130.0
CU00380,2024-06,9.0,
CU00381,2024-01,19.0,305.0
CU00381,2024-03,24.0,739.0
CU00381,2024-04,16.0,526.0
CU00381,2024-05,11.0,237.0
CU00381,2024-06,19.0,403.0
CU00382,2024-01,16.0,517.0
CU00382,2024-02,14.0,153.0
CU00382,2024-03,18.0,705.0
CU00382,2024-04,17.0,512.0
CU00382,2024-05,20.0,722.0
CU00382,2024-06,22.0,324.0
CU00383,2024-01,15.0,512.0
CU00383,2024-02,12.0,356.0
CU00383,2024-03,18.0,638.0
CU00383,2024-04,13.0,406.0
CU00383,2024-05,6.0,95.0
CU00383,2024-06,17.0,270.0
CU00384,2024-01,9.0,118.0
CU00384,2024-02,16.0,615.0
CU00384,2024-03,11.0,254.0
CU00384,2024-04,21.0,382.0
CU00384,2024-05,13.0,436.0
CU00384,2024-06,17.0,501.0
CU00385,2024-05,17.0,237.0
CU00385,2024-06,16.0,172.0
CU00386,2024-01,21.0,637.0
CU00386,2024-02,14.0,329.0
CU00386,2024-03,18.0,511.0
CU00386,2024-05,14.0,344.0
CU00386,2024-06,19.0,474.0
CU00387,2024-01,13.0,221.0
CU00387,2024-02,17.0,543.0
CU00387,2024-03,15.0,467.0
CU00387,2024-04,,246.0
CU00387,2024-05,13.0,149.0
CU00387,2024-06,20.0,433.0
CU00388,2024-01,1.0,6.0
CU00389,2024-01,19.0,729.0
CU00389,2024-02,13.0,413.0
CU00389,2024-04,16.0,314.0
CU00389,2024-05,13.0,148.0
CU00389,2024-06,20.0,723.0
CU00390,2024-01,14.0,311.0
CU00390,2024-02,14.0,176.0
CU00390,2024-03,18.0,714.0
CU00390,2024-04,13.0,253.0
CU00390,2024-05,12.0,237.0
CU00390,2024-06,18.0,445.0
CU00391,2024-01,3.0,99.0
CU00391,2024-02,1.0,32.0
CU00393,2024-01,23.0,359.0
CU00393,2024-03,12.0,203.0
CU00393,2024-04,18.0,245.0
CU00393,2024-05,19.0,736.0
CU00393,2024-06,19.0,625.0
CU00394,2024-01,22.0,298.0
CU00394,2024-02,16.0,562.0
CU00394,2024-03,16.0,599.0
CU00394,2024-04,17.0,594.0
CU00394,2024-05,15.0,182.0
CU00394,2024-06,11.0,202.0
CU00395,2024-04,15.0,532.0
CU00395,2024-06,12.0,447.0
CU00399,2024-01,19.0,615.0
CU00399,2024-02,11.0,159.0
CU00399,2024-03,14.0,386.0
CU00399,2024-04,16.0,219.0
CU00399,2024-05,14.0,537.0
CU00399,2024-06,18.0,464.0
CU00400,2024-01,12.0,489.0
CU00400,2024-03,18.0,515.0
CU00400,2024-04,15.0,529.0
CU00400,2024-05,17.0,230.0
CU00400,2024-06,13.0,311.0
CU00401,2024-02,19.0,292.0
CU00401,2024-03,16.0,285.0
CU00401,2024-04,9.0,322.0
CU00401,2024-05,14.0,543.0
CU00402,2024-01,28.0,939.0
CU00402,2024-02,16.0,233.0
CU00402,2024-04,11.0,396.0
CU00402,2024-05,,327.0
CU00402,2024-06,20.0,792.0
CU00403,2024-01,23.0,832.0
CU00403,2024-02,17.0,617.0
CU00403,2024-03,26.0,458.0
CU00403,2024-04,11.0,337.0
CU00403,2024-05,12.0,463.0
CU00403,2024-06,18.0,330.0
CU00404,2024-01,2.0,49.0
CU00404,2024-02,1.0,4.0
CU00404,2024-03,0.0,2.0
CU00405,2024-01,8.0,159.0
CU00405,2024-03,12.0,470.0
CU00405,2024-04,11.0,223.0
CU00405,2024-05,22.0,283.0
CU00405,2024-06,18.0,411.0
CU00407,2024-01,11.0,296.0
CU00407,2024-02,15.0,470.0
CU00407,2024-03,9.0,340.0
CU00407,2024-04,11.0,339.0
CU00407,2024-05,19.0,507.0
CU00407,2024-06,10.0,242.0
CU00408,2024-05,2.0,33.0
CU00408,2024-06,2.0,83.0
CU00409,2024-01,9.0,241.0
CU00409,2024-02,18.0,
CU00409,2024-03,18.0,
CU00409,2024-04,11.0,308.0
CU00409,2024-05,12.0,250.0
CU00409,2024-06,19.0,264.0
CU00410,2024-01,13.0,479.0
CU00410,2024-02,13.0,199.0
CU00410,2024-03,20.0,390.0
CU00410,2024-04,9.0,337.0
CU00410,2024-05,10.0,365.0
CU00410,2024-06,12.0,429.0
CU00411,2024-01,10.0,260.0
CU00411,2024-02,14.0,272.0
CU00411,2024-03,23.0,653.0
CU00411,2024-04,8.0,
CU00411,2024-05,24.0,552.0
CU00411,2024-06,21.0,583.0
CU00412,2024-01,,539.0
CU00412,2024-02,9.0,114.0
CU00412,2024-03,15.0,417.0
CU00412,2024-04,11.0,314.0
CU00412,2024-05,9.0,282.0
CU00413,2024-04,16.0,308.0
CU00413,2024-05,11.0,427.0
CU00413,2024-06,16.0,187.0
CU00414,2024-01,14.0,137.0
CU00414,2024-02,16.0,229.0
CU00414,2024-03,17.0,345.0
CU00414,2024-04,17.0,440.0
CU00414,2024-05,,740.0
CU00414,2024-06,12.0,252.0
CU00417,2024-01,25.0,420.0
CU00417,2024-02,13.0,190.0
CU00417,2024-03,15.0,570.0
CU00417,2024-04,11.0,423.0
CU00417,2024-05,10.0,122.0
CU00417,2024-06,14.0,172.0
CU00418,2024-01,14.0,248.0
CU00418,2024-02,20.0,243.0
CU00418,2024-03,13.0,159.0
CU00418,2024-04,16.0,229.0
CU00418,2024-05,9.0,296.0
CU00418,2024-06,10.0,250.0
CU00419,2024-01,17.0,482.0
CU00419,2024-02,18.0,197.0
CU00419,2024-03,19.0,531.0
CU00419,2024-04,18.0,626.0
CU00419,2024-05,11.0,293.0
CU00419,2024-06,14.0,138.0
CU00420,2024-01,19.0,636.0
CU00420,2024-03,8.0,301.0
CU00420,2024-04,12.0,363.0
CU00420,2024-05,19.0,639.0
CU00421,2024-01,12.0,386.0
CU00421,2024-02,11.0,414.0
CU00421,2024-03,16.0,
CU00421,2024-04,,499.0
CU00421,2024-05,15.0,437.0
CU00421,2024-06,11.0,191.0
CU00422,2024-04,1.0,32.0
CU00422,2024-05,2.0,33.0
CU00424,2024-01,17.0,458.0
CU00424,2024-02,12.0,180.0
CU00424,2024-03,21.0,243.0
CU00424,2024-04,13.0,337.0
CU00424,2024-05,13.0,394.0
CU00424,2024-06,20.0,285.0
CU00426,2024-01,16.0,523.0
CU00426,2024-02,16.0,190.0
CU00426,2024-03,16.0,599.0
CU00426,2024-04,11.0,176.0
CU00426,2024-05,13.0,249.0
CU00426,2024-06,12.0,206.0
CU00428,2024-01,18.0,398.0
CU00428,2024-02,15.0,457.0
CU00428,2024-03,21.0,786.0
CU00428,2024-04,15.0,601.0
CU00428,2024-05,16.0,345.0
CU00428,2024-06,11.0,212.0
CU00431,2024-01,20.0,308.0
CU00431,2024-03,16.0,382.0
CU00431,2024-04,12.0,295.0
CU00431,2024-05,18.0,463.0
CU00431,2024-06,22.0,828.0
CU00432,2024-04,14.0,515.0
CU00432,2024-05,12.0,307.0
CU00432,2024-06,19.0,443.0
CU00433,2024-01,14.0,556.0
CU00433,2024-02,20.0,472.0
CU00433,2024-03,17.0,498.0
CU00433,2024-04,24.0,652.0
CU00433,2024-05,16.0,358.0
CU00433,2024-06,12.0,411.0
CU00434,2024-01,14.0,472.0
CU00434,2024-02,16.0,277.0
CU00434,2024-03,16.0,462.0
CU00434,2024-04,18.0,486.0
CU00434,2024-05,9.0,95.0
CU00434,2024-06,23.0,772.0
CU00435,2024-01,12.0,303.0
CU00435,2024-02,13.0,482.0
CU00435,2024-03,26.0,592.0
CU00435,2024-04,14.0,417.0
CU00435,2024-05,14.0,349.0
CU00435,2024-06,21.0,591.0
CU00436,2024-01,14.0,248.0
CU00436,2024-02,13.0,378.0
CU00436,2024-03,14.0,223.0
CU00436,2024-04,11.0,163.0
CU00436,2024-05,14.0,412.0
CU00436,2024-06,14.0,258.0
CU00439,2024-01,7.0,133.0
CU00439,2024-03,10.0,357.0
CU00439,2024-04,,404.0
CU00439,2024-05,18.0,569.0
CU00439,2024-06,17.0,677.0
CU00440,2024-01,16.0,609.0
CU00440,2024-02,12.0,150.0
CU00440,2024-03,20.0,424.0
CU00440,2024-04,13.0,182.0
CU00440,2024-05,10.0,337.0
CU00440,2024-06,18.0,499.0
CU00441,2024-04,18.0,182.0
CU00441,2024-05,24.0,329.0
CU00441,2024-06,14.0,384.0
CU00442,2024-01,13.0,484.0
CU00442,2024-02,21.0,253.0
CU00442,2024-03,15.0,325.0
CU00442,2024-06,24.0,939.0
CU00443,2024-01,14.0,301.0
CU00443,2024-02,16.0,172.0
CU00443,2024-03,11.0,225.0
CU00443,2024-04,11.0,149.0
CU00443,2024-05,20.0,259.0
CU00443,2024-06,21.0,245.0
CU00447,2024-01,11.0,224.0
CU00447,2024-03,24.0,368.0
CU00447,2024-04,22.0,232.0
CU00447,2024-05,13.0,390.0
CU00447,2024-06,17.0,299.0
CU00449,2024-03,18.0,263.0
CU00449,2024-04,8.0,182.0
CU00449,2024-05,18.0,687.0
CU00449,2024-06,14.0,332.0
CU00451,2024-01,16.0,321.0
CU00451,2024-02,14.0,156.0
CU00451,2024-03,13.0,139.0
CU00451,2024-04,16.0,472.0
CU00451,2024-05,15.0,545.0
CU00451,2024-06,13.0,210.0
CU00452,2024-01,2.0,70.0
CU00452,2024-02,2.0,41.0
CU00452,2024-03,2.0,71.0
CU00452,2024-04,2.0,25.0
CU00453,2024-05,2.0,10.0
CU00453,2024-06,0.0,0.0
CU00454,2024-01,18.0,293.0
CU00454,2024-02,11.0,194.0
CU00454,2024-03,21.0,723.0
CU00454,2024-04,12.0,416.0
CU00454,2024-05,16.0,205.0
CU00454,2024-06,5.0,69.0
CU00456,2024-01,12.0,244.0
CU00456,2024-02,18.0,189.0
CU00456,2024-03,17.0,337.0
CU00456,2024-04,11.0,390.0
CU00456,2024-05,16.0,296.0
CU00456,2024-06,15.0,578.0
CU00457,2024-01,12.0,150.0
CU00457,2024-03,16.0,391.0
CU00457,2024-04,18.0,414.0
CU00457,2024-05,14.0,207.0
CU00457,2024-06,15.0,250.0
CU00459,2024-01,1.0,15.0
CU00459,2024-02,2.0,100.0
CU00459,2024-03,1.0,41.0
CU00460,2024-01,1.0,45.0
CU00460,2024-02,0.0,3.0
CU00461,2024-05,2.0,
CU00461,2024-06,2.0,23.0
CU00462,2024-01,0.0,
CU00462,2024-02,1.0,29.0
CU00463,2024-01,14.0,242.0
CU00463,2024-02,15.0,252.0
CU00463,2024-03,16.0,351.0
CU00463,2024-04,21.0,258.0
CU00463,2024-05,15.0,341.0
CU00463,2024-06,16.0,194.0
CU00464,2024-01,14.0,230.0
CU00464,2024-02,22.0,417.0
CU00464,2024-03,17.0,265.0
CU00464,2024-04,21.0,603.0
CU00464,2024-05,20.0,721.0
CU00464,2024-06,15.0,266.0
CU00465,2024-01,11.0,149.0
CU00465,2024-02,15.0,479.0
CU00465,2024-03,17.0,194.0
CU00465,2024-04,15.0,233.0
CU00465,2024-05,15.0,583.0
CU00465,2024-06,11.0,134.0
CU00466,2024-01,15.0,319.0
CU00466,2024-02,12.0,217.0
CU00466,2024-03,14.0,192.0
CU00466,2024-04,9.0,258.0
CU00466,2024-05,10.0,345.0
CU00466,2024-06,12.0,352.0
CU00467,2024-01,,243.0
CU00467,2024-02,10.0,310.0
CU00467,2024-03,19.0,291.0
CU00467,2024-04,13.0,459.0
CU00467,2024-05,19.0,574.0
CU00467,2024-06,15.0,217.0
CU00468,2024-01,18.0,191.0
CU00468,2024-02,17.0,394.0
CU00468,2024-03,10.0,203.0
CU00468,2024-04,14.0,160.0
CU00468,2024-05,16.0,501.0
CU00468,2024-06,10.0,151.0
CU00469,2024-01,18.0,349.0
CU00469,2024-02,14.0,211.0
CU00469,2024-03,14.0,482.0
CU00469,2024-04,7.0,90.0
CU00469,2024-05,22.0,873.0
CU00469,2024-06,23.0,374.0
CU00471,2024-01,1.0,24.0
CU00471,2024-02,1.0,30.0
CU00471,2024-03,3.0,59.0
CU00471,2024-04,2.0,51.0
CU00471,2024-05,2.0,46.0
CU00472,2024-01,18.0,382.0
CU00472,2024-02,10.0,287.0
CU00472,2024-03,13.0,237.0
CU00472,2024-04,11.0,334.0
CU00472,2024-05,13.0,140.0
CU00472,2024-06,,214.0
CU00473,2024-01,14.0,153.0
CU00473,2024-02,9.0,342.0
CU00473,2024-03,9.0,223.0
CU00473,2024-04,14.0,209.0
CU00473,2024-05,15.0,485.0
CU00473,2024-06,20.0,379.0
CU00474,2024-01,16.0,349.0
CU00474,2024-02,11.0,298.0
CU00474,2024-03,24.0,623.0
CU00474,2024-04,17.0,233.0
CU00474,2024-05,10.0,296.0
CU00475,2024-01,16.0,341.0
CU00475,2024-02,15.0,329.0
CU00475,2024-03,16.0,560.0
CU00475,2024-04,24.0,913.0
CU00475,2024-05,12.0,222.0
CU00475,2024-06,22.0,831.0
CU00476,2024-01,16.0,284.0
CU00476,2024-02,17.0,523.0
CU00476,2024-03,17.0,421.0
CU00476,2024-04,18.0,299.0
CU00476,2024-05,15.0,397.0
CU00476,2024-06,12.0,295.0
CU00477,2024-01,2.0,50.0
CU00477,2024-03,1.0,41.0
CU00478,2024-01,12.0,332.0
CU00478,2024-02,30.0,1116.0
CU00478,2024-03,12.0,358.0
CU00478,2024-04,19.0,547.0
CU00478,2024-05,11.0,375.0
CU00478,2024-06,15.0,418.0
CU00479,2024-01,14.0,495.0
CU00479,2024-02,17.0,368.0
CU00479,2024-03,15.0,373.0
CU00479,2024-04,7.0,198.0
CU00479,2024-05,10.0,266.0
CU00479,2024-06,18.0,214.0
CU00480,2024-02,21.0,635.0
CU00480,2024-03,16.0,625.0
CU00480,2024-04,15.0,270.0
CU00480,2024-05,19.0,472.0
CU00480,2024-06,10.0,395.0
CU00481,2024-01,19.0,726.0
CU00481,2024-02,14.0,384.0
CU00481,2024-03,19.0,400.0
CU00481,2024-04,12.0,445.0
CU00481,2024-05,10.0,263.0
CU00481,2024-06,9.0,157.0
CU00482,2024-01,14.0,347.0
CU00482,2024-02,17.0,623.0
CU00482,2024-03,14.0,429.0
CU00482,2024-04,14.0,253.0
CU00482,2024-05,22.0,425.0
CU00482,2024-06,17.0,397.0
CU00484,2024-01,8.0,
CU00484,2024-02,14.0,182.0
CU00484,2024-03,19.0,416.0
CU00484,2024-04,17.0,591.0
CU00484,2024-05,23.0,292.0
CU00484,2024-06,15.0,271.0
CU00486,2024-01,,534.0
CU00486,2024-02,18.0,630.0
CU00486,2024-04,7.0,142.0
CU00486,2024-05,13.0,504.0
CU00486,2024-06,19.0,345.0
CU00489,2024-01,14.0,543.0
CU00489,2024-02,18.0,467.0
CU00489,2024-03,14.0,274.0
CU00489,2024-04,16.0,323.0
CU00489,2024-05,16.0,491.0
CU00489,2024-06,8.0,131.0
CU00490,2024-05,14.0,295.0
CU00490,2024-06,15.0,250.0
CU00491,2024-01,2.0,15.0
CU00492,2024-02,15.0,494.0
CU00492,2024-03,14.0,321.0
CU00492,2024-04,22.0,550.0
CU00492,2024-05,9.0,220.0
CU00492,2024-06,8.0,141.0
CU00494,2024-01,16.0,232.0
CU00494,2024-03,18.0,535.0
CU00494,2024-04,14.0,509.0
CU00494,2024-05,15.0,374.0
CU00494,2024-06,18.0,607.0
CU00495,2024-01,13.0,404.0
CU00495,2024-02,10.0,343.0
CU00495,2024-03,9.0,121.0
CU00495,2024-04,20.0,228.0
CU00495,2024-05,24.0,564.0
CU00495,2024-06,9.0,185.0
CU00496,2024-01,14.0,
CU00496,2024-02,15.0,490.0
CU00496,2024-03,17.0,
CU00496,2024-04,14.0,210.0
CU00496,2024-05,23.0,339.0
CU00496,2024-06,14.0,394.0
CU00497,2024-01,11.0,282.0
CU00497,2024-03,11.0,238.0
CU00497,2024-04,15.0,435.0
CU00497,2024-05,11.0,249.0
CU00497,2024-06,31.0,834.0
CU00498,2024-03,2.0,65.0
CU00498,2024-04,2.0,50.0
CU00498,2024-05,2.0,30.0
CU00499,2024-01,12.0,404.0
CU00499,2024-02,13.0,292.0
CU00499,2024-03,15.0,329.0
CU00499,2024-04,12.0,332.0
CU00499,2024-05,9.0,106.0
CU00499,2024-06,15.0,563.0
CU00500,2024-04,1.0,15.0
CU00500,2024-05,1.0,13.0
CU00501,2024-02,15.0,339.0
CU00501,2024-03,17.0,383.0
CU00501,2024-05,9.0,146.0
CU00501,2024-06,15.0,200.0
CU00502,2024-01,,673.0
CU00502,2024-02,12.0,336.0
CU00502,2024-03,16.0,557.0
CU00502,2024-04,19.0,660.0
CU00502,2024-05,17.0,232.0
CU00502,2024-06,12.0,304.0
CU00503,2024-01,21.0,796.0
CU00503,2024-02,13.0,358.0
CU00503,2024-03,14.0,495.0
CU00503,2024-04,20.0,475.0
CU00503,2024-05,15.0,287.0
CU00503,2024-06,22.0,327.0
CU00504,2024-01,19.0,309.0
CU00504,2024-02,18.0,390.0
CU00504,2024-03,18.0,
CU00504,2024-04,13.0,190.0
CU00504,2024-05,12.0,200.0
CU00504,2024-06,16.0,630.0
CU00505,2024-01,20.0,765.0
CU00505,2024-02,16.0,388.0
CU00505,2024-03,,361.0
CU00505,2024-04,7.0,254.0
CU00505,2024-06,20.0,741.0
CU00506,2024-05,20.0,744.0
CU00506,2024-06,17.0,587.0
CU00508,2024-01,1.0,23.0
CU00508,2024-02,4.0,80.0
CU00508,2024-03,2.0,38.0
CU00508,2024-04,2.0,62.0
CU00508,2024-05,2.0,31.0
CU00510,2024-01,10.0,244.0
CU00510,2024-02,19.0,612.0
CU00510,2024-03,9.0,211.0
CU00510,2024-04,13.0,440.0
CU00510,2024-05,11.0,105.0
CU00510,2024-06,21.0,550.0
CU00511,2024-04,19.0,386.0
CU00511,2024-05,13.0,363.0
CU00511,2024-06,12.0,294.0
CU00512,2024-01,4.0,146.0
CU00512,2024-02,1.0,9.0
CU00513,2024-01,10.0,244.0
CU00513,2024-02,9.0,286.0
CU00513,2024-04,12.0,385.0
CU00513,2024-05,10.0,200.0
CU00513,2024-06,16.0,299.0
CU00514,2024-01,1.0,39.0
CU00514,2024-02,2.0,61.0
CU00515,2024-01,21.0,670.0
CU00515,2024-02,21.0,334.0
CU00515,2024-03,21.0,336.0
CU00515,2024-04,10.0,177.0
CU00515,2024-05,14.0,479.0
CU00515,2024-06,12.0,300.0
CU00516,2024-04,1.0,30.0
CU00516,2024-05,2.0,40.0
CU00516,2024-06,3.0,81.0
CU00517,2024-01,13.0,379.0
CU00517,2024-02,17.0,195.0
CU00517,2024-03,11.0,295.0
CU00517,2024-04,20.0,605.0
CU00517,2024-05,19.0,213.0
CU00517,2024-06,11.0,228.0
CU00519,2024-01,14.0,357.0
CU00519,2024-02,11.0,163.0
CU00519,2024-03,11.0,413.0
CU00519,2024-04,13.0,328.0
CU00519,2024-05,19.0,332.0
CU00519,2024-06,14.0,481.0
CU00520,2024-01,23.0,382.0
CU00520,2024-02,19.0,217.0
CU00520,2024-03,16.0,400.0
CU00520,2024-04,17.0,545.0
CU00520,2024-05,19.0,495.0
CU00520,2024-06,17.0,219.0
CU00521,2024-01,24.0,419.0
CU00521,2024-03,9.0,242.0
CU00521,2024-04,24.0,735.0
CU00521,2024-05,13.0,435.0
CU00521,2024-06,15.0,308.0
CU00522,2024-01,17.0,289.0
CU00522,2024-02,13.0,264.0
CU00522,2024-03,18.0,539.0
CU00522,2024-04,11.0,248.0
CU00522,2024-05,12.0,181.0
CU00522,2024-06,16.0,633.0
CU00523,2024-01,13.0,292.0
CU00523,2024-02,12.0,194.0
CU00523,2024-03,19.0,232.0
CU00523,2024-04,24.0,941.0
CU00523,2024-05,10.0,109.0
CU00523,2024-06,17.0,420.0
CU00524,2024-01,8.0,282.0
CU00524,2024-02,21.0,719.0
CU00524,2024-03,13.0,256.0
CU00524,2024-04,14.0,278.0
CU00524,2024-05,11.0,315.0
CU00524,2024-06,16.0,436.0
CU00525,2024-01,15.0,197.0
CU00525,2024-02,14.0,325.0
CU00525,2024-03,20.0,620.0
CU00525,2024-04,17.0,418.0
CU00525,2024-06,21.0,281.0
CU00526,2024-02,12.0,423.0
CU00526,2024-03,15.0,339.0
CU00526,2024-04,18.0,511.0
CU00526,2024-05,12.0,407.0
CU00526,2024-06,15.0,257.0
CU00527,2024-01,15.0,259.0
CU00527,2024-03,16.0,530.0
CU00527,2024-04,16.0,647.0
CU00527,2024-05,20.0,617.0
CU00527,2024-06,12.0,179.0
CU00528,2024-01,17.0,227.0
CU00528,2024-02,22.0,532.0
CU00528,2024-03,15.0,169.0
CU00528,2024-04,9.0,179.0
CU00528,2024-05,11.0,373.0
CU00528,2024-06,11.0,177.0
CU00529,2024-01,15.0,366.0
CU00529,2024-02,17.0,335.0
CU00529,2024-03,9.0,165.0
CU00529,2024-04,13.0,445.0
CU00529,2024-06,21.0,654.0
CU00530,2024-01,17.0,434.0
CU00530,2024-02,12.0,424.0
CU00530,2024-03,16.0,582.0
CU00530,2024-04,14.0,295.0
CU00530,2024-05,14.0,171.0
CU00530,2024-06,23.0,583.0
CU00531,2024-06,2.0,19.0
CU00532,2024-01,12.0,329.0
CU00532,2024-02,13.0,378.0
CU00532,2024-03,12.0,146.0
CU00532,2024-05,12.0,458.0
CU00532,2024-06,12.0,387.0
CU00533,2024-01,1.0,26.0
CU00533,2024-02,2.0,55.0
CU00534,2024-01,18.0,562.0
CU00534,2024-02,17.0,559.0
CU00534,2024-03,16.0,587.0
CU00534,2024-04,20.0,390.0
CU00534,2024-05,15.0,513.0
CU00534,2024-06,13.0,394.0
CU00535,2024-01,17.0,527.0
CU00535,2024-02,18.0,255.0
CU00535,2024-03,17.0,578.0
CU00535,2024-04,10.0,234.0
CU00535,2024-05,10.0,253.0
CU00535,2024-06,16.0,286.0
CU00536,2024-01,0.0,9.0
CU00536,2024-02,3.0,67.0
CU00537,2024-01,9.0,217.0
CU00537,2024-02,17.0,196.0
CU00537,2024-03,13.0,321.0
CU00537,2024-04,19.0,254.0
CU00537,2024-05,14.0,330.0
CU00537,2024-06,10.0,241.0
CU00538,2024-01,18.0,228.0
CU00538,2024-02,20.0,556.0
CU00538,2024-03,14.0,186.0
CU00538,2024-04,15.0,294.0
CU00538,2024-05,21.0,238.0
CU00538,2024-06,16.0,308.0
CU00539,2024-01,17.0,249.0
CU00539,2024-02,,166.0
CU00539,2024-03,18.0,634.0
CU00539,2024-04,14.0,453.0
CU00539,2024-05,15.0,500.0
CU00539,2024-06,16.0,540.0
CU00540,2024-01,12.0,331.0
CU00540,2024-02,24.0,437.0
CU00540,2024-03,17.0,598.0
CU00540,2024-04,14.0,277.0
CU00540,2024-05,18.0,502.0
CU00540,2024-06,26.0,562.0
CU00542,2024-03,18.0,565.0
CU00542,2024-04,13.0,161.0
CU00542,2024-05,11.0,433.0
CU00542,2024-06,11.0,334.0
CU00543,2024-02,12.0,169.0
CU00543,2024-03,12.0,171.0
CU00543,2024-04,21.0,567.0
CU00543,2024-05,13.0,344.0
CU00543,2024-06,12.0,332.0
CU00544,2024-01,3.0,81.0
CU00544,2024-02,2.0,82.0
CU00544,2024-03,,45.0
CU00544,2024-04,2.0,74.0
CU00546,2024-01,12.0,404.0
CU00546,2024-02,15.0,425.0
CU00546,2024-03,18.0,530.0
CU00546,2024-04,18.0,651.0
CU00546,2024-05,18.0,292.0
CU00546,2024-06,15.0,562.0
CU00547,2024-01,19.0,746.0
CU00547,2024-02,10.0,397.0
CU00547,2024-03,13.0,443.0
CU00547,2024-04,12.0,161.0
CU00547,2024-05,15.0,
CU00547,2024-06,16.0,394.0
CU00548,2024-01,15.0,264.0
CU00548,2024-02,12.0,353.0
CU00548,2024-03,11.0,198.0
CU00548,2024-04,11.0,438.0
CU00548,2024-05,17.0,408.0
CU00548,2024-06,8.0,124.0
CU00549,2024-01,13.0,259.0
CU00549,2024-02,13.0,503.0
CU00549,2024-03,11.0,293.0
CU00549,2024-04,18.0,709.0
CU00549,2024-05,19.0,258.0
CU00549,2024-06,16.0,198.0
CU00550,2024-01,13.0,478.0
CU00550,2024-02,13.0,196.0
CU00550,2024-03,10.0,142.0
CU00550,2024-04,17.0,296.0
CU00550,2024-05,12.0,185.0
CU00550,2024-06,17.0,297.0
CU00551,2024-01,16.0,606.0
CU00551,2024-02,13.0,122.0
CU00551,2024-03,16.0,318.0
CU00551,2024-04,17.0,
CU00551,2024-05,16.0,323.0
CU00551,2024-06,20.0,469.0
CU00552,2024-03,17.0,585.0
CU00552,2024-04,14.0,265.0
CU00552,2024-05,16.0,316.0
CU00552,2024-06,17.0,173.0
CU00553,2024-01,,78.0
CU00553,2024-02,2.0,15.0
CU00553,2024-03,0.0,0.0
CU00553,2024-04,0.0,0.0
CU00554,2024-05,1.0,13.0
CU00554,2024-06,2.0,67.0
CU00556,2024-01,0.0,0.0
CU00557,2024-01,13.0,
CU00557,2024-02,19.0,304.0
CU00557,2024-03,9.0,161.0
CU00557,2024-04,12.0,358.0
CU00557,2024-05,,418.0
CU00557,2024-06,12.0,110.0
CU00559,2024-01,16.0,339.0
CU00559,2024-02,11.0,205.0
CU00559,2024-03,11.0,227.0
CU00559,2024-04,20.0,666.0
CU00559,2024-05,12.0,253.0
CU00559,2024-06,8.0,254.0
CU00560,2024-01,1.0,40.0
CU00560,2024-02,2.0,51.0
CU00560,2024-03,,16.0
CU00560,2024-04,1.0,8.0
CU00561,2024-01,11.0,361.0
CU00561,2024-02,10.0,363.0
CU00561,2024-03,12.0,253.0
CU00561,2024-04,14.0,305.0
CU00561,2024-05,12.0,439.0
CU00561,2024-06,21.0,386.0
CU00563,2024-01,12.0,179.0
CU00563,2024-02,16.0,203.0
CU00563,2024-03,23.0,431.0
CU00563,2024-04,7.0,258.0
CU00563,2024-05,13.0,252.0
CU00563,2024-06,15.0,184.0
CU00564,2024-01,16.0,440.0
CU00564,2024-02,12.0,320.0
CU00564,2024-03,15.0,401.0
CU00564,2024-04,17.0,178.0
CU00564,2024-05,16.0,302.0
CU00564,2024-06,16.0,294.0
CU00565,2024-05,14.0,525.0
CU00568,2024-01,17.0,253.0
CU00568,2024-02,14.0,339.0
CU00568,2024-03,16.0,616.0
CU00568,2024-04,17.0,350.0
CU00568,2024-05,13.0,430.0
CU00568,2024-06,17.0,264.0
CU00569,2024-01,13.0,195.0
CU00569,2024-03,23.0,456.0
CU00569,2024-04,16.0,430.0
CU00569,2024-05,9.0,294.0
CU00569,2024-06,22.0,320.0
CU00570,2024-01,16.0,409.0
CU00570,2024-02,18.0,529.0
CU00570,2024-03,22.0,349.0
CU00570,2024-04,14.0,370.0
CU00570,2024-05,18.0,317.0
CU00570,2024-06,14.0,148.0
CU00571,2024-02,18.0,438.0
CU00571,2024-03,19.0,542.0
CU00571,2024-04,11.0,218.0
CU00571,2024-05,11.0,189.0
CU00571,2024-06,19.0,298.0
CU00572,2024-01,19.0,490.0
CU00572,2024-02,17.0,479.0
CU00572,2024-03,11.0,360.0
CU00572,2024-04,16.0,541.0
CU00572,2024-05,11.0,144.0
CU00572,2024-06,10.0,209.0
CU00574,2024-01,16.0,449.0
CU00574,2024-02,17.0,301.0
CU00574,2024-03,18.0,554.0
CU00574,2024-04,15.0,171.0
CU00574,2024-05,18.0,201.0
CU00574,2024-06,16.0,336.0
CU00575,2024-01,12.0,
CU00575,2024-02,19.0,352.0
CU00575,2024-03,20.0,536.0
CU00575,2024-06,14.0,365.0
CU00576,2024-04,15.0,351.0
CU00576,2024-05,12.0,224.0
CU00576,2024-06,22.0,854.0
CU00577,2024-03,14.0,329.0
CU00577,2024-04,15.0,190.0
CU00577,2024-05,10.0,297.0
CU00577,2024-06,20.0,361.0
CU00578,2024-01,18.0,595.0
CU00578,2024-02,11.0,195.0
CU00578,2024-03,12.0,271.0
CU00578,2024-04,8.0,124.0
CU00578,2024-05,18.0,267.0
CU00578,2024-06,20.0,535.0
CU00579,2024-01,14.0,280.0
CU00579,2024-02,14.0,331.0
CU00579,2024-03,13.0,349.0
CU00579,2024-04,17.0,549.0
CU00579,2024-05,13.0,381.0
CU00579,2024-06,14.0,436.0
CU00580,2024-01,14.0,421.0
CU00580,2024-02,15.0,605.0
CU00580,2024-03,15.0,202.0
CU00580,2024-04,20.0,310.0
CU00580,2024-05,22.0,656.0
CU00580,2024-06,17.0,221.0
CU00581,2024-01,18.0,455.0
CU00581,2024-02,19.0,702.0
CU00581,2024-03,13.0,324.0
CU00581,2024-04,20.0,796.0
CU00581,2024-05,17.0,644.0
CU00581,2024-06,11.0,268.0
CU00582,2024-03,22.0,527.0
CU00582,2024-04,11.0,310.0
CU00582,2024-05,18.0,521.0
CU00582,2024-06,14.0,474.0
CU00583,2024-01,24.0,540.0
CU00583,2024-02,23.0,582.0
CU00583,2024-03,11.0,168.0
CU00583,2024-04,18.0,471.0
CU00583,2024-05,11.0,196.0
CU00583,2024-06,15.0,576.0
CU00584,2024-01,14.0,298.0
CU00584,2024-02,16.0,183.0
CU00584,2024-03,10.0,261.0
CU00584,2024-04,9.0,114.0
CU00584,2024-06,15.0,592.0
CU00585,2024-01,11.0,340.0
CU00585,2024-02,6.0,123.0
CU00585,2024-03,19.0,
CU00585,2024-04,18.0,696.0
CU00585,2024-05,23.0,750.0
CU00585,2024-06,12.0,327.0
CU00586,2024-01,17.0,677.0
CU00586,2024-02,6.0,202.0
CU00586,2024-03,19.0,721.0
CU00586,2024-04,14.0,532.0
CU00586,2024-05,17.0,431.0
CU00586,2024-06,14.0,427.0
CU00587,2024-02,10.0,109.0
CU00587,2024-03,22.0,833.0
CU00587,2024-04,16.0,408.0
CU00587,2024-05,14.0,512.0
CU00587,2024-06,22.0,804.0
CU00588,2024-01,17.0,216.0
CU00588,2024-02,19.0,751.0
CU00588,2024-03,7.0,146.0
CU00588,2024-04,13.0,376.0
CU00588,2024-05,14.0,232.0
CU00588,2024-06,14.0,517.0
CU00589,2024-01,1.0,41.0
CU00590,2024-01,15.0,387.0
CU00590,2024-02,17.0,511.0
CU00590,2024-04,24.0,927.0
CU00590,2024-05,22.0,833.0
CU00590,2024-06,14.0,338.0
CU00591,2024-01,16.0,307.0
CU00591,2024-02,13.0,200.0
CU00591,2024-03,11.0,151.0
CU00591,2024-04,9.0,258.0
CU00591,2024-05,17.0,409.0
CU00591,2024-06,13.0,148.0
CU00592,2024-06,1.0,30.0
CU00593,2024-01,12.0,197.0
CU00593,2024-02,18.0,252.0
CU00593,2024-03,21.0,822.0
CU00593,2024-04,16.0,285.0
CU00593,2024-05,18.0,403.0
CU00593,2024-06,12.0,433.0
CU00594,2024-02,22.0,473.0
CU00594,2024-03,14.0,245.0
CU00594,2024-04,21.0,250.0
CU00594,2024-06,12.0,426.0
CU00595,2024-01,1.0,19.0
CU00595,2024-02,3.0,97.0
CU00595,2024-03,2.0,54.0
CU00595,2024-04,1.0,24.0
CU00595,2024-05,0.0,0.0
CU00596,2024-01,15.0,388.0
CU00596,2024-02,18.0,421.0
CU00596,2024-03,16.0,398.0
CU00596,2024-04,18.0,396.0
CU00596,2024-05,20.0,641.0
CU00596,2024-06,17.0,482.0
CU00598,2024-01,14.0,212.0
CU00598,2024-02,15.0,300.0
CU00598,2024-03,16.0,506.0
CU00598,2024-04,13.0,302.0
CU00598,2024-05,15.0,183.0
CU00598,2024-06,16.0,515.0
CU00599,2024-01,17.0,347.0
CU00599,2024-02,22.0,803.0
CU00599,2024-03,9.0,300.0
CU00599,2024-04,15.0,486.0
CU00599,2024-05,18.0,642.0
CU00599,2024-06,10.0,254.0
CU00600,2024-02,14.0,536.0
CU00600,2024-03,17.0,329.0
CU00600,2024-04,11.0,258.0
CU00600,2024-05,11.0,204.0
CU00600,2024-06,13.0,386.0
CU00601,2024-01,22.0,674.0
CU00601,2024-02,8.0,224.0
CU00601,2024-03,13.0,229.0
CU00601,2024-04,12.0,241.0
CU00601,2024-05,15.0,255.0
CU00601,2024-06,18.0,341.0
CU00603,2024-02,18.0,325.0
CU00603,2024-03,,380.0
CU00603,2024-04,18.0,702.0
CU00603,2024-05,12.0,370.0
CU00603,2024-06,16.0,472.0
CU00604,2024-01,13.0,246.0
CU00604,2024-02,16.0,545.0
CU00604,2024-03,14.0,376.0
CU00604,2024-04,13.0,191.0
CU00604,2024-05,22.0,371.0
CU00604,2024-06,12.0,416.0
CU00605,2024-01,10.0,137.0
CU00605,2024-02,13.0,196.0
CU00605,2024-03,12.0,181.0
CU00605,2024-04,17.0,344.0
CU00605,2024-05,15.0,550.0
CU00605,2024-06,15.0,517.0
CU00606,2024-01,12.0,138.0
CU00606,2024-02,17.0,180.0
CU00606,2024-03,11.0,178.0
CU00606,2024-04,17.0,367.0
CU00606,2024-05,9.0,275.0
CU00606,2024-06,14.0,420.0
CU00609,2024-01,1.0,13.0
CU00610,2024-03,17.0,235.0
CU00610,2024-04,11.0,297.0
CU00610,2024-05,14.0,189.0
CU00610,2024-06,11.0,276.0
CU00611,2024-02,13.0,515.0
CU00611,2024-03,21.0,360.0
CU00611,2024-04,15.0,461.0
CU00611,2024-05,16.0,423.0
CU00611,2024-06,24.0,566.0
CU00612,2024-03,13.0,171.0
CU00612,2024-04,11.0,376.0
CU00612,2024-05,16.0,397.0
CU00612,2024-06,12.0,397.0
CU00614,2024-01,19.0,687.0
CU00614,2024-03,18.0,474.0
CU00614,2024-04,,221.0
CU00614,2024-05,11.0,344.0
CU00614,2024-06,19.0,495.0
CU00616,2024-01,1.0,36.0
CU00617,2024-01,15.0,540.0
CU00617,2024-02,20.0,761.0
CU00617,2024-03,12.0,367.0
CU00617,2024-04,23.0,618.0
CU00617,2024-05,19.0,597.0
CU00617,2024-06,12.0,290.0
CU00619,2024-01,16.0,577.0
CU00619,2024-02,17.0,443.0
CU00619,2024-03,15.0,317.0
CU00619,2024-04,20.0,357.0
CU00619,2024-05,14.0,239.0
CU00619,2024-06,19.0,551.0
CU00620,2024-01,15.0,564.0
CU00620,2024-02,13.0,157.0
CU00620,2024-04,20.0,340.0
CU00620,2024-05,11.0,187.0
CU00620,2024-06,12.0,250.0
CU00621,2024-02,17.0,509.0
CU00621,2024-03,7.0,116.0
CU00621,2024-04,19.0,463.0
CU00621,2024-05,9.0,194.0
CU00621,2024-06,9.0,268.0
CU00622,2024-01,18.0,380.0
CU00622,2024-02,13.0,318.0
CU00622,2024-03,22.0,634.0
CU00622,2024-04,19.0,740.0
CU00622,2024-05,17.0,680.0
CU00622,2024-06,,241.0
CU00623,2024-01,18.0,261.0
CU00623,2024-02,8.0,201.0
CU00623,2024-03,12.0,367.0
CU00623,2024-04,,402.0
CU00623,2024-06,11.0,238.0
CU00624,2024-01,14.0,479.0
CU00624,2024-02,,99.0
CU00624,2024-03,11.0,304.0
CU00624,2024-04,15.0,282.0
CU00624,2024-05,14.0,303.0
CU00624,2024-06,23.0,250.0
CU00625,2024-02,20.0,615.0
CU00625,2024-03,14.0,421.0
CU00625,2024-04,20.0,789.0
CU00625,2024-05,17.0,477.0
CU00625,2024-06,14.0,205.0
CU00626,2024-01,9.0,80.0
CU00626,2024-02,7.0,111.0
CU00626,2024-03,17.0,602.0
CU00626,2024-04,20.0,620.0
CU00626,2024-05,16.0,431.0
CU00626,2024-06,8.0,298.0
CU00628,2024-01,16.0,324.0
CU00628,2024-02,12.0,430.0
CU00628,2024-03,12.0,279.0
CU00628,2024-04,16.0,450.0
CU00628,2024-05,11.0,210.0
CU00628,2024-06,13.0,255.0
CU00629,2024-01,20.0,728.0
CU00629,2024-02,14.0,447.0
CU00629,2024-03,10.0,137.0
CU00629,2024-04,11.0,413.0
CU00629,2024-05,14.0,436.0
CU00629,2024-06,12.0,217.0
CU00630,2024-01,12.0,309.0
CU00630,2024-02,28.0,
CU00630,2024-03,14.0,389.0
CU00630,2024-04,23.0,472.0
CU00630,2024-05,12.0,146.0
CU00630,2024-06,15.0,473.0
CU00632,2024-01,17.0,
CU00632,2024-02,17.0,386.0
CU00632,2024-03,17.0,489.0
CU00632,2024-04,9.0,123.0
CU00632,2024-05,11.0,
CU00632,2024-06,12.0,193.0
CU00633,2024-02,11.0,331.0
CU00633,2024-03,12.0,481.0
CU00633,2024-04,20.0,294.0
CU00633,2024-06,17.0,
CU00634,2024-04,2.0,56.0
CU00634,2024-05,1.0,36.0
CU00635,2024-01,2.0,52.0
CU00635,2024-02,1.0,10.0
CU00635,2024-03,2.0,82.0
CU00635,2024-04,2.0,43.0
CU00635,2024-05,2.0,17.0
CU00635,2024-06,1.0,0.0
CU00636,2024-01,16.0,577.0
CU00636,2024-02,13.0,432.0
CU00636,2024-03,13.0,307.0
CU00636,2024-04,17.0,327.0
CU00636,2024-05,18.0,596.0
CU00636,2024-06,16.0,643.0
CU00637,2024-01,,429.0
CU00637,2024-02,14.0,404.0
CU00637,2024-03,14.0,331.0
CU00637,2024-04,14.0,340.0
CU00637,2024-05,12.0,229.0
CU00637,2024-06,15.0,247.0
CU00638,2024-04,2.0,95.0
CU00638,2024-05,2.0,37.0
CU00638,2024-06,1.0,25.0
CU00639,2024-01,11.0,236.0
CU00639,2024-02,10.0,176.0
CU00639,2024-03,,537.0
CU00639,2024-04,12.0,310.0
CU00639,2024-05,18.0,661.0
CU00639,2024-06,18.0,609.0
CU00640,2024-01,11.0,183.0
CU00640,2024-02,17.0,458.0
CU00640,2024-03,13.0,210.0
CU00640,2024-04,12.0,151.0
CU00640,2024-05,18.0,413.0
CU00641,2024-01,17.0,498.0
CU00641,2024-02,14.0,182.0
CU00641,2024-03,14.0,303.0
CU00641,2024-04,14.0,542.0
CU00641,2024-05,9.0,255.0
CU00641,2024-06,18.0,567.0
CU00642,2024-01,16.0,225.0
CU00642,2024-02,13.0,464.0
CU00642,2024-03,19.0,216.0
CU00642,2024-04,15.0,302.0
CU00642,2024-05,12.0,346.0
CU00642,2024-06,16.0,320.0
CU00643,2024-01,17.0,565.0
CU00643,2024-02,12.0,300.0
CU00643,2024-03,18.0,426.0
CU00643,2024-04,17.0,430.0
CU00643,2024-05,13.0,319.0
CU00643,2024-06,20.0,398.0
CU00644,2024-01,16.0,489.0
CU00644,2024-02,15.0,420.0
CU00644,2024-03,16.0,372.0
CU00644,2024-04,16.0,426.0
CU00644,2024-05,20.0,465.0
CU00644,2024-06,22.0,701.0
CU00645,2024-02,2.0,29.0
CU00645,2024-03,3.0,116.0
CU00645,2024-04,2.0,52.0
CU00646,2024-01,4.0,104.0
CU00646,2024-02,2.0,56.0
CU00646,2024-03,3.0,52.0
CU00646,2024-04,2.0,44.0
CU00646,2024-05,3.0,74.0
CU00647,2024-01,1.0,10.0
CU00647,2024-02,4.0,55.0
CU00647,2024-03,1.0,43.0
CU00648,2024-01,16.0,504.0
CU00648,2024-03,15.0,
CU00648,2024-04,21.0,366.0
CU00648,2024-05,16.0,333.0
CU00648,2024-06,15.0,404.0
CU00650,2024-01,20.0,590.0
CU00650,2024-02,14.0,
CU00650,2024-04,18.0,312.0
CU00650,2024-05,21.0,688.0
CU00650,2024-06,12.0,244.0
CU00651,2024-01,21.0,611.0
CU00651,2024-02,16.0,312.0
CU00651,2024-03,16.0,369.0
CU00651,2024-05,15.0,435.0
CU00651,2024-06,11.0,304.0
CU00652,2024-01,16.0,561.0
CU00652,2024-02,12.0,208.0
CU00652,2024-03,9.0,133.0
CU00652,2024-04,13.0,149.0
CU00652,2024-05,21.0,338.0
CU00652,2024-06,12.0,
CU00653,2024-01,12.0,310.0
CU00653,2024-02,16.0,502.0
CU00653,2024-03,6.0,113.0
CU00653,2024-04,18.0,415.0
CU00653,2024-05,19.0,358.0
CU00653,2024-06,19.0,400.0
CU00654,2024-01,16.0,508.0
CU00654,2024-02,12.0,444.0
CU00654,2024-03,8.0,213.0
CU00654,2024-04,24.0,344.0
CU00654,2024-05,12.0,380.0
CU00654,2024-06,19.0,216.0
CU00656,2024-01,16.0,565.0
CU00656,2024-02,5.0,162.0
CU00656,2024-03,17.0,376.0
CU00656,2024-04,12.0,357.0
CU00656,2024-05,16.0,381.0
CU00656,2024-06,17.0,505.0
CU00657,2024-01,2.0,78.0
CU00657,2024-02,4.0,70.0
CU00657,2024-03,0.0,0.0
CU00657,2024-04,2.0,75.0
CU00657,2024-05,2.0,12.0
CU00657,2024-06,0.0,0.0
CU00658,2024-01,19.0,644.0
CU00658,2024-02,13.0,481.0
CU00658,2024-03,10.0,319.0
CU00658,2024-04,12.0,126.0
CU00658,2024-05,15.0,456.0
CU00658,2024-06,17.0,468.0
CU00659,2024-01,1.0,0.0
CU00659,2024-02,1.0,29.0
CU00660,2024-01,8.0,132.0
CU00660,2024-02,15.0,323.0
CU00660,2024-03,13.0,408.0
CU00660,2024-04,19.0,494.0
CU00660,2024-05,14.0,538.0
CU00660,2024-06,12.0,135.0
CU00661,2024-03,14.0,402.0
CU00661,2024-04,18.0,417.0
CU00661,2024-05,15.0,457.0
CU00661,2024-06,21.0,267.0
CU00662,2024-01,18.0,615.0
CU00662,2024-03,11.0,152.0
CU00662,2024-04,20.0,381.0
CU00662,2024-05,16.0,185.0
CU00662,2024-06,14.0,223.0
CU00663,2024-06,1.0,49.0
CU00664,2024-01,11.0,338.0
CU00664,2024-02,15.0,600.0
CU00664,2024-03,16.0,532.0
CU00664,2024-04,18.0,330.0
CU00664,2024-05,11.0,233.0
CU00664,2024-06,15.0,336.0
CU00665,2024-01,13.0,214.0
CU00665,2024-02,16.0,465.0
CU00665,2024-03,9.0,210.0
CU00665,2024-04,14.0,150.0
CU00665,2024-05,16.0,368.0
CU00665,2024-06,8.0,251.0
CU00666,2024-01,13.0,165.0
CU00666,2024-02,14.0,454.0
CU00666,2024-03,8.0,310.0
CU00666,2024-04,15.0,465.0
CU00666,2024-05,13.0,327.0
CU00666,2024-06,13.0,422.0
CU00667,2024-01,11.0,232.0
CU00667,2024-02,11.0,365.0
CU00667,2024-03,19.0,650.0
CU00667,2024-04,21.0,533.0
CU00667,2024-05,15.0,332.0
CU00667,2024-06,10.0,167.0
CU00668,2024-01,1.0,11.0
CU00668,2024-02,3.0,62.0
CU00668,2024-04,2.0,42.0
CU00668,2024-05,3.0,26.0
CU00669,2024-01,13.0,344.0
CU00669,2024-02,18.0,176.0
CU00669,2024-03,18.0,371.0
CU00669,2024-04,17.0,662.0
CU00669,2024-05,11.0,300.0
CU00670,2024-01,20.0,341.0
CU00670,2024-02,14.0,365.0
CU00670,2024-03,11.0,386.0
CU00670,2024-04,18.0,181.0
CU00670,2024-06,16.0,570.0
CU00673,2024-03,18.0,279.0
CU00673,2024-04,14.0,194.0
CU00673,2024-05,12.0,259.0
CU00673,2024-06,8.0,199.0
CU00674,2024-01,26.0,739.0
CU00674,2024-02,,468.0
CU00674,2024-04,16.0,375.0
CU00674,2024-05,14.0,286.0
CU00674,2024-06,12.0,340.0
CU00676,2024-01,12.0,314.0
CU00676,2024-02,15.0,167.0
CU00676,2024-03,11.0,319.0
CU00676,2024-05,15.0,346.0
CU00676,2024-06,16.0,211.0
CU00677,2024-01,18.0,221.0
CU00677,2024-02,14.0,259.0
CU00677,2024-03,20.0,386.0
CU00677,2024-04,14.0,223.0
CU00677,2024-05,9.0,289.0
CU00677,2024-06,12.0,445.0
CU00678,2024-01,4.0,50.0
CU00678,2024-02,1.0,16.0
CU00678,2024-03,3.0,25.0
CU00678,2024-04,2.0,18.0
CU00678,2024-05,1.0,41.0
CU00680,2024-01,17.0,386.0
CU00680,2024-02,18.0,595.0
CU00680,2024-04,17.0,427.0
CU00680,2024-05,13.0,178.0
CU00680,2024-06,11.0,388.0
CU00681,2024-01,11.0,110.0
CU00681,2024-02,15.0,319.0
CU00681,2024-03,22.0,770.0
CU00681,2024-04,13.0,192.0
CU00681,2024-05,15.0,254.0
CU00681,2024-06,15.0,227.0
CU00682,2024-01,18.0,496.0
CU00682,2024-02,18.0,372.0
CU00682,2024-04,10.0,162.0
CU00682,2024-05,16.0,422.0
CU00682,2024-06,10.0,200.0
CU00683,2024-01,15.0,432.0
CU00683,2024-02,18.0,582.0
CU00683,2024-03,16.0,248.0
CU00683,2024-04,21.0,610.0
CU00683,2024-05,13.0,439.0
CU00683,2024-06,18.0,209.0
CU00685,2024-04,17.0,617.0
CU00685,2024-05,13.0,216.0
CU00685,2024-06,12.0,
CU00688,2024-01,14.0,495.0
CU00688,2024-02,13.0,249.0
CU00688,2024-03,17.0,562.0
CU00688,2024-04,17.0,682.0
CU00688,2024-05,11.0,352.0
CU00688,2024-06,15.0,254.0
CU00689,2024-01,7.0,106.0
CU00689,2024-02,22.0,621.0
CU00689,2024-03,13.0,346.0
CU00689,2024-04,10.0,254.0
CU00689,2024-05,18.0,468.0
CU00689,2024-06,13.0,219.0
CU00690,2024-01,5.0,141.0
CU00690,2024-03,4.0,77.0
CU00690,2024-04,2.0,29.0
CU00690,2024-05,1.0,29.0
CU00690,2024-06,1.0,54.0
CU00691,2024-01,2.0,78.0
CU00692,2024-01,18.0,572.0
CU00692,2024-02,16.0,462.0
CU00692,2024-03,14.0,169.0
CU00692,2024-04,15.0,553.0
CU00692,2024-05,20.0,661.0
CU00692,2024-06,9.0,355.0
CU00697,2024-01,4.0,91.0
CU00697,2024-02,2.0,77.0
CU00697,2024-03,1.0,36.0
CU00697,2024-04,2.0,65.0
CU00698,2024-01,1.0,28.0
CU00698,2024-02,1.0,44.0
CU00698,2024-03,2.0,28.0
CU00698,2024-04,1.0,23.0
CU00698,2024-05,1.0,31.0
CU00699,2024-01,17.0,431.0
CU00699,2024-02,22.0,704.0
CU00699,2024-03,13.0,172.0
CU00699,2024-04,15.0,498.0
CU00699,2024-05,,357.0
CU00699,2024-06,22.0,550.0
CU00700,2024-05,2.0,39.0
CU00700,2024-06,2.0,43.0
CU00701,2024-01,17.0,461.0
CU00701,2024-02,22.0,426.0
CU00701,2024-03,10.0,187.0
CU00701,2024-04,11.0,234.0
CU00701,2024-05,15.0,191.0
CU00701,2024-06,7.0,122.0
CU00702,2024-06,14.0,265.0
CU00704,2024-06,16.0,441.0
CU00705,2024-01,16.0,324.0
CU00705,2024-02,12.0,363.0
CU00705,2024-03,13.0,266.0
CU00705,2024-04,12.0,345.0
CU00705,2024-05,14.0,491.0
CU00705,2024-06,13.0,368.0
CU00706,2024-01,15.0,450.0
CU00706,2024-02,12.0,198.0
CU00706,2024-03,14.0,416.0
CU00706,2024-04,8.0,199.0
CU00706,2024-05,16.0,175.0
CU00706,2024-06,18.0,264.0
CU00707,2024-01,13.0,420.0
CU00707,2024-02,8.0,314.0
CU00707,2024-03,28.0,676.0
CU00707,2024-04,8.0,160.0
CU00707,2024-05,16.0,274.0
CU00707,2024-06,20.0,522.0
CU00708,2024-01,21.0,635.0
CU00708,2024-02,18.0,616.0
CU00708,2024-03,14.0,298.0
CU00708,2024-04,20.0,307.0
CU00708,2024-05,13.0,247.0
CU00708,2024-06,15.0,358.0
CU00709,2024-01,17.0,212.0
CU00709,2024-02,24.0,888.0
CU00709,2024-03,17.0,488.0
CU00709,2024-04,16.0,464.0
CU00709,2024-05,13.0,445.0
CU00709,2024-06,13.0,447.0
CU00710,2024-02,12.0,413.0
CU00710,2024-03,12.0,171.0
CU00710,2024-04,13.0,318.0
CU00710,2024-05,8.0,236.0
CU00710,2024-06,16.0,305.0
CU00711,2024-01,16.0,548.0
CU00711,2024-02,14.0,532.0
CU00711,2024-03,18.0,213.0
CU00711,2024-04,17.0,627.0
CU00711,2024-05,13.0,443.0
CU00711,2024-06,12.0,406.0
CU00712,2024-01,10.0,157.0
CU00712,2024-02,17.0,584.0
CU00712,2024-03,15.0,259.0
CU00712,2024-04,18.0,664.0
CU00712,2024-05,20.0,443.0
CU00712,2024-06,15.0,272.0
CU00713,2024-02,11.0,264.0
CU00713,2024-03,11.0,407.0
CU00713,2024-04,16.0,162.0
CU00713,2024-05,10.0,292.0
CU00715,2024-01,15.0,305.0
CU00715,2024-02,14.0,459.0
CU00715,2024-03,15.0,298.0
CU00715,2024-04,16.0,536.0
CU00715,2024-05,10.0,331.0
CU00715,2024-06,15.0,530.0
CU00716,2024-01,17.0,347.0
CU00716,2024-02,24.0,454.0
CU00716,2024-03,11.0,257.0
CU00716,2024-04,14.0,267.0
CU00716,2024-05,17.0,427.0
CU00716,2024-06,17.0,672.0
CU00718,2024-01,13.0,366.0
CU00718,2024-02,12.0,145.0
CU00718,2024-03,9.0,127.0
CU00718,2024-04,17.0,691.0
CU00718,2024-05,19.0,523.0
CU00718,2024-06,12.0,226.0
CU00719,2024-01,14.0,501.0
CU00719,2024-03,8.0,240.0
CU00719,2024-04,15.0,347.0
CU00719,2024-05,16.0,517.0
CU00719,2024-06,11.0,244.0
CU00721,2024-01,15.0,470.0
CU00721,2024-02,13.0,230.0
CU00721,2024-03,18.0,276.0
CU00721,2024-04,14.0,461.0
CU00721,2024-05,18.0,320.0
CU00721,2024-06,14.0,388.0
CU00722,2024-01,19.0,
CU00722,2024-02,15.0,592.0
CU00722,2024-03,12.0,416.0
CU00722,2024-04,16.0,221.0
CU00722,2024-05,13.0,216.0
CU00722,2024-06,13.0,335.0
CU00723,2024-01,13.0,397.0
CU00723,2024-02,17.0,535.0
CU00723,2024-03,12.0,285.0
CU00723,2024-05,22.0,379.0
CU00723,2024-06,15.0,337.0
CU00724,2024-01,16.0,648.0
CU00724,2024-02,12.0,262.0
CU00724,2024-03,15.0,460.0
CU00724,2024-04,19.0,392.0
CU00724,2024-05,19.0,314.0
CU00724,2024-06,18.0,
CU00725,2024-01,16.0,300.0
CU00725,2024-02,19.0,427.0
CU00725,2024-03,6.0,101.0
CU00725,2024-04,24.0,855.0
CU00725,2024-05,18.0,566.0
CU00725,2024-06,19.0,396.0
CU00726,2024-01,15.0,279.0
CU00726,2024-02,15.0,562.0
CU00726,2024-03,18.0,506.0
CU00726,2024-04,11.0,311.0
CU00726,2024-05,9.0,114.0
CU00726,2024-06,10.0,159.0
CU00728,2024-01,18.0,366.0
CU00728,2024-02,14.0,222.0
CU00728,2024-03,18.0,679.0
CU00728,2024-04,24.0,520.0
CU00728,2024-05,20.0,386.0
CU00728,2024-06,14.0,351.0
CU00729,2024-01,18.0,179.0
CU00729,2024-02,12.0,227.0
CU00729,2024-03,12.0,304.0
CU00729,2024-04,18.0,289.0
CU00729,2024-05,15.0,541.0
CU00729,2024-06,14.0,315.0
CU00730,2024-01,10.0,367.0
CU00730,2024-02,20.0,388.0
CU00730,2024-04,11.0,313.0
CU00730,2024-05,15.0,288.0
CU00730,2024-06,14.0,143.0
CU00731,2024-01,14.0,242.0
CU00731,2024-02,15.0,398.0
CU00731,2024-03,23.0,291.0
CU00731,2024-04,21.0,781.0
CU00731,2024-05,16.0,222.0
CU00731,2024-06,21.0,576.0
CU00732,2024-01,14.0,256.0
CU00732,2024-02,16.0,469.0
CU00732,2024-03,15.0,550.0
CU00732,2024-04,11.0,124.0
CU00732,2024-05,10.0,308.0
CU00733,2024-01,16.0,282.0
CU00733,2024-02,21.0,755.0
CU00733,2024-03,13.0,250.0
CU00733,2024-04,12.0,233.0
CU00733,2024-06,13.0,477.0
CU00734,2024-01,25.0,662.0
CU00734,2024-03,14.0,509.0
CU00734,2024-04,11.0,351.0
CU00734,2024-05,12.0,260.0
CU00734,2024-06,16.0,328.0
CU00735,2024-01,15.0,321.0
CU00735,2024-02,,348.0
CU00735,2024-03,14.0,398.0
CU00735,2024-04,16.0,257.0
CU00735,2024-05,13.0,358.0
CU00735,2024-06,12.0,297.0
CU00736,2024-01,10.0,213.0
CU00736,2024-02,9.0,293.0
CU00736,2024-03,8.0,224.0
CU00736,2024-04,15.0,359.0
CU00736,2024-05,18.0,301.0
CU00736,2024-06,16.0,352.0
CU00738,2024-01,4.0,136.0
CU00738,2024-02,5.0,76.0
CU00738,2024-03,1.0,19.0
CU00738,2024-04,0.0,0.0
CU00738,2024-05,2.0,
CU00738,2024-06,1.0,24.0
CU00739,2024-01,18.0,591.0
CU00739,2024-02,19.0,203.0
CU00739,2024-03,13.0,350.0
CU00739,2024-04,15.0,366.0
CU00739,2024-05,15.0,486.0
CU00739,2024-06,17.0,680.0
CU00741,2024-01,1.0,7.0
CU00742,2024-01,2.0,55.0
CU00742,2024-02,3.0,76.0
CU00743,2024-01,11.0,298.0
CU00743,2024-02,24.0,278.0
CU00743,2024-03,14.0,198.0
CU00743,2024-04,15.0,516.0
CU00743,2024-05,17.0,462.0
CU00743,2024-06,12.0,383.0
CU00744,2024-01,9.0,260.0
CU00744,2024-02,20.0,200.0
CU00744,2024-03,17.0,281.0
CU00744,2024-04,14.0,343.0
CU00744,2024-05,15.0,302.0
CU00744,2024-06,15.0,194.0
CU00746,2024-04,18.0,224.0
CU00746,2024-05,19.0,612.0
CU00746,2024-06,17.0,
CU00747,2024-01,19.0,197.0
CU00747,2024-02,15.0,317.0
CU00747,2024-03,19.0,413.0
CU00747,2024-04,19.0,585.0
CU00747,2024-05,17.0,575.0
CU00747,2024-06,26.0,384.0
CU00748,2024-03,20.0,419.0
CU00748,2024-04,15.0,203.0
CU00748,2024-05,15.0,177.0
CU00748,2024-06,14.0,158.0
CU00750,2024-05,14.0,428.0
CU00750,2024-06,16.0,593.0
CU00751,2024-01,4.0,58.0
CU00751,2024-02,3.0,
CU00751,2024-03,1.0,55.0
CU00751,2024-04,1.0,36.0
CU00751,2024-05,0.0,7.0
CU00753,2024-01,15.0,432.0
CU00753,2024-02,10.0,94.0
CU00753,2024-03,21.0,836.0
CU00753,2024-04,11.0,322.0
CU00753,2024-05,15.0,446.0
CU00753,2024-06,12.0,326.0
CU00754,2024-01,16.0,299.0
CU00754,2024-02,13.0,254.0
CU00754,2024-03,11.0,131.0
CU00754,2024-04,14.0,413.0
CU00754,2024-05,14.0,407.0
CU00754,2024-06,18.0,473.0
CU00755,2024-01,16.0,609.0
CU00755,2024-02,14.0,316.0
CU00755,2024-03,18.0,467.0
CU00755,2024-04,18.0,222.0
CU00755,2024-05,12.0,221.0
CU00756,2024-01,12.0,469.0
CU00756,2024-02,10.0,386.0
CU00756,2024-03,23.0,265.0
CU00756,2024-05,13.0,350.0
CU00756,2024-06,24.0,539.0
CU00757,2024-01,4.0,66.0
CU00757,2024-03,1.0,35.0
CU00757,2024-04,2.0,37.0
CU00757,2024-05,3.0,80.0
CU00758,2024-01,15.0,350.0
CU00758,2024-02,13.0,350.0
CU00758,2024-03,13.0,441.0
CU00758,2024-04,14.0,287.0
CU00758,2024-05,,263.0
CU00758,2024-06,13.0,170.0
CU00759,2024-01,,240.0
CU00759,2024-02,15.0,448.0
CU00759,2024-03,17.0,505.0
CU00759,2024-04,17.0,469.0
CU00759,2024-05,8.0,142.0
CU00759,2024-06,21.0,741.0
CU00760,2024-01,15.0,134.0
CU00760,2024-02,14.0,390.0
CU00760,2024-03,15.0,278.0
CU00760,2024-04,12.0,145.0
CU00760,2024-05,17.0,438.0
CU00760,2024-06,19.0,398.0
CU00761,2024-04,11.0,182.0
CU00761,2024-05,19.0,558.0
CU00761,2024-06,10.0,408.0
CU00762,2024-01,19.0,371.0
CU00762,2024-03,10.0,163.0
CU00762,2024-04,9.0,230.0
CU00762,2024-05,13.0,493.0
CU00762,2024-06,16.0,276.0
CU00763,2024-01,10.0,146.0
CU00763,2024-02,12.0,354.0
CU00763,2024-03,12.0,463.0
CU00763,2024-04,18.0,448.0
CU00763,2024-05,20.0,279.0
CU00763,2024-06,12.0,470.0
CU00764,2024-01,2.0,21.0
CU00764,2024-02,1.0,34.0
CU00764,2024-03,2.0,15.0
CU00764,2024-04,0.0,0.0
CU00764,2024-05,2.0,72.0
CU00765,2024-01,11.0,307.0
CU00765,2024-02,14.0,344.0
CU00765,2024-03,18.0,353.0
CU00765,2024-04,17.0,506.0
CU00765,2024-05,15.0,201.0
CU00765,2024-06,10.0,214.0
CU00766,2024-01,19.0,645.0
CU00766,2024-02,18.0,490.0
CU00766,2024-03,22.0,263.0
CU00766,2024-04,13.0,462.0
CU00766,2024-05,11.0,396.0
CU00766,2024-06,14.0,233.0
CU00769,2024-01,9.0,217.0
CU00769,2024-02,,217.0
CU00769,2024-03,20.0,607.0
CU00769,2024-04,12.0,381.0
CU00769,2024-05,9.0,307.0
CU00769,2024-06,19.0,687.0
CU00770,2024-02,18.0,238.0
CU00770,2024-03,18.0,200.0
CU00770,2024-04,15.0,171.0
CU00770,2024-05,16.0,515.0
CU00770,2024-06,8.0,262.0
CU00771,2024-01,15.0,519.0
CU00771,2024-02,17.0,382.0
CU00771,2024-03,13.0,197.0
CU00771,2024-04,12.0,364.0
CU00771,2024-05,14.0,524.0
CU00771,2024-06,13.0,141.0
CU00772,2024-01,19.0,528.0
CU00772,2024-02,19.0,229.0
CU00772,2024-03,12.0,343.0
CU00772,2024-04,22.0,454.0
CU00772,2024-05,20.0,232.0
CU00772,2024-06,25.0,381.0
CU00773,2024-04,22.0,360.0
CU00773,2024-05,17.0,177.0
CU00773,2024-06,14.0,428.0
CU00774,2024-01,10.0,261.0
CU00774,2024-02,14.0,268.0
CU00774,2024-03,18.0,667.0
CU00774,2024-04,9.0,151.0
CU00774,2024-05,14.0,463.0
CU00774,2024-06,7.0,138.0
CU00775,2024-01,19.0,484.0
CU00775,2024-02,12.0,313.0
CU00775,2024-03,19.0,260.0
CU00775,2024-04,13.0,423.0
CU00775,2024-05,12.0,229.0
CU00775,2024-06,16.0,279.0
CU00776,2024-01,12.0,331.0
CU00776,2024-02,13.0,377.0
CU00776,2024-03,14.0,275.0
CU00776,2024-04,15.0,529.0
CU00776,2024-05,,261.0
CU00776,2024-06,15.0,319.0
CU00777,2024-01,16.0,460.0
CU00777,2024-02,17.0,475.0
CU00777,2024-03,14.0,179.0
CU00777,2024-04,15.0,401.0
CU00777,2024-05,10.0,267.0
CU00777,2024-06,15.0,233.0
CU00778,2024-01,14.0,408.0
CU00778,2024-02,15.0,267.0
CU00778,2024-03,15.0,288.0
CU00778,2024-04,17.0,
CU00778,2024-05,16.0,472.0
CU00778,2024-06,11.0,239.0
CU00779,2024-01,0.0,0.0
CU00780,2024-01,17.0,655.0
CU00780,2024-02,18.0,525.0
CU00780,2024-03,14.0,510.0
CU00780,2024-04,18.0,300.0
CU00780,2024-05,16.0,274.0
CU00780,2024-06,12.0,451.0
CU00781,2024-02,15.0,215.0
CU00781,2024-03,13.0,182.0
CU00781,2024-04,12.0,158.0
CU00781,2024-05,10.0,299.0
CU00781,2024-06,28.0,837.0
CU00782,2024-01,18.0,256.0
CU00782,2024-02,13.0,414.0
CU00782,2024-03,8.0,107.0
CU00782,2024-04,17.0,347.0
CU00782,2024-05,16.0,620.0
CU00782,2024-06,11.0,114.0
CU00783,2024-01,14.0,298.0
CU00783,2024-02,10.0,367.0
CU00783,2024-03,16.0,301.0
CU00783,2024-04,19.0,339.0
CU00783,2024-05,13.0,479.0
CU00783,2024-06,13.0,225.0
CU00784,2024-03,17.0,635.0
CU00784,2024-04,12.0,186.0
CU00784,2024-05,19.0,251.0
CU00784,2024-06,11.0,268.0
CU00785,2024-06,2.0,23.0
CU00786,2024-01,19.0,216.0
CU00786,2024-02,11.0,177.0
CU00786,2024-04,18.0,204.0
CU00786,2024-05,18.0,291.0
CU00787,2024-01,12.0,328.0
CU00787,2024-02,15.0,312.0
CU00787,2024-03,24.0,615.0
CU00787,2024-04,12.0,312.0
CU00787,2024-05,11.0,150.0
CU00787,2024-06,8.0,315.0
CU00789,2024-01,3.0,70.0
CU00789,2024-02,4.0,121.0
CU00789,2024-03,2.0,70.0
CU00789,2024-04,2.0,44.0
CU00789,2024-05,1.0,25.0
CU00789,2024-06,1.0,1.0
CU00791,2024-01,14.0,446.0
CU00791,2024-02,14.0,251.0
CU00791,2024-03,13.0,416.0
CU00791,2024-04,14.0,154.0
CU00791,2024-05,10.0,272.0
CU00791,2024-06,22.0,771.0
CU00793,2024-04,25.0,399.0
CU00793,2024-05,10.0,275.0
CU00793,2024-06,11.0,402.0
CU00794,2024-01,15.0,533.0
CU00794,2024-02,13.0,497.0
CU00794,2024-03,20.0,385.0
CU00794,2024-04,14.0,375.0
CU00794,2024-05,18.0,633.0
CU00794,2024-06,24.0,356.0
CU00795,2024-01,1.0,22.0
CU00795,2024-02,3.0,88.0
CU00796,2024-02,3.0,53.0
CU00796,2024-03,2.0,77.0
CU00796,2024-04,2.0,84.0
CU00796,2024-05,2.0,79.0
CU00796,2024-06,1.0,28.0
CU00797,2024-01,19.0,345.0
CU00797,2024-02,17.0,214.0
CU00797,2024-03,20.0,227.0
CU00797,2024-04,15.0,364.0
CU00797,2024-05,16.0,277.0
CU00797,2024-06,16.0,493.0
CU00798,2024-01,16.0,446.0
CU00798,2024-02,12.0,413.0
CU00798,2024-03,18.0,431.0
CU00798,2024-04,22.0,344.0
CU00798,2024-05,15.0,572.0
CU00798,2024-06,17.0,574.0
CU00799,2024-01,18.0,647.0
CU00799,2024-02,16.0,593.0
CU00799,2024-03,14.0,408.0
CU00799,2024-04,18.0,705.0
CU00799,2024-05,17.0,634.0
CU00800,2024-01,14.0,549.0
CU00800,2024-02,11.0,401.0
CU00800,2024-03,11.0,415.0
CU00800,2024-04,13.0,495.0
CU00800,2024-05,,316.0
CU00800,2024-06,14.0,564.0
