고객ID,성별,연령,지역,가입일,요금제,이탈여부,월평균결제액,가입경로
C00001,여,33.0,인천,2021/09/17,스탠다드,0,25129,SNS
C00002,여,41.0,대전,2023-07-02,스탠다드,0,29343,앱스토어
C00003,남,26.0,경기,2021-05-12,베이직,0,19562,SNS
C00004,남,44.0,서울,2020-12-22,베이직,1,16417,앱스토어
C00005,남,27.0,서울,2021-04-02,베이직,1,11194,검색
C00006,남,21.0,경기,2023-02-11,베이직,0,17821,지인추천
C00007,여,42.0,광주,23-08-2023,베이직,0,5000,앱스토어
C00008,여,47.0,부산,2020/09/01,베이직,1,10203,SNS
C00009,남,39.0,인천,2022-08-24,베이직,1,14302,앱스토어
C00010,남,25.0,광주,2023-10-28,베이직,0,15226,검색
C00011,남,22.0,제주,2021-02-05,베이직,0,"14,769",앱스토어
C00012,여,46.0,부산,2023.09.08,베이직,1,12177,앱스토어
C00013,여,50.0,경기,2020.12.06,베이직,0,14996,앱스토어
C00014,여,46.0,인천,2023-03-18,베이직,0,"11,742",검색
C00015,여,,서울,2023-04-25,프리미엄,0,38389,앱스토어
C00016,여,42.0,서울,2022.07.07,스탠다드,0,34690,검색
C00017,남,36.0,서울,2022-01-05,베이직,0,16050,지인추천
C00018,남,43.0,광주,2022-05-27,베이직,1,"8,817",검색
C00019,여,32.0,광주,2023-06-22,베이직,0,11780,SNS
C00020,여,50.0,서울,2021-09-04,스탠다드,0,36159,검색
C00021,남,47.0,경기,15-12-2023,스탠다드,0,10533,검색
C00022,남,40.0,대전,2022-02-28,프리미엄,1,41404,앱스토어
C00023,여,58.0,제주,2022/06/01,스탠다드,0,33726,SNS
C00024,남,37.0,경기,2023/01/11,프리미엄,0,73145,SNS
C00025,남,39.0,대구,2022.12.24,베이직,0,"14,084",앱스토어
C00026,여,35.0,광주,2022-12-24,베이직,1,5990,검색
C00027,여,30.0,경기,2023-02-12,베이직,1,9763,앱스토어
C00028,여,58.0,대구,2022/06/11,스탠다드,0,"33,789",지인추천
C00029,남,55.0,광주,2024-02-14,스탠다드,0,42846,검색
C00030,남,30.0,부산,2020-05-10,스탠다드,0,35415,지인추천
C00031,남,42.0,부산,2022/01/01,베이직,1,11501,검색
C00032,여,39.0,서울,2024-06-27,베이직,1,"6,655",검색
C00033,남,48.0,부산,2020/07/05,베이직,1,13030,지인추천
C00034,남,43.0,서울,2020-12-13,스탠다드,0,"17,407",검색
C00035,여,35.0,서울,2024.06.16,프리미엄,0,16320,앱스토어
C00036,남,,경기,2020-01-26,프리미엄,0,37691,SNS
C00037,여,44.0,경기,2024.03.12,스탠다드,0,27157,검색
C00038,여,27.0,경기,2020-04-03,베이직,1,10431,SNS
C00039,남,23.0,부산,2023-01-19,스탠다드,0,28355,앱스토어
C00040,남,30.0,서울,2024-06-06,베이직,0,15746,SNS
C00041,남,63.0,대전,2020-06-05,베이직,0,17124,SNS
C00042,남,57.0,인천,2021-09-18,스탠다드,0,39297,앱스토어
C00043,여,21.0,인천,2020/09/04,스탠다드,0,34550,SNS
C00044,여,48.0,광주,2024-03-29,스탠다드,0,24229,지인추천
C00045,여,45.0,부산,2022-06-30,베이직,0,19787,앱스토어
C00046,남,37.0,서울,2023-01-23,프리미엄,1,"46,537",앱스토어
C00047,남,59.0,인천,2023/03/21,베이직,1,17823,검색
C00048,여,21.0,대구,2022-10-25,베이직,0,7834,검색
C00049,남,36.0,서울,2023-05-16,프리미엄,0,67972,지인추천
C00050,여,20.0,부산,2020-06-19,베이직,0,13337,지인추천
C00051,남,53.0,인천,2021-09-26,프리미엄,0,53159,검색
C00052,여,42.0,제주,2021/03/25,스탠다드,1,11774,지인추천
C00053,여,53.0,광주,2021/12/08,스탠다드,1,21076,앱스토어
C00054,여,28.0,경기,2023.04.21,스탠다드,0,24881,SNS
C00055,남,39.0,부산,2020-05-01,베이직,1,12283,지인추천
C00056,남,50.0,인천,2023-05-03,스탠다드,0,37525,검색
C00057,여,60.0,경기,2023/10/12,베이직,1,5000,지인추천
C00058,여,60.0,경기,2021.04.15,베이직,0,"7,893",SNS
C00059,남,33.0,부산,2021.07.18,프리미엄,0,44232,앱스토어
C00060,여,63.0,인천,2021.03.11,베이직,1,5000,지인추천
C00061,남,60.0,인천,2023.04.13,베이직,0,13780,검색
C00062,남,34.0,서울,2024/03/27,프리미엄,0,46270,검색
C00063,여,29.0,경기,2021-04-29,프리미엄,0,31340,지인추천
C00064,여,23.0,경기,2024-05-15,프리미엄,1,"43,133",검색
C00065,여,23.0,서울,2023/08/17,스탠다드,0,"31,924",검색
C00066,남,25.0,인천,2021-11-03,베이직,0,12560,SNS
C00067,여,58.0,경기,2021-10-30,스탠다드,0,26255,검색
C00068,여,48.0,부산,2022-10-28,스탠다드,0,28022,앱스토어
C00069,여,61.0,대구,2022-04-19,스탠다드,0,"35,637",SNS
C00070,남,30.0,경기,2021-05-10,스탠다드,1,15499,앱스토어
C00071,남,51.0,서울,2023-12-19,베이직,1,"6,113",앱스토어
C00072,여,42.0,경기,2021/07/06,베이직,0,11358,검색
C00073,남,22.0,부산,2024-05-19,베이직,0,21249,SNS
C00074,여,41.0,경기,26-10-2023,스탠다드,1,"18,745",지인추천
C00075,남,46.0,부산,25-09-2023,베이직,0,12541,검색
C00076,여,53.0,제주,2021-03-31,프리미엄,0,33307,SNS
C00077,남,64.0,경기,2021-07-30,스탠다드,0,"20,261",앱스토어
C00078,여,51.0,서울,2024/05/25,프리미엄,0,53559,SNS
C00079,여,34.0,제주,2020/07/04,프리미엄,0,61180,검색
C00080,여,44.0,부산,2020-10-03,스탠다드,0,"28,356",검색
C00081,남,51.0,부산,2022-12-03,프리미엄,0,55745,지인추천
C00082,남,47.0,광주,2023/09/18,프리미엄,0,64180,지인추천
C00083,여,60.0,경기,04-04-2024,베이직,0,21513,앱스토어
C00084,남,48.0,서울,2021/03/05,스탠다드,1,14438,SNS
C00085,여,28.0,서울,2022.09.14,스탠다드,0,30225,SNS
C00086,남,65.0,광주,2020/02/24,베이직,0,15742,검색
C00087,남,53.0,경기,2021-02-03,베이직,1,9711,검색
C00088,남,22.0,부산,2024-01-24,스탠다드,1,49537,SNS
C00089,여,46.0,제주,2023-06-19,스탠다드,1,24314,지인추천
C00090,남,37.0,부산,2022-02-14,프리미엄,0,63252,SNS
C00091,남,22.0,경기,2020-09-01,프리미엄,0,37680,앱스토어
C00092,여,44.0,경기,2020-04-01,스탠다드,1,15322,지인추천
C00093,여,47.0,부산,2024-03-03,베이직,1,13238,SNS
C00094,남,57.0,서울,01-04-2022,프리미엄,0,39297,SNS
C00095,남,44.0,인천,2021.10.12,스탠다드,1,27827,앱스토어
C00096,여,61.0,서울,2024/03/04,프리미엄,0,84191,검색
C00097,여,31.0,경기,2020-03-15,베이직,1,15397,SNS
C00098,여,42.0,대전,2023-10-29,베이직,0,12168,지인추천
C00099,여,50.0,서울,2020-09-26,베이직,0,19305,지인추천
C00100,남,64.0,서울,2020-02-13,스탠다드,0,31522,SNS
C00101,여,25.0,경기,2022-01-08,스탠다드,0,44465,검색
C00102,여,34.0,경기,2024-03-05,스탠다드,0,"18,857",지인추천
C00103,여,27.0,제주,18-05-2021,베이직,0,"9,160",앱스토어
C00104,여,56.0,경기,2023-02-17,프리미엄,0,65287,앱스토어
C00105,여,30.0,경기,2023.02.21,스탠다드,0,40462,지인추천
C00106,남,32.0,인천,28-04-2020,스탠다드,0,"34,801",SNS
C00107,여,,서울,2023-07-25,베이직,1,"13,991",SNS
C00108,남,23.0,경기,2020-11-13,베이직,1,8055,지인추천
C00109,여,64.0,경기,2023/02/19,프리미엄,0,"44,197",SNS
C00110,남,58.0,광주,2020-03-09,베이직,0,7433,지인추천
C00111,남,50.0,서울,2022/10/04,프리미엄,1,47704,지인추천
C00112,여,53.0,경기,2023.11.24,스탠다드,0,16486,지인추천
C00113,여,45.0,서울,2021-09-22,베이직,0,12330,SNS
C00114,남,23.0,서울,2021-07-09,스탠다드,0,33425,검색
C00115,여,53.0,광주,2024/04/17,베이직,0,6716,앱스토어
C00116,여,40.0,대구,2022-05-17,프리미엄,0,49965,검색
C00117,남,24.0,서울,2023.06.30,베이직,0,18524,검색
C00118,남,35.0,서울,2024/03/31,스탠다드,0,45044,SNS
C00119,남,21.0,제주,2022.07.25,프리미엄,0,"51,140",앱스토어
C00120,남,50.0,경기,2024-05-17,베이직,0,18505,검색
C00121,여,62.0,서울,2023-02-04,베이직,0,19628,검색
C00122,여,61.0,서울,2023-04-03,베이직,1,12825,검색
C00123,여,53.0,광주,2021-03-29,베이직,1,"8,479",검색
C00124,여,23.0,인천,2024/01/12,스탠다드,0,33493,SNS
C00125,여,45.0,경기,2024-02-27,스탠다드,0,26381,검색
C00126,남,29.0,서울,2022-09-07,프리미엄,1,30649,앱스토어
C00127,남,25.0,광주,2021/07/19,베이직,0,12268,검색
C00128,여,44.0,서울,2022-10-10,베이직,0,13357,지인추천
C00129,남,28.0,경기,2024.05.10,베이직,0,17013,앱스토어
C00130,남,52.0,부산,2021-09-09,베이직,0,8834,앱스토어
C00131,남,40.0,경기,2023-10-03,스탠다드,0,"30,469",SNS
C00132,여,46.0,대전,2023-08-31,베이직,0,9641,SNS
C00133,남,58.0,부산,2023.06.23,프리미엄,0,45345,지인추천
C00134,남,32.0,서울,2020-11-22,베이직,1,6762,앱스토어
C00135,남,62.0,대구,2020.04.06,베이직,0,20400,앱스토어
C00136,여,45.0,서울,2023/03/18,베이직,1,15115,지인추천
C00137,여,62.0,대전,2020-07-24,베이직,0,12801,지인추천
C00138,남,64.0,서울,29-03-2023,베이직,0,13585,검색
C00139,여,52.0,대구,2023/04/27,스탠다드,1,"25,927",검색
C00140,남,65.0,경기,2022-12-26,베이직,0,15816,SNS
C00141,여,53.0,경기,2023-11-02,프리미엄,0,"60,011",검색
C00142,남,28.0,대전,2020-08-26,프리미엄,0,38737,SNS
C00143,남,56.0,제주,2021-08-01,스탠다드,1,14140,SNS
C00144,남,48.0,경기,08-01-2020,프리미엄,0,29486,SNS
C00145,여,50.0,경기,2024-01-30,스탠다드,1,"12,980",지인추천
C00146,여,64.0,광주,2020-11-24,프리미엄,1,38151,앱스토어
C00147,남,54.0,대구,2024-02-27,베이직,0,21461,SNS
C00148,남,63.0,인천,2023/02/20,프리미엄,1,35222,앱스토어
C00149,여,44.0,서울,2024/06/11,스탠다드,0,43931,SNS
C00150,남,24.0,부산,2024-04-14,스탠다드,0,40135,지인추천
C00151,남,62.0,경기,2020-06-13,베이직,0,22933,앱스토어
C00152,여,61.0,대전,2021-11-18,베이직,0,13999,지인추천
C00153,여,32.0,서울,2023-10-07,베이직,0,15378,앱스토어
C00154,여,24.0,제주,2023-11-03,프리미엄,0,"44,192",검색
C00155,남,32.0,인천,2021-09-10,베이직,0,13683,지인추천
C00156,남,55.0,서울,2022-08-03,스탠다드,1,33087,SNS
C00157,m,57.0,인천,2023-02-27,프리미엄,0,56671,지인추천
C00158,남,24.0,서울,2021-03-17,스탠다드,0,31051,지인추천
C00159,여,29.0,서울,2021-08-07,베이직,0,"11,597",지인추천
C00160,남,48.0,인천,2024/04/03,베이직,0,16648,SNS
C00161,남,50.0,부산,2020-05-18,베이직,0,"23,343",검색
C00162,여,58.0,경기,2023/12/18,베이직,1,6322,SNS
C00163,남,34.0,부산,2024-04-08,베이직,0,"13,996",검색
C00164,여,61.0,대전,2022-04-24,스탠다드,1,"5,000",SNS
C00165,여,24.0,서울,2023-07-10,스탠다드,1,19854,검색
C00166,여,39.0,서울,26-03-2024,베이직,0,11623,검색
C00167,여,48.0,제주,2020-09-29,스탠다드,0,20502,앱스토어
C00168,여,32.0,대전,2024-05-24,스탠다드,1,28327,지인추천
C00169,여,25.0,서울,2020-10-09,베이직,1,5000,검색
C00170,남,39.0,제주,2023-10-21,프리미엄,1,36422,SNS
C00171,남,28.0,부산,22-06-2022,베이직,0,"14,027",SNS
C00172,남,27.0,서울,2023-09-28,베이직,0,"17,571",검색
C00173,여,56.0,대구,2021-05-17,베이직,0,16265,앱스토어
C00174,여,65.0,서울,2022-01-20,베이직,1,10602,SNS
C00175,남,55.0,부산,2022.09.28,베이직,0,15217,검색
C00176,여,29.0,인천,2021/03/06,프리미엄,1,39962,앱스토어
C00177,여,63.0,서울,2021-03-10,베이직,0,11833,앱스토어
C00178,여,44.0,광주,2021-08-31,프리미엄,0,"55,617",검색
C00179,여,54.0,인천,2020/11/11,프리미엄,0,46255,SNS
C00180,여,59.0,제주,2021/08/25,스탠다드,0,29161,앱스토어
C00181,여,36.0,대구,2020-12-04,프리미엄,0,29202,검색
C00182,여,29.0,인천,2021-09-03,프리미엄,0,"36,108",지인추천
C00183,남,38.0,광주,2020-03-19,베이직,0,9699,SNS
C00184,여,55.0,서울,2023-04-10,스탠다드,0,"26,268",검색
C00185,여,49.0,경기,2020-06-15,베이직,0,23137,검색
C00186,남,60.0,대구,2021/03/16,베이직,0,16887,앱스토어
C00187,남,49.0,제주,2020-09-04,스탠다드,0,28688,검색
C00188,남,61.0,제주,2022-06-20,베이직,0,9994,지인추천
C00189,남,57.0,부산,20-08-2023,베이직,0,21553,지인추천
C00190,여,57.0,서울,20-12-2020,프리미엄,0,46606,검색
C00191,여,22.0,경기,2022/10/11,베이직,0,21448,SNS
C00192,여,37.0,대전,2022-04-19,스탠다드,0,17740,검색
C00193,남,26.0,대전,2024-04-23,베이직,0,13879,검색
C00194,여,30.0,대전,2020.04.13,스탠다드,0,26614,앱스토어
C00195,여,64.0,광주,2022-04-04,베이직,1,10465,검색
C00196,여,57.0,서울,2023-10-05,베이직,0,8360,지인추천
C00197,남,32.0,경기,2021-03-28,베이직,0,16632,앱스토어
C00198,남,35.0,서울,2024-03-07,베이직,0,10174,검색
C00199,남,30.0,인천,2023.02.12,베이직,0,5000,지인추천
C00200,여,27.0,광주,2020-10-12,스탠다드,0,28366,앱스토어
C00201,남,39.0,제주,2021-05-19,스탠다드,0,36239,검색
C00202,여,33.0,경기,2021-06-02,프리미엄,0,51703,앱스토어
C00203,남,46.0,서울,2021.01.28,베이직,0,13594,앱스토어
C00204,남,30.0,부산,2022-04-20,스탠다드,1,14626,지인추천
C00205,여,28.0,서울,2020-03-29,베이직,0,22822,검색
C00206,여,31.0,대구,2022.04.04,베이직,0,15440,지인추천
C00207,여,30.0,대전,2022/07/17,스탠다드,0,16064,앱스토어
C00208,m,50.0,서울,2022-09-22,프리미엄,0,41235,검색
C00209,남,45.0,부산,2021/02/05,프리미엄,0,53385,앱스토어
C00210,F,,경기,2020/03/10,베이직,0,16481,검색
C00211,f,37.0,대전,2024.05.08,프리미엄,1,"42,032",검색
C00212,여,40.0,경기,2023/09/09,베이직,0,22860,앱스토어
C00213,여,33.0,경기,2022-10-15,베이직,0,14078,앱스토어
C00214,남,36.0,경기,2021-05-01,베이직,0,"19,996",검색
C00215,여,51.0,제주,2020-02-03,프리미엄,0,41089,검색
C00216,여,24.0,경기,03-03-2022,베이직,0,"14,424",검색
C00217,여,29.0,인천,2020-08-24,베이직,1,"7,360",SNS
C00218,여,30.0,서울,21-03-2021,스탠다드,0,28143,앱스토어
C00219,여,31.0,인천,2021-11-16,스탠다드,1,15600,검색
C00220,남,62.0,대전,2022-02-10,스탠다드,0,28212,검색
C00221,남,29.0,경기,2023-02-21,베이직,1,23270,지인추천
C00222,여,50.0,대구,2022-01-17,베이직,1,18170,지인추천
C00223,여,25.0,경기,2023-01-13,프리미엄,0,33156,검색
C00224,남,51.0,부산,2023.08.24,프리미엄,0,"65,699",지인추천
C00225,남,34.0,서울,26-01-2023,스탠다드,0,41168,검색
C00226,여,55.0,대구,2020/12/05,스탠다드,1,17444,SNS
C00227,남,37.0,인천,2021-07-13,베이직,0,12182,검색
C00228,남,29.0,서울,2023/12/29,베이직,0,"10,304",검색
C00229,남,39.0,경기,08-02-2021,스탠다드,0,26840,SNS
C00230,남,26.0,부산,2022-08-26,스탠다드,0,16570,지인추천
C00231,여,33.0,부산,2020-04-24,스탠다드,0,26876,앱스토어
C00232,여,55.0,서울,2022/08/15,베이직,0,23363,SNS
C00233,남,31.0,서울,2022-04-16,베이직,0,22781,SNS
C00234,남,28.0,부산,28-10-2022,스탠다드,0,14242,지인추천
C00235,여,24.0,경기,2021/10/07,프리미엄,0,52449,SNS
C00236,남,35.0,인천,2020-06-23,베이직,0,13256,앱스토어
C00237,여,36.0,서울,2020-02-06,베이직,0,"11,887",앱스토어
C00238,남,20.0,경기,2020-08-20,베이직,1,16724,검색
C00239,남,51.0,인천,2021-09-26,스탠다드,0,30071,검색
C00240,여,28.0,제주,2023-08-29,프리미엄,0,"60,811",검색
C00241,여,22.0,제주,2020/09/23,프리미엄,0,38584,SNS
C00242,남,30.0,서울,2023.10.23,프리미엄,0,55162,지인추천
C00243,남,37.0,인천,2021.08.26,스탠다드,1,16723,검색
C00244,남,39.0,제주,2022/04/17,베이직,0,10673,SNS
C00245,여,29.0,서울,2020-01-08,스탠다드,1,24495,앱스토어
C00246,여,23.0,부산,2021-10-16,베이직,0,13676,지인추천
C00247,여,33.0,경기,2021-03-20,베이직,0,6850,SNS
C00248,여,,서울,2021-06-06,베이직,0,16088,검색
C00249,여,58.0,부산,2020.10.14,베이직,0,29043,SNS
C00250,남,55.0,제주,2021-03-23,스탠다드,0,20838,앱스토어
C00251,남,45.0,서울,18-05-2021,스탠다드,0,27178,검색
C00252,남,64.0,인천,2021.06.04,베이직,0,13552,앱스토어
C00253,여,37.0,광주,2021-02-15,스탠다드,1,"22,046",지인추천
C00254,남,44.0,서울,2022-09-18,프리미엄,0,46958,검색
C00255,남,34.0,부산,2021-12-11,베이직,0,16279,SNS
C00256,남,43.0,대구,2021-05-19,프리미엄,0,"43,000",검색
C00257,남,53.0,부산,2022-08-05,베이직,0,"5,385",SNS
C00258,여,32.0,경기,2023-03-21,베이직,1,5409,SNS
C00259,남,29.0,서울,2022-03-17,베이직,1,11665,SNS
C00260,여,54.0,경기,2023-02-06,베이직,0,18527,검색
C00261,남,22.0,서울,2024-06-10,스탠다드,0,28569,검색
C00262,여,32.0,대구,2022.04.10,스탠다드,0,42133,앱스토어
C00263,남,35.0,서울,2024-05-22,스탠다드,0,22666,검색
C00264,남,31.0,제주,2024/03/28,베이직,0,10361,지인추천
C00265,남,26.0,대전,2022-04-16,프리미엄,1,"24,862",SNS
C00266,남,46.0,경기,2023-09-03,베이직,0,11951,SNS
C00267,여,22.0,제주,2020/01/05,베이직,1,16146,검색
C00268,남,31.0,광주,2020-11-12,베이직,0,14127,지인추천
C00269,여,32.0,경기,2021-12-06,베이직,1,13394,검색
C00270,남,22.0,부산,2022-12-04,베이직,0,18796,앱스토어
C00271,남,31.0,부산,2021-04-25,프리미엄,0,35888,앱스토어
C00272,남,22.0,대전,2021-06-27,스탠다드,0,38885,앱스토어
C00273,여,44.0,대전,2023-06-03,베이직,0,23032,지인추천
C00274,남,40.0,경기,2022.02.02,베이직,0,"16,349",검색
C00275,남,61.0,부산,2020-08-10,베이직,0,22311,지인추천
C00276,남,32.0,경기,2023-11-20,스탠다드,0,18245,검색
C00277,남,65.0,경기,2020-09-14,베이직,0,"12,265",SNS
C00278,남,22.0,경기,2021/10/27,베이직,0,15428,앱스토어
C00279,남,38.0,경기,2020-02-17,프리미엄,1,25171,SNS
C00280,여,28.0,인천,2024-03-16,프리미엄,0,65092,SNS
C00281,남,62.0,인천,2022/02/17,스탠다드,1,11514,앱스토어
C00282,남,,제주,2023/09/05,베이직,0,"16,846",SNS
C00283,남,21.0,광주,2023-07-20,베이직,1,5000,지인추천
C00284,남,28.0,대전,2022-01-07,베이직,1,9191,SNS
C00285,여,,서울,2021-06-14,베이직,1,"11,739",SNS
C00286,남,36.0,경기,2021.09.12,베이직,0,19486,지인추천
C00287,여,62.0,대전,2024/04/12,스탠다드,0,30533,SNS
C00288,남,46.0,대전,12-05-2020,스탠다드,1,28301,검색
C00289,여,31.0,경기,2022-04-15,프리미엄,0,"53,996",지인추천
C00290,여,35.0,경기,2023/03/17,프리미엄,0,57082,검색
C00291,남,25.0,인천,2021.06.17,베이직,0,15823,앱스토어
C00292,남,46.0,인천,2023-07-15,스탠다드,0,32187,앱스토어
C00293,남,65.0,경기,2021-10-02,스탠다드,0,36129,지인추천
C00294,남,30.0,광주,2023/01/21,베이직,0,"19,432",SNS
C00295,여,49.0,서울,2022/04/03,베이직,0,"19,874",검색
C00296,여,24.0,경기,2024-03-07,베이직,0,16075,검색
C00297,남,33.0,인천,17-09-2020,프리미엄,0,43412,검색
C00298,여,40.0,부산,2021-05-23,스탠다드,0,23650,검색
C00299,여,56.0,서울,2022/08/09,베이직,1,9090,검색
C00300,여,,부산,2022.03.17,스탠다드,0,29124,지인추천
C00301,남,42.0,경기,2022-02-04,베이직,0,15213,검색
C00302,남,37.0,대구,2021-10-08,스탠다드,0,24610,지인추천
C00303,남,50.0,서울,2024-04-14,프리미엄,0,32510,지인추천
C00304,남,21.0,대전,2021-04-10,베이직,0,14160,검색
C00305,여,56.0,대전,2023-11-09,베이직,0,6838,SNS
C00306,남,31.0,서울,2023/10/06,스탠다드,0,26354,앱스토어
C00307,남,59.0,경기,2024-06-19,프리미엄,0,56717,지인추천
C00308,여,52.0,서울,2023-01-19,스탠다드,1,22502,검색
C00309,남,23.0,제주,2021-12-30,프리미엄,0,36982,검색
C00310,남,56.0,인천,2021-08-10,베이직,0,15145,검색
C00311,여,29.0,서울,2020-08-01,스탠다드,1,36250,지인추천
C00312,여,41.0,부산,2021/02/25,베이직,0,11335,지인추천
C00313,남,64.0,광주,03-01-2021,스탠다드,0,35287,SNS
C00314,남,24.0,광주,2020-03-06,스탠다드,1,16441,앱스토어
C00315,남,25.0,대구,2023/09/06,베이직,0,20046,지인추천
C00316,남,31.0,서울,2021.05.09,베이직,1,14422,앱스토어
C00317,남,53.0,서울,2024-02-02,스탠다드,0,36387,앱스토어
C00318,여,34.0,제주,2024.01.22,스탠다드,0,35166,검색
C00319,남,27.0,서울,2022.11.12,베이직,1,9377,지인추천
C00320,여,35.0,제주,2023-11-06,베이직,0,16178,SNS
C00321,남,45.0,대구,2023.05.02,베이직,0,20878,앱스토어
C00322,남,48.0,부산,2024/02/25,베이직,1,6018,앱스토어
C00323,남,52.0,경기,2020-06-27,베이직,0,8990,앱스토어
C00324,여,49.0,서울,2022-05-17,베이직,1,"5,000",앱스토어
C00325,여,63.0,광주,2020-10-15,프리미엄,0,44067,지인추천
C00326,여,52.0,인천,2022-06-29,스탠다드,0,20070,검색
C00327,남,31.0,경기,2020-08-18,베이직,1,11817,검색
C00328,남,21.0,광주,29-06-2024,스탠다드,0,27510,SNS
C00329,남,23.0,광주,2022-03-02,프리미엄,0,49422,앱스토어
C00330,여,20.0,경기,2022-03-12,베이직,0,10835,검색
C00331,여,48.0,광주,2024-01-08,스탠다드,0,30812,SNS
C00332,남,39.0,대전,2020-03-19,베이직,0,18238,앱스토어
C00333,여,48.0,서울,2024/03/07,프리미엄,1,55385,SNS
C00334,남,51.0,제주,2024/05/01,베이직,0,8744,SNS
C00335,남,42.0,대구,2021-01-27,베이직,0,18630,지인추천
C00336,남,41.0,광주,2023/05/09,베이직,0,19945,앱스토어
C00337,남,35.0,인천,2021-01-24,프리미엄,1,28944,앱스토어
C00338,남,23.0,대구,01-11-2020,베이직,1,9172,SNS
C00339,남,48.0,경기,2023-07-31,베이직,1,6092,검색
C00340,여,29.0,경기,2022-07-22,베이직,0,14043,SNS
C00341,여,50.0,대전,2023-06-05,베이직,0,12079,앱스토어
C00342,남,54.0,대구,10-01-2024,스탠다드,0,"12,960",SNS
C00343,여,21.0,제주,2020-05-19,베이직,1,7997,지인추천
C00344,남,59.0,대구,2021-05-05,스탠다드,0,39791,검색
C00345,남,39.0,제주,2022-11-22,베이직,0,17850,앱스토어
C00346,여,61.0,서울,2022-06-28,베이직,1,13746,검색
C00347,남,50.0,서울,25-04-2020,베이직,1,13778,검색
C00348,남,22.0,대구,2020.11.03,베이직,0,"11,849",지인추천
C00349,남,55.0,서울,2022-09-23,베이직,0,18510,SNS
C00350,남,23.0,서울,2022-05-18,스탠다드,0,36888,앱스토어
C00351,남,62.0,대구,2024.01.28,프리미엄,0,53176,앱스토어
C00352,여,32.0,경기,2020-03-17,프리미엄,0,53037,SNS
C00353,남,56.0,인천,2023-01-28,스탠다드,0,36275,앱스토어
C00354,여,40.0,광주,24-03-2020,베이직,1,10458,지인추천
C00355,남,47.0,대전,2020-02-16,스탠다드,0,40145,검색
C00356,남,45.0,대구,2024-06-10,스탠다드,1,17913,검색
C00357,여,36.0,서울,2021/10/20,스탠다드,0,29523,검색
C00358,여,61.0,경기,2023/09/21,스탠다드,0,25581,SNS
C00359,남,46.0,대구,2023-03-29,스탠다드,0,31251,SNS
C00360,남,21.0,대구,2020-07-03,프리미엄,0,54688,SNS
C00361,여,62.0,서울,2023-04-01,베이직,0,18963,SNS
C00362,여,62.0,부산,2021/03/04,베이직,0,19267,SNS
C00363,여,57.0,서울,2024/05/01,스탠다드,0,30421,SNS
C00364,남,65.0,인천,2022-03-03,스탠다드,0,20454,검색
C00365,남,,경기,2022.09.28,프리미엄,0,30443,앱스토어
C00366,남,21.0,경기,2021.12.17,베이직,0,18402,검색
C00367,여,23.0,서울,2020-05-14,베이직,1,"9,767",SNS
C00368,남,55.0,서울,2020.10.19,스탠다드,0,30921,지인추천
C00369,여,,인천,08-12-2022,베이직,1,11334,지인추천
C00370,남,43.0,인천,2021-07-19,베이직,0,11757,SNS
C00371,남,30.0,광주,2022-06-08,스탠다드,0,25759,검색
C00372,남,55.0,광주,2022.01.15,베이직,0,18599,지인추천
C00373,남,50.0,서울,2023-02-13,베이직,0,7466,지인추천
C00374,남,57.0,서울,2023-04-24,프리미엄,0,50518,검색
C00375,여,38.0,광주,2020.06.15,베이직,1,"9,921",검색
C00376,여,30.0,서울,2023.12.07,베이직,0,22047,지인추천
C00377,남,43.0,경기,2022-06-19,베이직,0,10512,SNS
C00378,여,65.0,서울,2022-07-06,베이직,0,6283,SNS
C00379,여,38.0,서울,2021/03/25,스탠다드,0,16595,검색
C00380,남,58.0,인천,2021-02-16,스탠다드,1,20185,SNS
C00381,남,29.0,서울,2021-01-12,베이직,0,10047,SNS
C00382,여,37.0,제주,2022-09-17,스탠다드,0,26669,지인추천
C00383,남,53.0,인천,2020.10.27,베이직,0,23845,SNS
C00384,남,65.0,광주,2022-05-05,베이직,1,12394,검색
C00385,여,55.0,광주,2020.06.18,스탠다드,1,26907,앱스토어
C00386,남,33.0,서울,2021/07/31,프리미엄,0,37965,SNS
C00387,여,33.0,인천,2024-02-24,베이직,0,14366,지인추천
C00388,여,23.0,서울,2021/07/25,베이직,1,9411,지인추천
C00389,남,33.0,대구,2024-02-09,베이직,0,18953,검색
C00390,남,56.0,대구,2020-01-19,프리미엄,0,"38,445",검색
C00391,남,23.0,경기,2023-07-07,프리미엄,0,60500,검색
C00392,여,64.0,서울,2021-02-25,프리미엄,1,53119,검색
C00393,남,61.0,경기,10-08-2022,프리미엄,0,"36,578",SNS
C00394,여,21.0,부산,2024-01-27,베이직,0,12628,SNS
C00395,남,23.0,서울,2022.07.18,프리미엄,0,60204,검색
C00396,남,45.0,부산,2022-02-05,베이직,0,21220,검색
C00397,남,27.0,경기,26-03-2021,프리미엄,0,49010,검색
C00398,여,62.0,서울,2023-03-18,베이직,1,8386,검색
C00399,남,44.0,제주,2020-06-17,스탠다드,0,23122,SNS
C00400,여,65.0,서울,2021/12/02,스탠다드,0,29573,검색
C00401,여,28.0,인천,2020.11.10,스탠다드,0,30715,지인추천
C00402,남,38.0,경기,2020-09-08,프리미엄,0,37075,SNS
C00403,여,47.0,경기,2023-11-08,베이직,1,6191,SNS
C00404,남,63.0,광주,2024/06/04,프리미엄,0,39093,지인추천
C00405,여,35.0,대전,2023-12-22,베이직,0,16349,지인추천
C00406,남,41.0,서울,2024-01-06,베이직,0,13138,지인추천
C00407,남,24.0,제주,2021-09-10,베이직,0,13136,검색
C00408,남,,서울,2021-04-05,스탠다드,1,19219,지인추천
C00409,남,45.0,경기,18-04-2024,프리미엄,0,55213,SNS
C00410,여,60.0,서울,2021-07-09,베이직,1,14642,SNS
C00411,F,21.0,부산,2021-02-25,베이직,0,13214,SNS
C00412,남,49.0,경기,2024-05-14,베이직,0,18742,검색
C00413,남,45.0,서울,2020.01.26,베이직,0,19187,SNS
C00414,남,51.0,경기,2021-02-25,베이직,0,16343,SNS
C00415,여,47.0,서울,2024.01.14,프리미엄,0,40371,SNS
C00416,여,20.0,대전,2020-04-21,스탠다드,0,"32,500",검색
C00417,남,22.0,서울,2023-11-12,스탠다드,1,"30,459",SNS
C00418,여,65.0,서울,2022/02/18,베이직,0,23898,검색
C00419,여,44.0,서울,2021-02-04,베이직,1,11514,검색
C00420,여,,제주,2021-12-09,베이직,0,15422,지인추천
C00421,남,45.0,제주,2024-05-12,스탠다드,0,22996,SNS
C00422,남,42.0,부산,2024-04-09,베이직,1,11534,앱스토어
C00423,남,31.0,부산,2023-04-30,프리미엄,0,32706,검색
C00424,남,31.0,대전,2023/01/30,프리미엄,0,58751,지인추천
C00425,여,57.0,제주,2022-10-22,베이직,0,16363,검색
C00426,여,23.0,서울,2023-10-11,베이직,0,15662,지인추천
C00427,여,38.0,부산,2022-01-09,스탠다드,0,46513,앱스토어
C00428,여,22.0,부산,2022/11/15,베이직,0,"12,664",SNS
C00429,여,62.0,경기,29-05-2023,스탠다드,0,22403,SNS
C00430,남,65.0,서울,2020-07-07,베이직,1,11982,SNS
C00431,남,50.0,대전,2020-11-02,스탠다드,0,23403,지인추천
C00432,F,48.0,서울,2023-08-02,베이직,1,17881,SNS
C00433,남,47.0,대전,2024-05-21,베이직,1,8308,앱스토어
C00434,여,43.0,광주,2023/07/21,스탠다드,0,35221,앱스토어
C00435,남,31.0,서울,2021/10/23,스탠다드,1,12675,지인추천
C00436,여,54.0,대전,2021-01-12,스탠다드,0,"32,880",SNS
C00437,여,62.0,광주,2020-09-03,베이직,0,15680,SNS
C00438,남,38.0,광주,2020/10/23,베이직,0,12217,앱스토어
C00439,남,64.0,서울,28-04-2023,베이직,0,15001,앱스토어
C00440,남,46.0,대전,2020/09/17,프리미엄,0,82225,검색
C00441,남,53.0,서울,27-08-2020,스탠다드,0,36906,SNS
C00442,남,33.0,부산,2022-08-16,베이직,0,15201,앱스토어
C00443,남,43.0,광주,2020.02.29,베이직,0,"9,662",검색
C00444,여,26.0,서울,2023/11/14,베이직,0,13544,SNS
C00445,여,34.0,제주,2024.01.15,프리미엄,1,"31,571",지인추천
C00446,남,40.0,경기,2022-02-12,베이직,0,5000,검색
C00447,여,48.0,서울,01-05-2020,스탠다드,0,27085,앱스토어
C00448,여,33.0,서울,2023.04.22,베이직,0,10747,SNS
C00449,남,60.0,부산,2023-02-27,베이직,1,11642,검색
C00450,M,51.0,대구,2020-07-23,베이직,1,12927,앱스토어
C00451,남,61.0,서울,2021.09.29,베이직,0,"11,559",지인추천
C00452,여,63.0,제주,2020/05/20,베이직,0,"9,160",검색
C00453,여,50.0,광주,2023.12.05,베이직,1,"9,472",SNS
C00454,남,46.0,대구,2020-04-06,베이직,0,14538,지인추천
C00455,여,37.0,인천,2023-02-07,프리미엄,0,62286,SNS
C00456,여,43.0,제주,2022-04-30,스탠다드,1,37767,검색
C00457,여,65.0,서울,2022/11/30,스탠다드,0,37038,검색
C00458,남,63.0,서울,2024-05-18,스탠다드,0,"35,352",SNS
C00459,여,39.0,서울,2022/04/15,프리미엄,0,42923,SNS
C00460,남,47.0,인천,2023.05.15,스탠다드,0,28745,지인추천
C00461,여,56.0,인천,2020-05-05,베이직,0,5000,앱스토어
C00462,여,44.0,인천,2022.11.30,베이직,0,17015,SNS
C00463,여,50.0,부산,2024-01-13,스탠다드,0,28247,SNS
C00464,남,54.0,제주,2022-05-27,스탠다드,0,"32,403",SNS
C00465,남,27.0,부산,27-08-2021,스탠다드,0,30900,SNS
C00466,여,31.0,경기,2023/01/23,베이직,0,17886,SNS
C00467,남,40.0,서울,2020.06.01,프리미엄,0,"48,963",검색
C00468,남,27.0,대구,2022-09-17,베이직,0,20591,검색
C00469,남,23.0,서울,2024/05/15,베이직,1,"10,995",검색
C00470,여,29.0,부산,2023.10.10,베이직,0,7865,검색
C00471,여,,광주,2023/09/21,베이직,0,20783,지인추천
C00472,여,40.0,광주,2022-05-15,프리미엄,1,36417,검색
C00473,여,21.0,경기,2020/07/03,베이직,0,15752,검색
C00474,남,45.0,서울,2022-08-23,베이직,1,17065,SNS
C00475,여,47.0,부산,2021-06-07,프리미엄,0,56586,검색
C00476,여,58.0,서울,2022-11-25,프리미엄,1,18729,앱스토어
C00477,남,41.0,경기,2021.09.13,스탠다드,0,19621,지인추천
C00478,여,,경기,2020.08.23,베이직,1,"12,612",지인추천
C00479,남,45.0,인천,2020-01-24,베이직,0,"15,859",지인추천
C00480,남,49.0,제주,2023/03/17,프리미엄,0,45017,검색
C00481,남,,대전,2023-03-25,스탠다드,1,17886,검색
C00482,여,64.0,서울,2024.05.18,베이직,0,13754,검색
C00483,여,32.0,서울,2020-04-18,스탠다드,0,25881,앱스토어
C00484,남,43.0,대전,2020-11-23,베이직,1,9945,지인추천
C00485,남,32.0,인천,05-06-2021,프리미엄,0,38545,지인추천
C00486,남,62.0,인천,2021-06-20,스탠다드,0,37146,지인추천
C00487,여,28.0,경기,2020-01-31,베이직,0,14457,검색
C00488,남,63.0,광주,2021/06/22,스탠다드,1,22130,앱스토어
C00489,남,26.0,광주,2021.05.09,베이직,1,9669,지인추천
C00490,여,58.0,인천,2023-12-08,프리미엄,0,40794,SNS
C00491,남,36.0,대전,2020.10.04,프리미엄,0,40236,검색
C00492,여,54.0,대전,2022-09-09,베이직,0,20007,앱스토어
C00493,남,53.0,제주,2023-07-31,스탠다드,1,23349,앱스토어
C00494,여,36.0,서울,2022-10-04,프리미엄,0,47238,검색
C00495,남,59.0,인천,2022-06-06,베이직,0,"15,944",SNS
C00496,여,33.0,대전,2020-05-16,베이직,0,"18,367",지인추천
C00497,남,22.0,경기,2022-07-10,프리미엄,1,44445,지인추천
C00498,여,33.0,경기,2023-05-23,프리미엄,0,22842,검색
C00499,여,25.0,서울,2020-01-25,베이직,0,17097,지인추천
C00500,여,39.0,대구,2021/10/13,베이직,1,8953,검색
C00501,남,43.0,대전,2020-07-01,프리미엄,0,39444,지인추천
C00502,남,24.0,제주,2022.05.04,스탠다드,0,26522,검색
C00503,여,46.0,서울,2020-02-17,베이직,0,17899,SNS
C00504,남,60.0,서울,2024-02-14,프리미엄,0,39199,지인추천
C00505,여,56.0,서울,2020-11-26,프리미엄,0,49033,검색
C00506,여,50.0,서울,2020-12-11,스탠다드,0,33603,검색
C00507,여,63.0,부산,2022-01-17,베이직,0,22691,SNS
C00508,여,20.0,광주,2020/01/27,베이직,1,11086,검색
C00509,여,44.0,대구,2021/03/12,프리미엄,0,"36,872",앱스토어
C00510,여,38.0,서울,2022-07-04,베이직,0,6187,검색
C00511,남,43.0,서울,2023-06-03,프리미엄,0,"47,842",검색
C00512,여,22.0,경기,2020/06/28,베이직,0,18087,검색
C00513,남,25.0,대전,2023.10.09,베이직,0,25544,앱스토어
C00514,남,58.0,부산,2020-03-11,스탠다드,0,30789,앱스토어
C00515,남,57.0,대전,2020-05-18,베이직,0,21677,앱스토어
C00516,여,48.0,광주,2022-06-10,스탠다드,1,22919,SNS
C00517,남,27.0,제주,2021-03-15,베이직,0,13463,SNS
C00518,남,61.0,서울,15-02-2024,스탠다드,0,20817,앱스토어
C00519,남,57.0,경기,2024/04/17,베이직,0,"13,867",검색
C00520,남,36.0,대구,2022-10-31,프리미엄,1,"55,866",검색
C00521,남,60.0,제주,2022.08.07,베이직,1,19566,검색
C00522,남,34.0,부산,2022-09-09,스탠다드,1,11138,지인추천
C00523,여,22.0,대전,2023-10-31,베이직,1,12979,검색
C00524,여,39.0,부산,2020-08-25,베이직,0,5000,검색
C00525,남,36.0,서울,2022-06-05,스탠다드,1,13235,앱스토어
C00526,여,60.0,광주,2020/02/28,스탠다드,1,18287,앱스토어
C00527,남,46.0,제주,2020-03-03,베이직,0,18228,검색
C00528,남,50.0,인천,2022-05-06,베이직,1,10006,지인추천
C00529,남,39.0,광주,2023-02-14,베이직,0,9846,검색
C00530,여,61.0,인천,2023-07-13,프리미엄,1,36301,앱스토어
C00531,남,,경기,2020/12/19,베이직,0,20107,앱스토어
C00532,m,56.0,서울,2024.05.06,프리미엄,0,38710,검색
C00533,여,65.0,부산,2022-04-23,베이직,1,17722,앱스토어
C00534,여,27.0,경기,02-03-2022,스탠다드,1,28528,지인추천
C00535,여,56.0,광주,2023-05-21,베이직,0,13997,검색
C00536,남,39.0,서울,30-08-2020,베이직,1,7894,검색
C00537,여,58.0,부산,2020-09-25,베이직,1,"5,000",검색
C00538,여,52.0,서울,2022-02-27,스탠다드,0,20984,SNS
C00539,남,23.0,대전,2020-11-08,스탠다드,0,39205,지인추천
C00540,여,43.0,서울,2023-04-08,베이직,1,"8,692",검색
C00541,여,25.0,인천,2023-01-06,베이직,1,9284,검색
C00542,남,25.0,경기,2020-12-02,프리미엄,0,76857,앱스토어
C00543,남,32.0,서울,2021/02/02,스탠다드,0,24832,지인추천
C00544,남,43.0,부산,2024-04-13,프리미엄,0,37523,검색
C00545,여,24.0,인천,2023/01/06,스탠다드,0,36839,SNS
C00546,남,20.0,서울,2020.09.28,프리미엄,0,48053,앱스토어
C00547,여,43.0,부산,2023.05.11,프리미엄,0,46304,검색
C00548,여,20.0,경기,2021-10-05,베이직,1,7478,SNS
C00549,남,39.0,광주,2023-09-06,베이직,0,7277,검색
C00550,여,45.0,광주,14-05-2022,스탠다드,0,"29,814",앱스토어
C00551,남,21.0,경기,2021-04-30,프리미엄,0,32648,검색
C00552,여,47.0,부산,22-05-2021,프리미엄,0,62933,지인추천
C00553,m,23.0,서울,2023/10/24,스탠다드,1,29861,앱스토어
C00554,남,40.0,대구,2024/06/07,스탠다드,1,10301,검색
C00555,여,48.0,대구,2021-05-03,스탠다드,0,32908,앱스토어
C00556,남,60.0,인천,2023-11-25,프리미엄,0,44294,SNS
C00557,여,32.0,경기,2022-10-02,베이직,0,11117,지인추천
C00558,여,42.0,서울,2022-08-28,스탠다드,0,39411,앱스토어
C00559,남,21.0,서울,2021-11-20,스탠다드,0,27082,검색
C00560,남,52.0,인천,2020.10.20,스탠다드,0,37566,검색
C00561,여,57.0,제주,2024-03-16,스탠다드,0,33361,SNS
C00562,남,40.0,경기,2020/11/12,베이직,0,17055,앱스토어
C00563,남,34.0,경기,2022-12-22,프리미엄,1,24391,검색
C00564,남,62.0,부산,2020-01-08,프리미엄,0,70963,앱스토어
C00565,남,48.0,대구,2020.07.16,스탠다드,0,"40,980",검색
C00566,여,23.0,대구,2021-03-18,베이직,0,18999,SNS
C00567,여,26.0,서울,2021-07-02,베이직,1,18763,검색
C00568,남,57.0,서울,2020-06-05,프리미엄,0,46761,지인추천
C00569,남,57.0,경기,2023/08/06,프리미엄,1,"22,256",지인추천
C00570,여,61.0,광주,2021/06/26,베이직,0,12241,지인추천
C00571,여,61.0,서울,2023-04-18,프리미엄,0,48950,앱스토어
C00572,여,63.0,서울,2023/01/04,베이직,1,6443,지인추천
C00573,남,35.0,서울,10-05-2023,스탠다드,0,"13,813",검색
C00574,여,26.0,대구,2024.06.24,베이직,0,21528,SNS
C00575,남,25.0,경기,2020-03-07,베이직,0,19354,지인추천
C00576,남,47.0,서울,2023-07-03,스탠다드,0,30861,지인추천
C00577,여,62.0,서울,2021-10-28,베이직,0,16443,앱스토어
C00578,여,30.0,부산,2020-09-26,베이직,0,5746,SNS
C00579,남,50.0,서울,2022/01/07,프리미엄,1,40054,SNS
C00580,남,58.0,서울,2020-11-01,베이직,0,19648,검색
C00581,여,26.0,서울,2022/10/04,스탠다드,0,"16,637",앱스토어
C00582,여,29.0,인천,2020-01-17,베이직,0,15546,앱스토어
C00583,남,50.0,서울,2020-05-08,베이직,0,21513,SNS
C00584,남,45.0,경기,2020-04-01,스탠다드,0,28593,검색
C00585,남,32.0,대구,2020-05-16,스탠다드,1,"25,441",SNS
C00586,남,56.0,경기,2024-03-16,프리미엄,0,"48,354",검색
C00587,여,28.0,인천,2022/07/18,베이직,0,13369,지인추천
C00588,남,39.0,경기,2022-06-08,베이직,0,18675,검색
C00589,여,34.0,경기,2021/07/26,프리미엄,0,41839,검색
C00590,여,23.0,인천,2024/06/07,프리미엄,0,42615,앱스토어
C00591,남,52.0,서울,2024/02/13,프리미엄,0,68256,검색
C00592,남,48.0,인천,2022-10-31,스탠다드,1,"9,816",검색
C00593,여,54.0,인천,2023-12-20,스탠다드,0,33908,앱스토어
C00594,남,26.0,대구,2022-05-26,스탠다드,0,34481,검색
C00595,여,45.0,경기,2020-06-07,베이직,1,"20,497",앱스토어
C00596,남,59.0,경기,2022-10-09,베이직,0,13942,검색
C00597,남,25.0,서울,2021-10-13,베이직,0,12042,SNS
C00598,남,43.0,부산,2021-06-09,베이직,0,30764,SNS
C00599,여,42.0,서울,2021-07-03,프리미엄,0,47510,검색
C00600,여,21.0,경기,2023/07/03,프리미엄,1,38217,검색
C00601,여,38.0,인천,2021-07-22,베이직,0,13762,검색
C00602,남,52.0,경기,2024-01-14,스탠다드,0,26170,검색
C00603,남,41.0,서울,2020-09-09,스탠다드,0,20662,검색
C00604,남,48.0,서울,2022-03-21,베이직,1,7938,앱스토어
C00605,남,27.0,대구,2020-06-23,베이직,1,6171,지인추천
C00606,남,39.0,서울,2020-11-19,스탠다드,0,36008,지인추천
C00607,남,45.0,서울,2022-09-17,스탠다드,0,32747,검색
C00608,남,36.0,경기,2024/05/31,베이직,1,5000,검색
C00609,남,35.0,서울,2020-10-13,프리미엄,1,18576,SNS
C00610,남,35.0,제주,2021/10/04,베이직,1,6971,SNS
C00611,남,45.0,경기,2023/12/24,베이직,0,"13,179",앱스토어
C00612,여,60.0,광주,2023-05-28,스탠다드,1,25886,검색
C00613,f,34.0,대전,15-10-2020,베이직,0,12686,검색
C00614,여,25.0,경기,2021/01/16,베이직,0,20229,지인추천
C00615,여,49.0,서울,02-03-2024,베이직,1,"8,437",지인추천
C00616,여,24.0,제주,2020-05-03,프리미엄,0,31161,SNS
C00617,여,47.0,서울,2023-12-18,베이직,1,14619,SNS
C00618,여,59.0,서울,2023-08-09,베이직,1,"5,000",SNS
C00619,여,31.0,부산,2023-05-14,베이직,1,20964,검색
C00620,남,46.0,부산,2022.08.21,프리미엄,0,36223,검색
C00621,여,43.0,인천,2021-12-13,베이직,0,16371,지인추천
C00622,남,46.0,경기,2023/02/08,프리미엄,0,"47,170",검색
C00623,남,35.0,대전,2023.01.03,프리미엄,0,56823,SNS
C00624,남,33.0,부산,2020-10-18,프리미엄,0,56520,지인추천
C00625,여,51.0,부산,2020/08/17,스탠다드,0,28673,앱스토어
C00626,여,45.0,부산,2022/02/16,프리미엄,0,45181,SNS
C00627,남,28.0,부산,2021.09.13,베이직,0,12229,검색
C00628,여,52.0,부산,2020-11-15,베이직,0,10498,검색
C00629,여,30.0,경기,2024-05-10,스탠다드,0,29475,검색
C00630,남,42.0,서울,2021/10/02,스탠다드,1,8314,검색
C00631,여,31.0,부산,2021/11/03,베이직,1,19846,검색
C00632,여,46.0,제주,2020-12-26,스탠다드,1,17162,검색
C00633,남,64.0,서울,2022.08.28,스탠다드,0,32160,검색
C00634,남,29.0,인천,2020/09/17,베이직,0,15495,검색
C00635,남,55.0,광주,2023/06/18,베이직,0,13256,앱스토어
C00636,남,22.0,서울,2024-01-18,프리미엄,0,"51,822",검색
C00637,여,62.0,경기,2024/03/24,프리미엄,1,25217,SNS
C00638,여,56.0,경기,2022-05-23,스탠다드,0,19364,SNS
C00639,남,50.0,제주,2021.10.25,베이직,0,15092,앱스토어
C00640,여,44.0,서울,2023-08-25,베이직,1,11248,SNS
C00641,남,52.0,경기,2023-12-11,프리미엄,0,"35,291",검색
C00642,남,56.0,부산,2022/06/11,스탠다드,0,31861,검색
C00643,남,40.0,서울,2020.05.17,베이직,0,21109,SNS
C00644,남,26.0,경기,2021-02-05,베이직,0,6642,앱스토어
C00645,여,56.0,광주,2023-11-09,베이직,0,15553,지인추천
C00646,남,62.0,경기,2023-09-09,베이직,0,18744,SNS
C00647,여,55.0,광주,2022-06-07,베이직,0,17911,앱스토어
C00648,여,63.0,서울,2020-12-13,프리미엄,0,55095,SNS
C00649,남,37.0,경기,14-01-2024,스탠다드,0,43513,앱스토어
C00650,남,28.0,부산,2022-04-23,베이직,0,"23,714",앱스토어
C00651,남,48.0,서울,06-01-2024,베이직,1,11025,지인추천
C00652,남,54.0,인천,2023-03-20,프리미엄,0,36934,앱스토어
C00653,여,59.0,서울,2020/05/11,스탠다드,0,36811,앱스토어
C00654,여,39.0,광주,2021.05.15,프리미엄,0,46045,지인추천
C00655,남,54.0,부산,2021-06-07,베이직,1,"11,256",앱스토어
C00656,남,43.0,대구,2021/09/04,스탠다드,0,"20,570",앱스토어
C00657,여,54.0,경기,2021/08/05,베이직,1,"11,088",검색
C00658,남,21.0,서울,2023-12-29,스탠다드,0,44788,지인추천
C00659,남,22.0,제주,16-11-2023,스탠다드,1,23207,검색
C00660,여,44.0,서울,24-05-2022,스탠다드,1,"14,208",지인추천
C00661,여,44.0,서울,2023-06-02,스탠다드,0,34085,지인추천
C00662,여,42.0,제주,2021.01.05,스탠다드,0,43763,검색
C00663,여,43.0,서울,2022-02-02,스탠다드,1,19880,검색
C00664,여,20.0,경기,2021-09-16,스탠다드,0,36355,검색
C00665,여,63.0,대구,18-12-2020,베이직,0,6998,SNS
C00666,남,42.0,대구,2022-03-17,베이직,1,11691,SNS
C00667,남,20.0,대구,2024-04-07,베이직,1,"5,000",지인추천
C00668,남,34.0,대전,2021-08-12,베이직,0,"19,507",지인추천
C00669,남,34.0,서울,2023-04-23,베이직,1,5961,앱스토어
C00670,여,29.0,서울,09-08-2021,베이직,0,10355,검색
C00671,여,64.0,인천,2020-06-24,프리미엄,0,43389,검색
C00672,여,60.0,서울,2020-11-03,베이직,0,11302,SNS
C00673,남,52.0,부산,2021/07/26,스탠다드,1,17483,검색
C00674,F,25.0,인천,2020-05-17,스탠다드,0,13178,검색
C00675,여,28.0,경기,2023-09-26,베이직,0,14383,검색
C00676,여,,대전,2024-03-28,베이직,0,6660,지인추천
C00677,남,39.0,서울,2024.04.12,베이직,1,13235,검색
C00678,여,32.0,대구,2021-06-11,스탠다드,0,24474,검색
C00679,여,25.0,경기,2022-07-25,프리미엄,1,43264,검색
C00680,여,49.0,서울,2023-06-23,스탠다드,0,23984,검색
C00681,여,63.0,인천,2021/10/24,스탠다드,0,29626,검색
C00682,남,58.0,인천,2024-05-09,프리미엄,0,29379,앱스토어
C00683,남,33.0,부산,2023/08/17,스탠다드,0,"20,983",앱스토어
C00684,남,42.0,부산,2024-02-13,베이직,0,"11,106",지인추천
C00685,남,35.0,대전,2022-09-21,베이직,0,11675,검색
C00686,여,59.0,대전,2023.01.04,베이직,0,19182,검색
C00687,여,34.0,광주,27-07-2021,베이직,0,7271,지인추천
C00688,남,48.0,인천,2022-06-05,베이직,0,"26,095",검색
C00689,여,20.0,대구,2023-10-24,베이직,0,10712,SNS
C00690,남,36.0,경기,2022/07/29,베이직,0,"14,641",검색
C00691,여,34.0,광주,2022-12-12,베이직,0,15963,지인추천
C00692,남,34.0,부산,2023-02-08,프리미엄,0,12754,지인추천
C00693,남,46.0,서울,2024-04-01,베이직,0,13385,앱스토어
C00694,남,39.0,경기,2023-07-20,프리미엄,0,"49,556",검색
C00695,남,43.0,부산,2020-12-30,스탠다드,0,28256,검색
C00696,여,35.0,부산,07-03-2023,스탠다드,0,34912,SNS
C00697,남,40.0,인천,2021-06-23,프리미엄,1,30411,검색
C00698,여,57.0,서울,2020-10-20,프리미엄,0,22696,앱스토어
C00699,남,29.0,광주,2021/05/12,스탠다드,1,26620,앱스토어
C00700,남,24.0,대구,2022-09-11,스탠다드,1,24923,앱스토어
C00701,남,39.0,부산,2022-07-09,베이직,1,6278,앱스토어
C00702,여,48.0,대전,2023-01-16,스탠다드,0,15944,검색
C00703,여,25.0,서울,2021/09/23,베이직,0,8148,SNS
C00704,남,53.0,대전,2020-09-22,프리미엄,0,"64,617",지인추천
C00705,여,49.0,광주,2022/09/08,프리미엄,1,25536,SNS
C00706,여,41.0,경기,2020.09.25,베이직,0,14045,검색
C00707,남,35.0,대구,2020/02/29,스탠다드,0,35848,검색
C00708,m,32.0,경기,2024-03-25,베이직,0,10768,SNS
C00709,남,59.0,제주,2021/02/26,스탠다드,0,48169,검색
C00710,여,65.0,경기,2022-08-07,베이직,0,17187,지인추천
C00711,여,37.0,서울,2022-11-23,베이직,0,21031,SNS
C00712,여,49.0,서울,03-07-2023,스탠다드,0,27275,SNS
C00713,여,42.0,경기,2021.01.02,스탠다드,0,"33,489",지인추천
C00714,남,34.0,경기,2022-07-03,프리미엄,0,66994,SNS
C00715,남,35.0,광주,2023-10-08,스탠다드,0,47781,SNS
C00716,남,56.0,경기,2022-09-24,베이직,0,"10,679",검색
C00717,남,47.0,인천,2020/06/05,프리미엄,0,"33,116",지인추천
C00718,여,35.0,서울,2020/02/26,스탠다드,1,21780,지인추천
C00719,여,45.0,부산,2023-02-08,스탠다드,0,33333,SNS
C00720,여,56.0,인천,2021/06/08,베이직,0,17397,앱스토어
C00721,여,43.0,대전,2021-08-24,스탠다드,1,"21,863",앱스토어
C00722,여,29.0,광주,2023-03-10,스탠다드,0,24734,지인추천
C00723,남,44.0,부산,2020-12-16,베이직,0,"26,677",검색
C00724,남,20.0,광주,2024-03-14,프리미엄,1,21311,검색
C00725,여,65.0,서울,2022-08-11,스탠다드,1,17736,SNS
C00726,여,24.0,경기,2023/03/01,프리미엄,0,69457,SNS
C00727,여,29.0,제주,2023-11-08,프리미엄,0,58120,검색
C00728,남,42.0,광주,2023-07-30,베이직,0,10309,SNS
C00729,남,59.0,서울,18-08-2021,베이직,0,"14,341",검색
C00730,남,57.0,대전,2020-09-26,베이직,1,9710,SNS
C00731,여,29.0,대전,2021.07.09,베이직,1,"9,104",검색
C00732,여,33.0,서울,2021-04-15,프리미엄,0,"34,414",검색
C00733,여,52.0,서울,2020-07-03,프리미엄,0,40582,검색
C00734,여,43.0,광주,2020/07/29,스탠다드,0,34474,SNS
C00735,남,52.0,대구,2020/02/16,베이직,0,"10,231",검색
C00736,여,25.0,서울,29-08-2023,스탠다드,0,32637,지인추천
C00737,여,25.0,경기,2020-05-29,스탠다드,0,36607,앱스토어
C00738,여,47.0,광주,2020-01-19,베이직,0,7047,앱스토어
C00739,여,65.0,광주,2021-06-14,스탠다드,1,29292,검색
C00740,남,64.0,경기,2021-05-28,베이직,0,"16,380",지인추천
C00741,여,57.0,제주,2020-12-13,베이직,1,8094,앱스토어
C00742,여,25.0,대전,2021/11/09,프리미엄,0,57111,SNS
C00743,남,58.0,부산,2023-05-29,스탠다드,0,35212,앱스토어
C00744,여,37.0,광주,2020-07-23,베이직,1,6689,앱스토어
C00745,여,59.0,광주,2020-01-14,베이직,0,29662,지인추천
C00746,여,49.0,인천,2021-02-25,베이직,1,6519,SNS
C00747,남,21.0,서울,2021-12-06,베이직,1,"7,628",SNS
C00748,남,44.0,서울,2020/02/03,프리미엄,0,60707,검색
C00749,남,24.0,인천,2022-08-27,프리미엄,1,"32,547",앱스토어
C00750,여,22.0,서울,2020-08-26,스탠다드,0,23783,SNS
C00751,남,57.0,경기,2024.01.27,스탠다드,0,"18,761",검색
C00752,남,32.0,인천,28-07-2023,베이직,0,15310,검색
C00753,남,37.0,서울,2020-08-24,베이직,0,5597,검색
C00754,남,58.0,인천,2022-05-17,스탠다드,0,41203,검색
C00755,남,52.0,광주,2023-08-20,베이직,0,20692,SNS
C00756,여,39.0,인천,2021-06-19,스탠다드,0,29109,검색
C00757,남,,경기,2023.11.12,베이직,0,10903,지인추천
C00758,여,20.0,광주,2020-10-08,스탠다드,0,40186,검색
C00759,남,44.0,경기,2021-12-04,스탠다드,0,"35,806",앱스토어
C00760,여,34.0,경기,2020/03/15,베이직,0,15246,지인추천
C00761,여,60.0,경기,2024-02-11,베이직,0,19965,검색
C00762,여,30.0,서울,2023/12/23,스탠다드,0,37042,검색
C00763,남,22.0,서울,2020-03-28,스탠다드,0,27076,검색
C00764,여,40.0,서울,2022-10-17,프리미엄,0,67371,SNS
C00765,남,45.0,대구,2023.05.28,스탠다드,0,34064,검색
C00766,남,22.0,부산,2023-04-06,베이직,1,16145,SNS
C00767,여,25.0,서울,2020-08-01,베이직,0,22839,앱스토어
C00768,남,46.0,서울,2022-12-04,스탠다드,1,16564,SNS
C00769,여,23.0,대구,2022.10.18,베이직,0,14217,SNS
C00770,여,44.0,서울,2023-08-12,베이직,0,19053,앱스토어
C00771,남,37.0,제주,2024-05-09,스탠다드,0,38073,검색
C00772,여,51.0,제주,2020-02-22,베이직,0,23008,검색
C00773,남,41.0,경기,2020.05.17,베이직,0,17511,SNS
C00774,남,39.0,서울,09-05-2022,베이직,0,13952,지인추천
C00775,남,27.0,부산,2021.08.28,스탠다드,0,30593,지인추천
C00776,남,27.0,부산,2022/03/10,스탠다드,0,37867,검색
C00777,여,54.0,경기,2021-06-24,베이직,0,14361,SNS
C00778,남,62.0,부산,2023-07-24,스탠다드,0,28373,SNS
C00779,남,59.0,대구,2022/03/15,스탠다드,0,36581,SNS
C00780,여,35.0,서울,2020-02-13,스탠다드,1,14686,검색
C00781,여,26.0,광주,2024-03-05,스탠다드,0,26839,앱스토어
C00782,여,43.0,대구,2022-06-14,베이직,0,14478,SNS
C00783,남,38.0,서울,2020-11-14,베이직,0,"11,877",SNS
C00784,남,65.0,경기,2020-04-03,베이직,1,10926,SNS
C00785,남,53.0,서울,2020-01-28,베이직,1,9696,앱스토어
C00786,남,30.0,대구,2024-03-03,스탠다드,0,26069,검색
C00787,남,52.0,부산,2020-08-02,베이직,0,"11,004",검색
C00788,여,32.0,서울,2023-02-03,베이직,1,11984,앱스토어
C00789,남,33.0,경기,2022-08-19,베이직,1,9811,앱스토어
C00790,여,45.0,제주,2022-01-29,베이직,0,"15,157",앱스토어
C00791,여,46.0,부산,2022-02-15,베이직,0,17897,검색
C00792,여,44.0,부산,2020.12.23,베이직,1,13417,지인추천
C00793,남,44.0,서울,2023-01-14,베이직,1,6670,검색
C00794,여,22.0,광주,2021-08-12,스탠다드,0,41220,앱스토어
C00795,여,44.0,서울,2021-10-21,베이직,0,"17,040",검색
C00796,여,22.0,부산,2022/02/01,베이직,0,"13,466",앱스토어
C00797,여,64.0,대전,2022/04/23,스탠다드,0,37395,앱스토어
C00798,남,35.0,대구,2022-09-16,베이직,0,"13,576",지인추천
C00799,남,25.0,부산,2021-08-06,베이직,0,16534,검색
C00800,여,30.0,부산,2021-12-02,베이직,1,5792,검색
C00801,남,61.0,대구,21-09-2022,베이직,0,22789,지인추천
C00802,남,36.0,제주,2021-06-24,스탠다드,0,34654,검색
C00803,남,28.0,대구,2020.12.10,스탠다드,1,22687,SNS
C00804,남,58.0,인천,2023-06-17,스탠다드,0,29866,앱스토어
C00805,남,58.0,부산,2023-06-17,베이직,0,16976,검색
C00806,m,43.0,경기,2022-03-22,프리미엄,1,33396,SNS
C00807,남,28.0,광주,2022.11.26,베이직,1,"17,558",지인추천
C00808,남,32.0,대전,2020-05-29,베이직,0,8709,SNS
C00809,여,41.0,제주,2022.04.21,스탠다드,0,25609,검색
C00810,남,33.0,인천,2023-06-01,베이직,0,9196,앱스토어
C00811,여,30.0,서울,2022-05-10,스탠다드,0,36869,검색
C00812,여,57.0,서울,20-03-2020,프리미엄,0,67173,검색
C00813,여,47.0,서울,2021/11/07,베이직,1,9664,검색
C00814,남,24.0,제주,2021.06.11,베이직,0,13077,앱스토어
C00815,남,29.0,서울,2020-11-29,스탠다드,0,30433,SNS
C00816,여,31.0,경기,2020-04-22,스탠다드,0,"26,747",검색
C00817,남,20.0,서울,2020-05-26,스탠다드,0,"39,677",검색
C00818,여,24.0,대전,2024/03/23,프리미엄,0,39184,검색
C00819,남,26.0,서울,2021-06-14,베이직,0,14578,지인추천
C00820,남,49.0,경기,2024-04-23,스탠다드,0,27264,SNS
C00821,남,37.0,제주,2022-05-12,스탠다드,1,19191,검색
C00822,남,32.0,경기,2022-12-03,베이직,0,11357,검색
C00823,남,45.0,대구,2021-12-03,스탠다드,0,16322,SNS
C00824,여,44.0,서울,2021-08-20,베이직,0,7959,SNS
C00825,여,37.0,대전,2020-06-29,스탠다드,0,26954,앱스토어
C00826,여,62.0,부산,2021/03/11,스탠다드,0,31176,SNS
C00827,여,28.0,서울,2023-05-29,프리미엄,0,47955,검색
C00828,여,45.0,인천,2024-04-26,프리미엄,0,46246,검색
C00829,남,,대전,2021-06-13,베이직,0,15655,지인추천
C00830,여,48.0,부산,2022-02-11,프리미엄,0,25733,검색
C00831,여,50.0,대구,2021/02/05,베이직,0,5000,SNS
C00832,여,34.0,서울,2021/07/28,베이직,0,18172,검색
C00833,남,64.0,인천,2023/03/23,스탠다드,0,27547,검색
C00834,여,49.0,부산,2020/11/12,스탠다드,1,20946,지인추천
C00835,여,51.0,경기,2024/03/30,베이직,1,14812,검색
C00836,여,24.0,서울,19-06-2021,프리미엄,0,"60,004",앱스토어
C00837,여,,부산,2023-01-19,베이직,0,14021,앱스토어
C00838,여,20.0,경기,2023-02-11,베이직,0,16160,SNS
C00839,남,57.0,서울,2020-04-13,스탠다드,0,43722,SNS
C00840,남,31.0,대구,2024.02.26,프리미엄,0,"47,310",앱스토어
C00841,남,40.0,제주,2021/07/06,베이직,0,18450,검색
C00842,여,51.0,인천,2022-10-09,스탠다드,0,31179,앱스토어
C00843,남,53.0,제주,2024-04-21,베이직,0,11956,검색
C00844,여,30.0,부산,2022/01/01,스탠다드,1,20377,검색
C00845,남,50.0,광주,27-10-2021,프리미엄,1,"52,373",앱스토어
C00846,여,29.0,제주,2021-12-26,스탠다드,1,26250,검색
C00847,남,27.0,경기,2022-08-24,프리미엄,0,57437,검색
C00848,남,37.0,부산,2023-01-11,베이직,0,17260,앱스토어
C00849,남,44.0,대전,2020-08-19,베이직,0,17712,검색
C00850,여,53.0,서울,2020-02-28,스탠다드,0,27173,지인추천
C00851,남,51.0,부산,2020-05-30,베이직,0,24079,SNS
C00852,남,60.0,서울,2022-05-13,프리미엄,0,40312,앱스토어
C00853,여,43.0,서울,2023-05-04,스탠다드,0,39465,검색
C00854,남,32.0,제주,2021-04-28,베이직,0,"16,579",검색
C00855,남,26.0,경기,2021-04-15,프리미엄,0,"48,458",앱스토어
C00856,여,33.0,경기,2022-07-19,베이직,1,17692,앱스토어
C00857,여,,경기,2023-03-31,베이직,0,16991,앱스토어
C00858,여,64.0,부산,2021-11-14,스탠다드,0,31138,검색
C00859,남,47.0,인천,24-03-2024,베이직,0,23482,검색
C00860,여,,서울,2022-01-20,스탠다드,0,25106,검색
C00861,남,56.0,대전,2023.11.11,베이직,0,6856,검색
C00862,여,41.0,제주,2020-07-12,베이직,0,7053,검색
C00863,남,23.0,부산,2021-10-10,프리미엄,0,44041,앱스토어
C00864,남,27.0,경기,2021-04-04,베이직,0,8723,검색
C00865,여,52.0,광주,2021-08-28,스탠다드,0,24727,지인추천
C00866,남,53.0,대전,2022-04-21,스탠다드,1,27359,지인추천
C00867,남,29.0,서울,2022-04-11,프리미엄,1,15838,검색
C00868,남,63.0,경기,2024-02-29,프리미엄,0,57013,검색
C00869,여,31.0,경기,2023-05-04,스탠다드,0,30977,검색
C00870,남,50.0,인천,21-12-2023,프리미엄,1,18505,SNS
C00871,남,35.0,부산,2020-09-15,스탠다드,0,26243,검색
C00872,여,21.0,서울,2023-02-01,스탠다드,1,"9,275",SNS
C00873,남,26.0,경기,2022-02-14,스탠다드,1,31254,지인추천
C00874,여,49.0,서울,2020-07-09,스탠다드,0,35677,SNS
C00875,남,39.0,서울,2023-06-28,베이직,0,18816,지인추천
C00876,남,52.0,제주,2020-12-21,스탠다드,1,35930,검색
C00877,M,49.0,대전,2023-05-18,베이직,1,6495,앱스토어
C00878,남,40.0,대구,2021-02-20,스탠다드,1,11175,SNS
C00879,남,31.0,대구,2022-01-24,베이직,0,10750,앱스토어
C00880,여,43.0,부산,2021-05-17,베이직,1,9136,검색
C00881,여,,경기,03-08-2020,베이직,0,17755,SNS
C00882,여,32.0,부산,2020.10.07,스탠다드,0,8441,앱스토어
C00883,남,62.0,인천,2020-05-25,프리미엄,0,72999,검색
C00884,남,27.0,서울,2020-08-10,베이직,1,21812,지인추천
C00885,여,63.0,경기,2022-05-05,베이직,1,"5,000",앱스토어
C00886,여,58.0,경기,2021/02/25,스탠다드,0,30718,검색
C00887,남,64.0,대전,2021.01.21,프리미엄,0,52193,SNS
C00888,남,25.0,대전,2024.01.31,스탠다드,0,40553,앱스토어
C00889,여,57.0,경기,2022.11.27,스탠다드,1,31353,지인추천
C00890,남,21.0,서울,2020/09/24,베이직,1,22681,검색
C00891,여,37.0,서울,2023-07-31,프리미엄,0,34472,검색
C00892,남,64.0,인천,2020-11-10,스탠다드,1,14701,검색
C00893,여,24.0,경기,2021-01-28,스탠다드,0,"29,049",지인추천
C00894,여,61.0,대구,2021.07.12,프리미엄,0,50404,검색
C00895,남,61.0,서울,2020-03-05,베이직,0,10314,지인추천
C00896,여,28.0,서울,08-10-2022,스탠다드,0,26017,SNS
C00897,남,61.0,광주,2020/10/05,프리미엄,0,53334,SNS
C00898,여,48.0,광주,2022-10-22,프리미엄,0,74479,검색
C00899,남,43.0,경기,2020-07-08,스탠다드,0,11287,앱스토어
C00900,남,26.0,부산,2022.07.13,프리미엄,0,35769,검색
C00901,여,64.0,광주,20-11-2021,베이직,1,11527,지인추천
C00902,여,36.0,경기,2022-01-02,프리미엄,0,59713,SNS
C00903,여,22.0,서울,2024-05-19,베이직,1,5000,SNS
C00904,여,35.0,제주,2023/02/21,스탠다드,1,24665,지인추천
C00905,남,43.0,부산,2023-10-23,스탠다드,1,26634,검색
C00906,남,23.0,부산,2023/03/21,베이직,1,6668,지인추천
C00907,남,56.0,경기,2020-08-16,스탠다드,0,"46,319",지인추천
C00908,남,44.0,경기,2022/08/28,베이직,0,14333,검색
C00909,여,62.0,서울,2024-03-07,프리미엄,0,62631,지인추천
C00910,여,37.0,대전,2020-09-11,프리미엄,0,57527,앱스토어
C00911,여,59.0,서울,2020/10/03,프리미엄,0,54718,SNS
C00912,여,60.0,대전,2023-08-22,스탠다드,0,37714,검색
C00913,여,25.0,제주,2023-05-09,베이직,0,"15,494",검색
C00914,여,49.0,서울,2023-05-30,스탠다드,0,"43,486",검색
C00915,여,23.0,인천,2020-01-31,프리미엄,1,27904,지인추천
C00916,여,27.0,경기,2020-12-06,베이직,1,7033,SNS
C00917,여,55.0,서울,2023-05-04,베이직,0,11267,앱스토어
C00918,여,52.0,제주,2024-06-11,스탠다드,0,25093,검색
C00919,남,53.0,서울,2020-05-24,스탠다드,0,33301,검색
C00920,여,64.0,경기,2021/01/20,프리미엄,0,37897,SNS
C00921,남,22.0,경기,21-04-2020,베이직,1,16348,앱스토어
C00922,여,20.0,경기,2021-04-11,베이직,0,16040,지인추천
C00923,남,24.0,대구,2022-12-11,스탠다드,0,24836,검색
C00924,남,53.0,인천,2023/01/06,스탠다드,1,23077,검색
C00925,남,41.0,서울,2021-04-17,프리미엄,0,55669,앱스토어
C00926,남,38.0,경기,2024-03-26,프리미엄,0,44910,SNS
C00927,여,58.0,경기,2020-11-12,베이직,1,8183,앱스토어
C00928,남,49.0,경기,2022-03-22,베이직,0,11102,지인추천
C00929,여,22.0,제주,2020-03-19,스탠다드,0,28695,SNS
C00930,여,26.0,경기,2021-11-03,베이직,1,7196,지인추천
C00931,여,63.0,부산,2023-05-31,베이직,0,15341,검색
C00932,남,41.0,부산,2021-03-08,베이직,1,12103,지인추천
C00933,여,64.0,서울,2021-12-08,베이직,0,21767,검색
C00934,여,47.0,서울,2021-07-10,프리미엄,0,44214,검색
C00935,여,55.0,서울,2020-05-05,베이직,0,14896,검색
C00936,여,26.0,경기,2021-04-02,프리미엄,0,50260,검색
C00937,여,41.0,경기,2023/05/31,스탠다드,0,35353,검색
C00938,남,65.0,대구,2022-04-29,프리미엄,1,37699,SNS
C00939,남,27.0,경기,2023-01-25,프리미엄,1,26330,앱스토어
C00940,여,62.0,부산,2022-02-10,스탠다드,1,39959,검색
C00941,여,,서울,29-11-2021,프리미엄,0,59555,검색
C00942,남,52.0,서울,2020/09/19,스탠다드,1,25677,지인추천
C00943,여,63.0,인천,2023-08-22,베이직,0,5614,검색
C00944,남,63.0,부산,2023-12-04,프리미엄,1,30167,앱스토어
C00945,여,36.0,경기,2020-10-10,스탠다드,0,27218,앱스토어
C00946,여,37.0,서울,2021-10-21,스탠다드,1,17437,검색
C00947,남,33.0,서울,2022-04-02,스탠다드,0,24303,SNS
C00948,여,33.0,서울,2022-02-08,프리미엄,0,52929,SNS
C00949,여,34.0,인천,2020-01-22,베이직,0,14297,검색
C00950,남,31.0,대구,2024-01-24,베이직,0,12293,앱스토어
C00951,남,53.0,경기,2024-04-02,베이직,0,8238,검색
C00952,여,50.0,부산,2020-06-27,스탠다드,0,30003,SNS
C00953,남,53.0,경기,2023.03.11,베이직,0,12841,앱스토어
C00954,남,42.0,경기,17-04-2022,스탠다드,1,13700,앱스토어
C00955,남,25.0,제주,2023-12-26,스탠다드,1,21888,지인추천
C00956,여,38.0,인천,2023-09-12,베이직,0,18689,지인추천
C00957,여,33.0,경기,2023-09-19,베이직,0,20401,앱스토어
C00958,남,34.0,경기,2023-04-10,프리미엄,1,46580,검색
C00959,남,51.0,대전,2022-10-26,베이직,0,14975,앱스토어
C00960,여,51.0,서울,2022-09-05,프리미엄,0,41263,검색
C00961,남,62.0,대구,2022-05-26,스탠다드,1,28886,SNS
C00962,남,28.0,경기,2020/12/08,베이직,0,19938,검색
C00963,남,23.0,대구,2020-09-19,베이직,0,18592,앱스토어
C00964,남,36.0,대전,2023-08-25,베이직,0,19605,검색
C00965,남,21.0,경기,2023/03/21,스탠다드,0,31535,검색
C00966,남,62.0,인천,2023-08-04,프리미엄,0,48668,지인추천
C00967,여,64.0,제주,2022-06-28,스탠다드,1,"19,723",SNS
C00968,남,43.0,광주,2022-06-24,베이직,0,5000,앱스토어
C00969,여,59.0,인천,21-02-2020,베이직,0,10185,검색
C00970,여,21.0,인천,2020-04-06,베이직,1,13008,SNS
C00971,남,56.0,인천,2024-06-12,프리미엄,0,55402,SNS
C00972,여,61.0,광주,29-06-2022,베이직,0,7695,지인추천
C00973,남,62.0,서울,2020-05-12,스탠다드,0,32027,검색
C00974,여,43.0,대구,2023-03-22,베이직,0,"7,696",앱스토어
C00975,여,41.0,서울,2023-04-30,베이직,1,9315,검색
C00976,여,31.0,서울,27-06-2024,베이직,0,8708,앱스토어
C00977,남,25.0,인천,2024-05-09,프리미엄,0,17975,SNS
C00978,여,41.0,서울,2023/03/26,프리미엄,0,46349,검색
C00979,여,33.0,서울,2021-11-25,스탠다드,0,"27,913",앱스토어
C00980,여,31.0,서울,2021/12/26,프리미엄,1,18057,지인추천
C00981,여,26.0,경기,2020-01-13,베이직,0,16129,지인추천
C00982,남,28.0,서울,2021-02-06,스탠다드,0,43411,SNS
C00983,남,38.0,서울,2021-11-07,베이직,0,"10,158",검색
C00984,여,42.0,대전,2023-01-30,스탠다드,0,"31,951",SNS
C00985,남,34.0,제주,2024-04-12,베이직,1,"5,000",검색
C00986,남,22.0,제주,2024-02-14,베이직,0,10548,검색
C00987,여,38.0,경기,2021/04/01,프리미엄,0,54270,검색
C00988,남,31.0,서울,2023-06-07,스탠다드,0,35496,검색
C00989,남,48.0,서울,27-04-2023,스탠다드,0,32866,검색
C00990,남,23.0,인천,2021-07-29,스탠다드,0,35539,검색
C00991,여,21.0,서울,2023-09-05,베이직,1,10597,SNS
C00992,남,26.0,서울,2022-08-21,베이직,0,21827,검색
C00993,여,27.0,제주,2020.08.21,스탠다드,1,20778,검색
C00994,남,59.0,부산,2024-03-23,스탠다드,0,26237,지인추천
C00995,남,31.0,서울,2022-01-14,스탠다드,0,28937,앱스토어
C00996,여,43.0,제주,2022-03-11,프리미엄,0,71544,지인추천
C00997,여,20.0,경기,2021-01-20,베이직,1,13902,지인추천
C00998,남,27.0,서울,2020-07-26,베이직,1,15278,SNS
C00999,여,23.0,부산,2023/04/02,베이직,0,14333,지인추천
C01000,남,56.0,광주,2020/01/31,프리미엄,0,52367,지인추천
C01001,남,21.0,서울,2022.10.26,베이직,0,21381,SNS
C01002,남,30.0,서울,2021-07-05,베이직,0,19114,SNS
C01003,남,,제주,2023/12/16,베이직,1,7544,앱스토어
C01004,남,22.0,서울,2023-12-13,베이직,0,20164,SNS
C01005,여,24.0,서울,2020/06/18,베이직,1,8267,지인추천
C01006,여,62.0,서울,2023-11-08,베이직,0,13423,지인추천
C01007,여,30.0,서울,2020/06/28,프리미엄,1,37099,앱스토어
C01008,여,41.0,서울,2021/08/09,베이직,0,17488,앱스토어
C01009,남,36.0,서울,2021/06/06,베이직,0,22845,지인추천
C01010,여,64.0,대구,2023-07-13,스탠다드,0,33459,검색
C01011,여,25.0,서울,2021-08-15,스탠다드,0,26248,앱스토어
C01012,m,58.0,인천,2024/01/30,베이직,0,17073,검색
C01013,여,22.0,서울,2022-05-16,프리미엄,0,"37,047",앱스토어
C01014,남,64.0,대전,2020-08-25,스탠다드,0,"25,063",검색
C01015,여,65.0,경기,2020-08-07,베이직,0,19009,앱스토어
C01016,남,26.0,서울,13-04-2021,베이직,0,"10,594",지인추천
C01017,여,49.0,대구,2022/05/03,베이직,0,"14,794",SNS
C01018,남,63.0,서울,2023-04-07,스탠다드,0,43718,SNS
C01019,남,42.0,대전,2023-04-22,프리미엄,0,51134,SNS
C01020,여,50.0,서울,2022/05/11,베이직,0,7467,앱스토어
C01021,남,49.0,광주,2021.05.23,스탠다드,1,29855,지인추천
C01022,여,29.0,경기,2020.01.21,베이직,1,12721,검색
C01023,남,44.0,부산,2023/04/26,스탠다드,0,37249,검색
C01024,남,64.0,부산,2024.02.10,스탠다드,1,32964,SNS
C01025,여,26.0,서울,2021-12-20,베이직,0,14860,검색
C01026,남,25.0,대구,2022-02-08,베이직,0,17363,SNS
C01027,남,29.0,서울,2023/01/22,스탠다드,1,"14,554",SNS
C01028,여,48.0,서울,2022-06-12,스탠다드,0,"24,208",검색
C01029,여,25.0,대전,2021-06-15,베이직,0,"10,292",검색
C01030,여,,서울,2023-08-03,프리미엄,1,47191,앱스토어
C01031,여,48.0,서울,2023-06-19,베이직,0,"12,967",앱스토어
C01032,여,39.0,광주,2023-09-24,베이직,1,"9,702",검색
C01033,남,36.0,서울,2020-04-20,베이직,1,6851,검색
C01034,여,,서울,2021-06-06,베이직,0,10703,지인추천
C01035,남,44.0,서울,2020-03-13,스탠다드,1,19344,검색
C01036,여,55.0,광주,2023.04.20,베이직,0,15917,검색
C01037,남,34.0,부산,2021/10/26,베이직,0,20310,검색
C01038,여,53.0,제주,2021-02-11,스탠다드,0,40700,지인추천
C01039,남,34.0,대전,2021-02-23,스탠다드,0,22551,SNS
C01040,여,49.0,경기,2023-03-14,베이직,0,13922,SNS
C01041,여,53.0,경기,2022-03-16,스탠다드,0,28711,앱스토어
C01042,남,40.0,서울,2021-04-10,스탠다드,0,"36,011",검색
C01043,여,43.0,부산,2022/10/10,스탠다드,0,"19,076",지인추천
C01044,남,39.0,경기,2021/11/12,스탠다드,1,34127,SNS
C01045,남,52.0,경기,2022-11-15,프리미엄,0,51974,SNS
C01046,남,39.0,제주,2023-04-29,스탠다드,0,22211,SNS
C01047,여,55.0,경기,2023-11-12,베이직,0,9561,지인추천
C01048,여,43.0,서울,2022-05-24,스탠다드,0,32430,지인추천
C01049,남,26.0,경기,03-03-2020,베이직,0,9624,SNS
C01050,남,23.0,서울,2020/08/09,베이직,0,16691,앱스토어
C01051,여,55.0,부산,2020/12/27,프리미엄,1,26053,지인추천
C01052,남,32.0,인천,2020/10/01,프리미엄,0,49625,지인추천
C01053,남,41.0,서울,2023-08-03,베이직,0,11077,SNS
C01054,여,50.0,서울,2020/06/28,스탠다드,0,32627,SNS
C01055,여,,서울,2020-01-20,베이직,0,19985,SNS
C01056,남,32.0,대구,2021-05-19,스탠다드,0,36481,검색
C01057,남,39.0,인천,2020-06-07,스탠다드,0,30990,SNS
C01058,여,25.0,대구,2022-09-07,프리미엄,1,47169,검색
C01059,여,33.0,서울,2020-07-03,스탠다드,0,34382,검색
C01060,여,45.0,대전,2020-03-02,프리미엄,1,13666,검색
C01061,남,52.0,제주,16-09-2022,베이직,0,13290,지인추천
C01062,여,65.0,대구,2020.06.13,스탠다드,0,"26,548",검색
C01063,여,50.0,광주,2022-06-25,프리미엄,0,58675,SNS
C01064,여,44.0,서울,2023-06-29,베이직,0,"16,423",SNS
C01065,남,39.0,부산,27-11-2020,프리미엄,1,18597,지인추천
C01066,남,55.0,서울,2022/09/04,베이직,0,17796,검색
C01067,여,27.0,서울,2020-03-03,베이직,0,14000,검색
C01068,여,46.0,부산,2024/03/24,베이직,1,5337,지인추천
C01069,남,38.0,경기,2024-04-16,프리미엄,0,61759,SNS
C01070,여,43.0,부산,2020-09-17,스탠다드,0,36322,SNS
C01071,남,46.0,대구,2022-08-23,베이직,0,15832,지인추천
C01072,여,65.0,제주,2020/12/22,프리미엄,0,62552,앱스토어
C01073,남,65.0,경기,12-09-2023,프리미엄,0,"42,510",검색
C01074,여,32.0,대구,2021.05.20,베이직,0,5000,SNS
C01075,남,39.0,경기,2022-04-25,프리미엄,0,38696,SNS
C01076,여,62.0,대구,2023-09-02,스탠다드,0,25076,앱스토어
C01077,여,,인천,2021-02-06,베이직,0,8480,SNS
C01078,여,49.0,서울,22-10-2021,스탠다드,0,37492,검색
C01079,여,37.0,대전,2021/01/30,프리미엄,0,"61,276",앱스토어
C01080,m,31.0,경기,2020-02-19,베이직,0,19629,검색
C01081,남,49.0,광주,2020-06-25,베이직,0,18410,앱스토어
C01082,남,43.0,서울,2024/03/25,베이직,0,19331,SNS
C01083,여,39.0,부산,2022-12-15,스탠다드,0,21591,앱스토어
C01084,남,50.0,대전,2022-07-16,스탠다드,0,30912,SNS
C01085,남,37.0,경기,2023-10-03,베이직,0,"14,240",앱스토어
C01086,여,33.0,서울,2020-10-29,스탠다드,0,"19,916",검색
C01087,여,,서울,2020.10.08,베이직,0,8588,지인추천
C01088,남,25.0,경기,2021-12-27,스탠다드,1,24195,지인추천
C01089,여,43.0,서울,2021-08-10,스탠다드,0,"39,478",지인추천
C01090,여,37.0,대전,2020/04/09,베이직,0,"12,575",검색
C01091,여,41.0,경기,12-03-2022,베이직,0,"14,708",검색
C01092,여,56.0,경기,2023-04-03,스탠다드,0,42883,앱스토어
C01093,남,50.0,대구,2023.03.28,스탠다드,1,5000,SNS
C01094,남,29.0,서울,2023-01-02,프리미엄,0,59152,지인추천
C01095,남,52.0,대전,2020-02-11,베이직,0,"16,376",검색
C01096,남,,대구,2023/06/29,스탠다드,1,"21,095",SNS
C01097,여,35.0,경기,2022-10-03,스탠다드,0,29254,검색
C01098,남,29.0,인천,2020.06.05,베이직,0,18721,SNS
C01099,여,42.0,제주,2022-05-30,스탠다드,0,28613,지인추천
C01100,여,45.0,인천,2022/12/10,베이직,1,14453,SNS
C01101,여,20.0,경기,2021-04-08,베이직,0,11304,앱스토어
C01102,여,46.0,경기,2020-01-14,베이직,0,17450,지인추천
C01103,f,39.0,대전,2022-07-01,베이직,0,10121,검색
C01104,여,34.0,경기,2022-08-11,베이직,0,"17,808",SNS
C01105,여,25.0,서울,16-10-2021,프리미엄,0,61897,검색
C01106,여,40.0,부산,2024/05/24,베이직,0,23501,검색
C01107,남,57.0,광주,2023-07-14,베이직,1,5000,지인추천
C01108,여,30.0,서울,2021-12-09,베이직,0,22067,지인추천
C01109,여,25.0,서울,2021-12-09,베이직,1,10856,앱스토어
C01110,여,58.0,대전,2022-06-23,스탠다드,0,24367,검색
C01111,여,29.0,제주,2022.02.10,스탠다드,1,19512,검색
C01112,남,42.0,제주,2021-02-06,베이직,1,13776,SNS
C01113,여,57.0,서울,2021/10/17,스탠다드,0,29545,검색
C01114,남,33.0,제주,2023-03-08,베이직,0,14729,지인추천
C01115,여,27.0,광주,2022-07-20,스탠다드,0,42468,SNS
C01116,남,56.0,대구,2022-04-19,스탠다드,0,27161,검색
C01117,여,20.0,경기,2020/10/01,프리미엄,1,46920,지인추천
C01118,남,21.0,경기,07-02-2024,베이직,0,"15,391",검색
C01119,여,63.0,서울,2020-09-21,스탠다드,1,20053,SNS
C01120,f,51.0,제주,2023-02-08,베이직,0,"10,970",지인추천
C01121,남,29.0,제주,2023/01/15,베이직,0,"14,437",SNS
C01122,남,31.0,경기,09-01-2021,베이직,0,"16,673",지인추천
C01123,남,55.0,경기,2023-06-02,스탠다드,0,40915,앱스토어
C01124,여,52.0,부산,2022/09/01,프리미엄,0,62236,앱스토어
C01125,여,57.0,서울,2020-07-01,스탠다드,0,41244,검색
C01126,여,52.0,인천,2021/07/15,베이직,0,"18,441",지인추천
C01127,여,35.0,인천,2023/05/25,스탠다드,0,36616,검색
C01128,여,30.0,경기,2023-03-14,베이직,1,11550,SNS
C01129,여,23.0,경기,2022/08/02,베이직,0,19940,검색
C01130,남,39.0,부산,2024-03-29,베이직,0,7812,지인추천
C01131,남,48.0,대전,2022/02/05,스탠다드,0,35105,지인추천
C01132,남,30.0,서울,2023-09-25,베이직,0,19475,지인추천
C01133,남,62.0,대구,2020-10-17,스탠다드,0,25666,검색
C01134,남,35.0,경기,2024/03/10,베이직,0,22759,지인추천
C01135,여,54.0,서울,2023-09-08,스탠다드,0,28229,SNS
C01136,여,,서울,2020-10-29,프리미엄,0,44806,SNS
C01137,남,32.0,서울,2020-05-06,프리미엄,0,63541,앱스토어
C01138,여,44.0,경기,2020/02/03,스탠다드,0,19195,앱스토어
C01139,남,44.0,제주,2020-12-01,프리미엄,0,41561,앱스토어
C01140,남,33.0,서울,2020-03-11,프리미엄,1,"31,329",검색
C01141,여,55.0,경기,2023-06-21,프리미엄,1,34098,SNS
C01142,남,38.0,인천,2024/06/04,베이직,0,20878,앱스토어
C01143,m,63.0,인천,2022-04-04,프리미엄,1,"64,660",SNS
C01144,여,40.0,대전,2023-04-17,베이직,0,15312,지인추천
C01145,여,29.0,인천,2021-08-03,스탠다드,0,16719,지인추천
C01146,남,52.0,서울,2023/09/02,스탠다드,0,26825,지인추천
C01147,여,33.0,경기,18-09-2022,프리미엄,0,44929,앱스토어
C01148,남,35.0,부산,27-05-2021,베이직,0,16437,앱스토어
C01149,남,58.0,경기,20-04-2023,베이직,0,"17,230",검색
C01150,남,44.0,서울,07-04-2020,베이직,0,17075,앱스토어
C01151,남,62.0,경기,2020-12-07,스탠다드,1,30850,검색
C01152,여,63.0,대구,2021.03.01,스탠다드,1,27326,검색
C01153,여,47.0,서울,2023-05-20,스탠다드,0,16983,SNS
C01154,남,63.0,부산,2021/09/04,베이직,0,18882,SNS
C01155,여,62.0,경기,2023/11/07,프리미엄,0,30951,지인추천
C01156,남,22.0,경기,2023/04/11,베이직,0,17926,검색
C01157,여,46.0,경기,2021-01-13,베이직,0,16077,앱스토어
C01158,여,48.0,인천,19-06-2024,베이직,0,12374,검색
C01159,여,51.0,경기,2022.07.15,베이직,1,6684,검색
C01160,여,36.0,경기,2022-12-23,스탠다드,1,12869,SNS
C01161,여,45.0,광주,2022-10-18,베이직,0,15047,앱스토어
C01162,남,38.0,서울,2021-07-07,스탠다드,0,44326,검색
C01163,여,21.0,경기,2022-05-08,스탠다드,0,"26,408",앱스토어
C01164,여,60.0,인천,2020.01.29,스탠다드,1,22368,SNS
C01165,남,33.0,대구,2021/09/11,베이직,0,"17,920",검색
C01166,여,65.0,경기,2020-10-18,프리미엄,1,38819,앱스토어
C01167,여,32.0,대구,26-03-2023,베이직,0,13634,SNS
C01168,여,,인천,2020-11-12,베이직,0,19228,검색
C01169,남,60.0,서울,2023-03-13,스탠다드,0,26135,앱스토어
C01170,남,22.0,경기,2023-08-12,스탠다드,1,27044,SNS
C01171,여,34.0,서울,2024-04-11,스탠다드,0,25922,SNS
C01172,남,,서울,2021.01.27,프리미엄,0,72572,앱스토어
C01173,남,65.0,서울,2023.12.10,프리미엄,1,33393,SNS
C01174,여,35.0,서울,2024-06-24,베이직,0,13366,SNS
C01175,남,31.0,경기,2020-01-13,프리미엄,0,78972,앱스토어
C01176,여,48.0,서울,2021-09-07,베이직,0,14945,검색
C01177,남,64.0,경기,2023-12-24,스탠다드,0,26653,앱스토어
C01178,여,28.0,제주,20-05-2024,스탠다드,1,"28,108",SNS
C01179,남,42.0,서울,2022/09/08,베이직,0,22686,앱스토어
C01180,여,25.0,경기,2022-07-04,스탠다드,0,32871,SNS
C01181,남,45.0,광주,2023-07-03,베이직,0,"25,402",검색
C01182,남,32.0,서울,2022-02-22,스탠다드,0,25892,SNS
C01183,남,49.0,서울,2020-01-20,스탠다드,1,18016,검색
C01184,여,65.0,서울,25-05-2021,스탠다드,1,28616,SNS
C01185,여,64.0,서울,2021-03-22,베이직,0,19749,지인추천
C01186,여,20.0,제주,2021/05/07,프리미엄,0,43931,지인추천
C01187,여,23.0,대전,2020-05-12,스탠다드,0,21383,검색
C01188,f,24.0,서울,2021/09/27,스탠다드,0,17946,SNS
C01189,여,37.0,서울,2020.03.29,베이직,0,13720,지인추천
C01190,여,27.0,서울,2021-04-19,스탠다드,0,"19,360",앱스토어
C01191,여,37.0,광주,2021-05-18,베이직,0,19291,검색
C01192,여,23.0,서울,2023-10-25,베이직,0,12163,SNS
C01193,남,40.0,인천,2020/10/24,베이직,1,8805,앱스토어
C01194,여,31.0,경기,2021-02-28,베이직,1,16112,앱스토어
C01195,여,45.0,광주,2020/06/07,베이직,0,20763,지인추천
C01196,남,51.0,경기,2023-01-23,베이직,0,12741,SNS
C01197,남,59.0,서울,2021-02-09,스탠다드,0,50992,SNS
C01198,남,49.0,대구,2021-03-10,스탠다드,0,35517,검색
C01199,여,24.0,광주,2020-09-01,베이직,0,11625,앱스토어
C01200,여,28.0,경기,2022-09-06,베이직,1,12292,검색
C01201,여,46.0,경기,2023/09/05,베이직,0,15338,SNS
C01202,남,54.0,대전,2021-04-02,베이직,0,10034,검색
C01203,남,64.0,대구,2020-01-22,베이직,0,14665,검색
C01204,남,58.0,대전,2024-02-11,베이직,0,13880,지인추천
C01205,남,38.0,광주,2023-06-05,프리미엄,0,62183,검색
C01206,여,57.0,인천,2021/08/21,베이직,0,"26,133",검색
C01207,여,22.0,서울,2023-07-13,베이직,0,20975,검색
C01208,f,40.0,부산,2020-07-09,프리미엄,0,34925,지인추천
C01209,여,24.0,부산,2020-11-17,프리미엄,0,58695,검색
C01210,남,58.0,제주,2023-04-29,베이직,1,14971,검색
C01211,여,51.0,인천,2021-07-30,스탠다드,0,"32,352",앱스토어
C01212,남,43.0,서울,2022.05.22,베이직,0,15250,검색
C01213,남,33.0,경기,2022-03-10,베이직,0,15878,앱스토어
C01214,남,27.0,경기,08-12-2020,스탠다드,0,33016,검색
C01215,남,51.0,대전,05-03-2023,프리미엄,0,"47,407",SNS
C01216,여,40.0,서울,2022-03-13,프리미엄,1,21994,지인추천
C01217,남,40.0,서울,2023-11-02,프리미엄,1,25392,지인추천
C01218,남,49.0,서울,2021-04-06,스탠다드,1,27072,SNS
C01219,여,32.0,제주,2023.06.30,스탠다드,1,12710,지인추천
C01220,여,62.0,인천,2020-08-14,프리미엄,1,39009,검색
C01221,남,58.0,대전,2023-09-12,프리미엄,0,47992,검색
C01222,여,24.0,부산,2024-04-07,베이직,0,9190,검색
C01223,남,31.0,서울,2020-07-19,베이직,0,19765,지인추천
C01224,남,47.0,부산,2020-01-08,프리미엄,0,46837,SNS
C01225,여,35.0,서울,2023-03-10,베이직,0,15727,SNS
C01226,여,50.0,경기,16-07-2022,프리미엄,0,"47,651",앱스토어
C01227,남,29.0,서울,2022.04.03,스탠다드,1,13502,검색
C01228,여,33.0,부산,2024-05-20,스탠다드,0,41171,지인추천
C01229,남,32.0,대구,2020-04-14,베이직,0,12457,검색
C01230,여,61.0,제주,2023/11/10,프리미엄,0,75339,검색
C01231,여,,서울,2022-07-21,스탠다드,0,43749,검색
C01232,여,59.0,인천,16-05-2022,프리미엄,0,46121,SNS
C01233,남,50.0,경기,2024-02-21,베이직,1,"12,326",검색
C01234,여,58.0,대전,2023-05-27,프리미엄,0,51707,앱스토어
C01235,남,43.0,경기,2022-03-05,베이직,1,9694,SNS
C01236,남,58.0,경기,01-10-2020,프리미엄,1,38432,검색
C01237,여,65.0,광주,2022-07-13,프리미엄,1,24189,검색
C01238,남,,경기,2021/08/20,베이직,0,"18,688",SNS
C01239,여,60.0,부산,2022-11-19,프리미엄,1,37877,앱스토어
C01240,여,36.0,대구,2022-11-23,프리미엄,0,59237,지인추천
C01241,여,31.0,서울,2022.07.02,프리미엄,0,57870,앱스토어
C01242,여,61.0,광주,2023.01.12,베이직,0,16086,앱스토어
C01243,남,64.0,경기,2023-02-05,프리미엄,0,31850,지인추천
C01244,남,22.0,경기,2021-08-27,베이직,1,"12,216",검색
C01245,남,31.0,대구,2020/10/29,스탠다드,0,46072,SNS
C01246,여,36.0,경기,2020-05-18,베이직,0,9546,SNS
C01247,여,28.0,경기,2022-10-31,스탠다드,0,10812,검색
C01248,여,32.0,부산,2021/04/06,프리미엄,0,"39,410",검색
C01249,여,55.0,광주,2023-04-04,프리미엄,0,45547,지인추천
C01250,여,48.0,부산,2023/08/14,스탠다드,0,36566,지인추천
C01251,여,60.0,경기,2020/05/04,베이직,0,15757,SNS
C01252,여,36.0,광주,2023/07/13,베이직,1,7100,SNS
C01253,남,28.0,인천,2022.07.20,프리미엄,0,47059,앱스토어
C01254,남,39.0,광주,2022-06-28,스탠다드,0,43937,검색
C01255,여,63.0,부산,2021-07-10,베이직,0,8594,지인추천
C01256,여,39.0,인천,2022-04-09,스탠다드,1,21189,SNS
C01257,남,42.0,서울,2021-11-30,프리미엄,0,41607,SNS
C01258,남,56.0,대전,2022-01-06,스탠다드,0,31311,앱스토어
C01259,여,27.0,경기,2022.09.17,베이직,0,12213,앱스토어
C01260,여,64.0,인천,17-07-2023,베이직,0,6581,지인추천
C01261,m,54.0,대전,2020-03-02,스탠다드,0,25330,SNS
C01262,남,39.0,인천,2021/05/04,베이직,1,10209,검색
C01263,남,40.0,서울,2020-06-06,베이직,1,10934,검색
C01264,여,37.0,대구,2020/07/11,베이직,0,"23,041",검색
C01265,남,30.0,서울,2024-01-30,베이직,0,16185,SNS
C01266,남,29.0,서울,2022/07/20,프리미엄,1,"23,935",지인추천
C01267,여,28.0,부산,2023-01-02,베이직,0,"14,605",SNS
C01268,여,42.0,부산,2021-12-18,프리미엄,1,31895,검색
C01269,남,63.0,인천,2020-08-22,베이직,0,15185,검색
C01270,남,31.0,인천,2020/01/02,스탠다드,0,47667,SNS
C01271,남,32.0,경기,2021/01/08,베이직,1,9560,지인추천
C01272,남,31.0,서울,22-01-2024,스탠다드,1,25167,SNS
C01273,여,45.0,광주,02-01-2020,베이직,0,10980,검색
C01274,남,22.0,경기,2022/03/19,베이직,0,11799,지인추천
C01275,여,40.0,서울,2021-03-01,스탠다드,0,29522,검색
C01276,여,31.0,인천,2023/07/24,프리미엄,0,54740,검색
C01277,여,49.0,제주,2021-11-14,프리미엄,0,"48,617",검색
C01278,남,29.0,대전,2023.02.06,스탠다드,0,35258,검색
C01279,남,48.0,대구,2024-05-04,베이직,0,21811,앱스토어
C01280,남,36.0,대전,2021.07.09,베이직,1,6578,지인추천
C01281,남,44.0,서울,2022/10/25,스탠다드,0,25505,지인추천
C01282,여,29.0,대구,2021/03/12,스탠다드,0,22542,검색
C01283,남,36.0,인천,2024.02.06,베이직,0,12263,검색
C01284,남,39.0,서울,2021-03-05,스탠다드,1,18431,검색
C01285,남,44.0,인천,2021/01/12,프리미엄,0,"68,175",검색
C01286,남,64.0,인천,2020-09-04,프리미엄,1,31599,앱스토어
C01287,남,57.0,서울,2023/03/07,베이직,0,8190,검색
C01288,남,63.0,서울,20-08-2023,스탠다드,0,"25,459",지인추천
C01289,여,34.0,경기,2022-10-13,스탠다드,0,31643,검색
C01290,여,46.0,제주,27-12-2022,스탠다드,1,18520,검색
C01291,남,,경기,2024-01-21,프리미엄,0,42212,앱스토어
C01292,남,25.0,인천,2023-05-04,베이직,0,25211,SNS
C01293,남,59.0,광주,2020-10-26,베이직,0,14898,검색
C01294,남,59.0,제주,2023/01/10,베이직,0,"18,111",지인추천
C01295,남,25.0,대전,2022-08-12,베이직,0,"8,800",지인추천
C01296,여,50.0,서울,2023-11-26,베이직,0,9043,앱스토어
C01297,남,33.0,부산,2020/08/17,스탠다드,1,19623,SNS
C01298,여,65.0,서울,2024-02-17,베이직,1,7742,SNS
C01299,남,26.0,경기,2022-07-12,프리미엄,1,10783,검색
C01300,여,65.0,경기,2023-04-02,베이직,1,14139,앱스토어
C01301,여,48.0,서울,23-08-2023,베이직,0,16569,앱스토어
C01302,여,57.0,서울,2020.07.17,스탠다드,0,"38,606",SNS
C01303,여,35.0,서울,2021/03/18,프리미엄,1,44128,SNS
C01304,남,61.0,대구,2024-05-18,베이직,1,"17,093",검색
C01305,여,,대전,2020-08-20,프리미엄,0,"51,862",지인추천
C01306,여,48.0,경기,2022.12.29,베이직,1,5000,지인추천
C01307,남,22.0,부산,2021-05-31,프리미엄,0,79033,검색
C01308,남,61.0,서울,2021-07-03,스탠다드,0,38546,앱스토어
C01309,여,27.0,서울,2020-11-26,스탠다드,0,"24,767",지인추천
C01310,남,53.0,부산,2021/04/22,베이직,0,9526,검색
C01311,남,28.0,경기,2021-10-02,베이직,0,18124,검색
C01312,여,59.0,인천,2020/04/18,스탠다드,0,16575,앱스토어
C01313,남,49.0,부산,2023-04-29,베이직,0,17583,검색
C01314,남,29.0,인천,2021-12-22,베이직,0,9490,지인추천
C01315,여,56.0,제주,2023/03/11,스탠다드,1,32738,SNS
C01316,남,54.0,광주,2021/05/16,스탠다드,0,25628,지인추천
C01317,남,37.0,광주,2024-05-23,베이직,0,8177,검색
C01318,여,29.0,서울,25-06-2022,베이직,0,15034,앱스토어
C01319,남,58.0,경기,2024-05-31,베이직,0,10826,검색
C01320,여,33.0,경기,2024-01-08,베이직,1,11230,검색
C01321,남,42.0,서울,2024-01-01,베이직,0,15106,SNS
C01322,남,45.0,대전,2023/06/26,스탠다드,0,32068,SNS
C01323,남,57.0,경기,2023-06-14,프리미엄,1,26409,SNS
C01324,남,38.0,대전,2024.03.22,베이직,0,13702,검색
C01325,남,50.0,서울,2022/09/25,베이직,0,11323,검색
C01326,m,60.0,부산,2023.12.26,스탠다드,1,"21,119",앱스토어
C01327,남,44.0,서울,05-05-2024,프리미엄,0,"84,815",검색
C01328,남,35.0,경기,09-10-2022,베이직,0,8341,검색
C01329,여,21.0,서울,2023-12-17,프리미엄,0,"33,182",앱스토어
C01330,남,35.0,인천,2023-03-19,프리미엄,1,29479,검색
C01331,여,21.0,부산,2020-04-10,스탠다드,1,21609,검색
C01332,남,61.0,대전,2024-02-19,프리미엄,1,43406,검색
C01333,여,32.0,서울,2024-05-20,스탠다드,0,23455,검색
C01334,남,30.0,서울,2023-05-13,베이직,0,15893,검색
C01335,남,45.0,대구,22-06-2023,스탠다드,0,34466,지인추천
C01336,남,48.0,경기,2021-12-12,프리미엄,1,25236,SNS
C01337,남,55.0,인천,2020-03-04,베이직,0,22147,지인추천
C01338,남,45.0,서울,2023-01-01,프리미엄,0,29351,검색
C01339,여,26.0,경기,2021-01-29,베이직,1,6804,검색
C01340,남,,서울,09-10-2020,베이직,0,6847,검색
C01341,남,24.0,광주,2023.12.20,프리미엄,0,"27,624",앱스토어
C01342,남,56.0,부산,2023-02-10,스탠다드,0,"39,512",앱스토어
C01343,여,31.0,인천,2020-12-15,베이직,0,17472,SNS
C01344,남,28.0,서울,2023-08-21,스탠다드,0,20195,SNS
C01345,남,24.0,대구,26-04-2024,베이직,0,5000,SNS
C01346,남,60.0,제주,2024-04-06,프리미엄,0,38254,검색
C01347,여,20.0,대구,2023-11-07,베이직,0,"12,638",SNS
C01348,남,51.0,서울,2023/12/14,스탠다드,1,20171,검색
C01349,남,50.0,대전,2024-05-19,베이직,0,13549,검색
C01350,여,38.0,제주,2024-01-28,스탠다드,0,"27,404",지인추천
C01351,여,28.0,인천,2022/08/20,스탠다드,1,11825,SNS
C01352,남,55.0,경기,18-11-2022,프리미엄,0,29758,검색
C01353,남,25.0,경기,2022-08-24,프리미엄,0,"44,648",지인추천
C01354,남,27.0,경기,2023/10/28,프리미엄,0,42706,SNS
C01355,남,,경기,2024-06-09,스탠다드,0,34574,지인추천
C01356,남,28.0,제주,2020-08-17,베이직,0,19440,SNS
C01357,남,,경기,2021/10/12,베이직,1,9732,SNS
C01358,남,56.0,경기,2023-10-19,스탠다드,0,26146,검색
C01359,남,62.0,서울,2022.02.08,프리미엄,0,49406,앱스토어
C01360,여,41.0,경기,2020-12-30,스탠다드,0,25247,검색
C01361,여,23.0,광주,2024-05-20,프리미엄,0,44872,SNS
C01362,남,39.0,대구,30-11-2020,스탠다드,1,24489,검색
C01363,남,44.0,서울,2020-04-13,스탠다드,0,"37,328",앱스토어
C01364,여,51.0,인천,2022-03-31,베이직,0,13299,검색
C01365,남,31.0,부산,2022.07.11,스탠다드,0,19824,지인추천
C01366,남,,부산,2020-05-16,베이직,1,15402,지인추천
C01367,여,45.0,대구,2022/04/21,베이직,0,5000,SNS
C01368,남,35.0,경기,2022-08-23,프리미엄,0,44667,SNS
C01369,남,34.0,광주,2024/02/29,스탠다드,0,25360,SNS
C01370,남,55.0,광주,2021-08-30,베이직,0,11318,SNS
C01371,남,64.0,부산,2022/07/22,스탠다드,0,22054,지인추천
C01372,여,32.0,서울,2021-06-10,베이직,0,10687,SNS
C01373,남,25.0,서울,2021-10-25,베이직,0,11425,앱스토어
C01374,남,22.0,광주,2020/05/29,프리미엄,0,28777,SNS
C01375,남,61.0,경기,2023-04-09,베이직,0,12835,검색
C01376,남,32.0,서울,2024-01-20,스탠다드,0,15508,SNS
C01377,남,46.0,부산,2024-06-12,프리미엄,1,39339,SNS
C01378,여,24.0,서울,2022-04-30,프리미엄,1,35311,검색
C01379,남,54.0,광주,2022.01.08,베이직,0,25229,SNS
C01380,여,40.0,서울,2020.12.18,베이직,0,15994,SNS
C01381,여,24.0,부산,2021.10.03,베이직,0,25831,앱스토어
C01382,남,58.0,서울,2021-07-22,스탠다드,1,19730,SNS
C01383,여,41.0,경기,31-01-2020,프리미엄,0,"43,513",SNS
C01384,여,21.0,서울,2020-08-13,스탠다드,1,12978,지인추천
C01385,남,34.0,부산,2022/10/27,스탠다드,0,33360,지인추천
C01386,남,31.0,대전,2021-01-11,스탠다드,1,29527,SNS
C01387,남,28.0,서울,23-12-2022,베이직,0,11451,검색
C01388,여,65.0,인천,2020/12/17,스탠다드,0,26481,SNS
C01389,남,36.0,경기,2020-03-04,베이직,0,19882,검색
C01390,남,36.0,서울,2021-03-06,베이직,0,13945,앱스토어
C01391,여,59.0,인천,2022-01-19,스탠다드,0,21509,지인추천
C01392,남,58.0,경기,2020-01-29,프리미엄,0,43496,검색
C01393,남,,부산,2021-11-01,스탠다드,0,"28,514",앱스토어
C01394,남,22.0,인천,2020-08-31,스탠다드,0,"38,292",SNS
C01395,여,40.0,대구,2020/09/25,베이직,0,"12,882",검색
C01396,여,47.0,서울,2021-08-01,베이직,1,"11,619",SNS
C01397,여,23.0,인천,25-04-2023,프리미엄,0,34362,검색
C01398,여,35.0,부산,2023-09-24,스탠다드,1,14620,지인추천
C01399,남,29.0,부산,2021.11.19,스탠다드,0,"33,140",지인추천
C01400,여,,경기,2022-05-03,베이직,1,9739,지인추천
C01401,여,49.0,서울,2020-02-14,스탠다드,0,30447,앱스토어
C01402,여,29.0,경기,2024-02-14,베이직,0,26356,SNS
C01403,여,44.0,부산,2024-03-06,베이직,0,14579,지인추천
C01404,남,41.0,서울,11-01-2023,베이직,1,19830,검색
C01405,남,23.0,서울,2022/12/28,스탠다드,0,34210,SNS
C01406,여,56.0,경기,12-11-2021,프리미엄,0,62184,검색
C01407,남,36.0,서울,2023-11-02,베이직,0,10489,SNS
C01408,남,39.0,서울,2020.11.10,스탠다드,1,27577,지인추천
C01409,여,40.0,부산,2020-11-03,프리미엄,0,18889,검색
C01410,남,48.0,경기,2020-01-04,스탠다드,0,32762,지인추천
C01411,여,24.0,대전,2020-09-03,스탠다드,0,32071,SNS
C01412,남,57.0,서울,2021-11-29,베이직,0,9472,앱스토어
C01413,남,41.0,경기,2020-08-30,프리미엄,1,"61,938",검색
C01414,여,37.0,부산,2024-02-03,베이직,1,"15,891",검색
C01415,여,32.0,서울,2022-11-29,스탠다드,0,33014,앱스토어
C01416,여,50.0,광주,2020-11-22,스탠다드,0,35891,검색
C01417,남,23.0,서울,2020-07-07,베이직,0,19741,지인추천
C01418,남,35.0,부산,2022/07/04,스탠다드,0,37258,SNS
C01419,남,21.0,서울,2020-04-24,프리미엄,0,46496,검색
C01420,여,62.0,서울,06-01-2022,베이직,0,"9,272",SNS
C01421,남,44.0,광주,2020-04-02,베이직,0,18302,SNS
C01422,남,49.0,서울,2021-12-08,베이직,0,23924,검색
C01423,여,,대전,2020-11-28,스탠다드,0,21666,앱스토어
C01424,남,48.0,서울,2023-08-26,스탠다드,0,36259,지인추천
C01425,여,24.0,인천,2022-11-01,베이직,1,12521,앱스토어
C01426,여,49.0,부산,2020-02-20,스탠다드,0,18317,지인추천
C01427,여,27.0,부산,2023-03-11,베이직,0,"8,154",검색
C01428,남,49.0,서울,2023/09/18,베이직,1,25626,검색
C01429,남,62.0,인천,2022-01-17,스탠다드,0,32063,검색
C01430,남,58.0,광주,2023.01.26,베이직,0,14520,지인추천
C01431,여,62.0,제주,2023/03/04,베이직,0,24676,SNS
C01432,남,34.0,경기,2022-01-03,스탠다드,0,31959,검색
C01433,여,28.0,서울,2024-02-25,스탠다드,0,20556,검색
C01434,남,56.0,경기,2022-11-06,베이직,0,"10,418",앱스토어
C01435,여,34.0,제주,27-10-2021,스탠다드,0,30144,SNS
C01436,남,,서울,2023-07-05,베이직,1,10173,검색
C01437,남,48.0,서울,2021-01-28,베이직,0,20461,SNS
C01438,남,43.0,인천,2021/05/31,베이직,0,13049,검색
C01439,남,40.0,경기,2021-10-05,프리미엄,0,62696,검색
C01440,남,28.0,제주,2024-02-28,스탠다드,0,27146,지인추천
C01441,여,48.0,대구,08-07-2023,베이직,0,"5,000",SNS
C01442,남,54.0,경기,16-11-2023,스탠다드,1,22236,지인추천
C01443,남,49.0,부산,15-02-2022,베이직,1,5638,앱스토어
C01444,여,26.0,서울,2023-01-04,스탠다드,0,46409,검색
C01445,여,48.0,대구,2023-04-10,베이직,1,12187,SNS
C01446,남,50.0,대전,2023-07-16,스탠다드,0,27620,지인추천
C01447,남,54.0,인천,13-09-2023,베이직,0,7679,검색
C01448,여,27.0,경기,2020-12-08,베이직,0,7288,앱스토어
C01449,남,22.0,서울,2023-10-31,프리미엄,1,32559,SNS
C01450,여,49.0,대전,2023-11-11,프리미엄,0,39970,검색
C01451,남,21.0,서울,2022.03.28,베이직,1,6714,SNS
C01452,남,51.0,서울,2023/10/23,스탠다드,0,23076,SNS
C01453,남,51.0,경기,19-05-2024,스탠다드,0,19582,검색
C01454,남,55.0,부산,2024-02-15,베이직,1,18490,지인추천
C01455,남,60.0,서울,2022-03-22,베이직,0,17310,앱스토어
C01456,남,55.0,서울,2023.08.04,스탠다드,0,20303,지인추천
C01457,남,52.0,경기,2022-03-02,스탠다드,1,12087,검색
C01458,여,56.0,경기,16-04-2024,프리미엄,1,41968,검색
C01459,남,60.0,경기,2022/11/12,베이직,1,7545,검색
C01460,남,63.0,제주,2024/03/28,스탠다드,0,29911,검색
C01461,여,53.0,광주,2022-05-03,베이직,0,17431,검색
C01462,여,47.0,경기,2021/07/29,스탠다드,0,17804,검색
C01463,여,,서울,2022-07-02,스탠다드,1,14985,검색
C01464,여,59.0,부산,2021.09.15,스탠다드,0,34057,SNS
C01465,남,37.0,서울,2023-01-12,스탠다드,1,17846,검색
C01466,남,34.0,경기,2023-08-26,프리미엄,1,25285,검색
C01467,여,64.0,대전,2020/04/30,베이직,0,13177,지인추천
C01468,남,61.0,인천,2021-12-16,베이직,1,"14,143",SNS
C01469,여,60.0,대전,2021-04-26,베이직,1,9087,검색
C01470,여,47.0,경기,2023-03-20,베이직,0,11756,앱스토어
C01471,남,33.0,경기,2022/03/19,베이직,0,20867,SNS
C01472,여,34.0,서울,2023-06-21,베이직,0,14278,검색
C01473,남,29.0,대구,2020-06-28,프리미엄,0,29038,지인추천
C01474,남,44.0,경기,2024-03-09,베이직,0,13051,앱스토어
C01475,남,30.0,대구,2020/01/20,프리미엄,0,"56,287",검색
C01476,남,30.0,서울,2022/03/19,베이직,0,6448,지인추천
C01477,남,24.0,서울,2021.09.09,스탠다드,1,23206,검색
C01478,여,60.0,대전,2024/05/04,스탠다드,0,22604,검색
C01479,남,,경기,2021-08-22,베이직,0,11971,지인추천
C01480,남,36.0,인천,2022/07/09,스탠다드,0,30403,SNS
C01481,여,32.0,서울,2023/11/24,스탠다드,0,"40,874",검색
C01482,여,59.0,부산,2023-04-05,베이직,0,15828,SNS
C01483,남,36.0,대전,2021.02.19,베이직,0,"17,538",앱스토어
C01484,남,54.0,대구,2023/07/07,스탠다드,1,26090,앱스토어
C01485,여,51.0,서울,2022.02.04,스탠다드,0,24669,검색
C01486,여,54.0,부산,2024.05.01,베이직,0,20058,검색
C01487,여,35.0,서울,06-01-2023,스탠다드,0,41183,SNS
C01488,남,33.0,경기,2020-03-15,스탠다드,1,19710,SNS
C01489,남,56.0,서울,2021-05-03,스탠다드,0,46592,SNS
C01490,여,,부산,2024/06/08,스탠다드,0,38493,검색
C01491,여,26.0,대구,2020-04-11,베이직,0,12163,앱스토어
C01492,남,51.0,인천,2021-05-20,베이직,1,"6,794",지인추천
C01493,F,61.0,경기,2024.05.15,스탠다드,0,21749,SNS
C01494,남,46.0,대전,2020/08/29,스탠다드,0,"30,212",검색
C01495,여,37.0,경기,2022-06-06,베이직,0,"18,399",검색
C01496,여,30.0,서울,2020/04/10,스탠다드,0,"27,267",지인추천
C01497,여,64.0,경기,2024-05-10,스탠다드,0,23627,앱스토어
C01498,여,27.0,경기,2023-03-02,베이직,0,17519,앱스토어
C01499,남,61.0,서울,2023.05.29,스탠다드,1,11348,SNS
C01500,남,29.0,서울,2022/04/15,프리미엄,1,44709,지인추천
C01501,여,62.0,경기,2024-05-20,스탠다드,1,19749,지인추천
C01502,남,62.0,경기,2023-12-21,베이직,0,7660,앱스토어
C01503,여,57.0,부산,09-09-2022,베이직,0,"9,379",검색
C01504,남,47.0,인천,2020.05.24,프리미엄,1,"20,870",지인추천
C01505,여,53.0,부산,2022-11-15,베이직,1,7987,검색
C01506,여,32.0,인천,2024.06.28,스탠다드,0,18099,SNS
C01507,여,55.0,부산,2022-06-29,스탠다드,0,26916,앱스토어
C01508,여,23.0,경기,01-02-2024,베이직,0,19019,지인추천
C01509,남,28.0,인천,2021/04/22,스탠다드,0,"29,462",검색
C01510,남,22.0,경기,2020/04/15,스탠다드,0,44082,지인추천
C01511,여,35.0,서울,18-12-2020,베이직,0,9123,지인추천
C01512,남,30.0,부산,2024-02-13,베이직,0,19623,지인추천
C01513,여,29.0,서울,17-08-2023,베이직,1,17205,SNS
C01514,남,45.0,경기,2020-12-09,스탠다드,0,30419,SNS
C01515,여,50.0,서울,2020-06-05,스탠다드,0,31979,앱스토어
C01516,남,32.0,광주,2022-04-17,베이직,0,17103,지인추천
C01517,여,30.0,경기,2020-01-22,베이직,0,12162,SNS
C01518,남,28.0,인천,2024-01-20,베이직,1,14527,SNS
C01519,여,46.0,광주,2022/10/14,베이직,0,14776,앱스토어
C01520,여,46.0,경기,2023-03-21,베이직,0,"16,533",앱스토어
C01521,남,51.0,제주,2024-03-15,스탠다드,0,36913,검색
C01522,여,37.0,경기,2022-06-13,베이직,0,"9,917",검색
C01523,남,62.0,경기,2020-05-20,베이직,1,13009,앱스토어
C01524,여,30.0,서울,2023-07-21,베이직,0,9902,검색
C01525,남,34.0,부산,2023-08-03,스탠다드,0,29450,SNS
C01526,남,39.0,서울,2022-09-08,베이직,0,13427,SNS
C01527,여,40.0,경기,2022-08-30,베이직,0,14016,검색
C01528,여,27.0,제주,2023.04.22,베이직,1,14069,SNS
C01529,여,30.0,경기,2021-04-12,베이직,0,14927,SNS
C01530,여,42.0,광주,2023/06/28,스탠다드,0,27619,검색
C01531,남,22.0,부산,2023-10-26,베이직,0,"11,932",SNS
C01532,여,64.0,서울,2020-11-26,베이직,0,17555,지인추천
C01533,여,63.0,부산,30-03-2023,스탠다드,1,29686,앱스토어
C01534,여,38.0,제주,2020-03-09,스탠다드,0,23589,지인추천
C01535,남,33.0,광주,2020-10-18,베이직,0,"17,967",지인추천
C01536,여,65.0,서울,2022-07-05,프리미엄,1,"31,365",앱스토어
C01537,남,56.0,경기,2023.07.30,베이직,0,18732,SNS
C01538,남,63.0,서울,2024-01-31,베이직,0,16810,SNS
C01539,남,28.0,경기,2024/05/16,베이직,0,10572,앱스토어
C01540,여,58.0,광주,2021-12-23,베이직,0,11720,검색
C01541,여,52.0,경기,2021/07/08,베이직,0,15613,검색
C01542,여,63.0,인천,2023/03/01,스탠다드,0,27423,앱스토어
C01543,여,44.0,서울,2021/09/19,스탠다드,0,35131,SNS
C01544,남,64.0,서울,2021-12-22,베이직,0,"11,269",앱스토어
C01545,남,56.0,인천,2021-07-31,베이직,0,9546,검색
C01546,m,61.0,인천,2024-03-29,스탠다드,0,14370,검색
C01547,여,51.0,인천,2020/06/23,스탠다드,0,33448,검색
C01548,남,30.0,부산,2021-09-24,스탠다드,1,"26,817",SNS
C01549,여,36.0,부산,2021-10-17,스탠다드,0,21005,앱스토어
C01550,여,61.0,인천,2022-01-10,베이직,0,11355,검색
C01551,남,25.0,인천,2021/03/13,스탠다드,0,25814,앱스토어
C01552,남,30.0,부산,2021-04-03,베이직,1,8971,앱스토어
C01553,여,63.0,인천,2022/04/07,스탠다드,0,46454,지인추천
C01554,여,35.0,경기,2023-11-24,스탠다드,0,31349,지인추천
C01555,여,32.0,인천,2021.02.25,스탠다드,1,18833,SNS
C01556,여,62.0,제주,10-07-2020,베이직,0,16407,지인추천
C01557,여,20.0,광주,2021-02-13,베이직,0,18876,검색
C01558,여,63.0,경기,2022.08.05,스탠다드,1,22278,앱스토어
C01559,남,20.0,광주,2022.02.23,스탠다드,0,37521,SNS
C01560,여,20.0,서울,31-03-2024,스탠다드,0,28105,검색
C01561,여,50.0,경기,2023/04/22,스탠다드,0,37824,검색
C01562,여,42.0,인천,02-05-2020,스탠다드,1,16648,지인추천
C01563,남,46.0,인천,2020-03-13,베이직,1,10594,SNS
C01564,여,29.0,대구,2022/10/02,베이직,0,15407,지인추천
C01565,남,47.0,서울,2023.11.06,프리미엄,0,33364,지인추천
C01566,여,62.0,서울,2022/05/03,베이직,1,8544,지인추천
C01567,여,64.0,대전,2023/05/15,스탠다드,0,20921,SNS
C01568,여,41.0,서울,2024-01-02,베이직,0,"23,543",지인추천
C01569,여,41.0,인천,2022-07-24,프리미엄,0,42572,검색
C01570,남,47.0,부산,2020/03/17,스탠다드,0,46366,앱스토어
C01571,남,62.0,부산,2021-11-15,스탠다드,0,"26,816",검색
C01572,남,42.0,서울,2021.07.20,프리미엄,0,56112,지인추천
C01573,남,24.0,경기,2023-08-03,베이직,0,8329,앱스토어
C01574,남,32.0,서울,2022-09-19,프리미엄,1,"33,206",검색
C01575,남,56.0,광주,2022-10-15,프리미엄,0,50505,지인추천
C01576,여,40.0,경기,2020-07-31,베이직,1,9525,지인추천
C01577,남,27.0,인천,2023-02-14,스탠다드,0,39859,SNS
C01578,여,38.0,대구,2022-05-18,프리미엄,1,56674,검색
C01579,여,34.0,서울,2024/05/04,스탠다드,0,35141,SNS
C01580,여,29.0,서울,2021.07.13,베이직,1,13824,지인추천
C01581,남,34.0,인천,2022/01/12,스탠다드,0,14942,지인추천
C01582,남,25.0,경기,2022/05/16,스탠다드,0,14574,앱스토어
C01583,여,24.0,서울,2020/04/17,베이직,0,"16,654",SNS
C01584,남,37.0,인천,21-06-2022,스탠다드,0,40976,SNS
C01585,남,33.0,서울,2022-03-20,프리미엄,0,67016,SNS
C01586,남,45.0,제주,2020/01/21,스탠다드,0,27398,지인추천
C01587,여,57.0,서울,2022.11.30,스탠다드,0,34791,앱스토어
C01588,남,42.0,광주,2022-04-19,프리미엄,1,31438,지인추천
C01589,남,21.0,서울,2020-06-25,스탠다드,0,48347,SNS
C01590,남,65.0,경기,2024/02/14,베이직,0,23986,앱스토어
C01591,남,57.0,대전,13-01-2021,베이직,0,"11,586",지인추천
C01592,여,32.0,부산,2021-06-07,베이직,0,15289,SNS
C01593,남,61.0,광주,2020-03-08,스탠다드,0,30450,검색
C01594,남,26.0,부산,2023/06/15,스탠다드,0,"31,504",앱스토어
C01595,여,38.0,대전,2024.04.07,베이직,1,15385,앱스토어
C01596,남,36.0,제주,2023-07-11,스탠다드,1,30694,지인추천
C01597,남,40.0,제주,2021-12-13,베이직,0,18145,SNS
C01598,여,63.0,서울,2020-08-28,베이직,0,12628,검색
C01599,여,37.0,서울,2022/03/29,베이직,1,"13,135",검색
C01600,남,54.0,서울,19-03-2023,베이직,0,18868,앱스토어
C01601,여,43.0,부산,2021.01.18,스탠다드,0,30966,앱스토어
C01602,남,26.0,서울,2020/04/24,베이직,0,14547,SNS
C01603,남,56.0,서울,2023/11/17,프리미엄,0,50519,지인추천
C01604,남,48.0,경기,2022/03/12,스탠다드,1,20220,검색
C01605,남,49.0,광주,2023-11-13,베이직,0,15675,검색
C01606,여,64.0,부산,2020-06-28,베이직,0,"7,113",앱스토어
C01607,남,52.0,서울,11-08-2021,베이직,1,6793,지인추천
C01608,여,27.0,인천,2021-03-06,베이직,0,18594,검색
C01609,남,48.0,경기,2023/01/27,스탠다드,1,24780,SNS
C01610,남,39.0,경기,2021-06-06,프리미엄,0,70638,검색
C01611,남,28.0,서울,2023-04-03,베이직,0,5432,앱스토어
C01612,m,52.0,부산,2024/06/10,스탠다드,0,40154,앱스토어
C01613,여,50.0,서울,2023/04/16,스탠다드,0,43899,지인추천
C01614,여,33.0,인천,2020-06-11,스탠다드,0,23377,SNS
C01615,여,65.0,경기,2021-02-23,프리미엄,0,37797,앱스토어
C01616,남,37.0,인천,2023-05-22,스탠다드,0,29107,앱스토어
C01617,여,28.0,서울,2024-03-24,스탠다드,0,47807,SNS
C01618,여,61.0,부산,2020-06-07,프리미엄,0,"49,273",지인추천
C01619,남,35.0,경기,2022-05-10,스탠다드,1,17722,SNS
C01620,여,22.0,서울,2021-08-22,스탠다드,1,21437,지인추천
C01621,여,43.0,서울,2024-06-10,프리미엄,0,"64,055",앱스토어
C01622,여,43.0,서울,2020/07/19,베이직,0,19878,SNS
C01623,남,21.0,대전,2023/05/14,스탠다드,0,39681,검색
C01624,남,47.0,인천,2020/04/24,베이직,0,20010,검색
C01625,여,39.0,경기,2021-01-12,스탠다드,0,24992,지인추천
C01626,남,46.0,부산,2022-03-28,베이직,1,6586,지인추천
C01627,남,42.0,서울,2024-02-29,베이직,0,10088,앱스토어
C01628,남,64.0,서울,2022/09/29,프리미엄,1,31198,검색
C01629,남,47.0,부산,2020/12/18,스탠다드,0,37072,지인추천
C01630,남,31.0,서울,2023/07/07,프리미엄,0,53331,검색
C01631,남,61.0,서울,2021-02-12,프리미엄,0,55934,앱스토어
C01632,남,,서울,2023.12.16,베이직,0,11208,검색
C01633,남,62.0,서울,2021-03-19,베이직,1,5014,검색
C01634,남,32.0,서울,23-02-2020,베이직,1,7970,SNS
C01635,남,53.0,서울,2021.09.29,베이직,1,18865,SNS
C01636,남,36.0,인천,2020-11-16,프리미엄,1,24479,지인추천
C01637,여,49.0,부산,2021-07-09,프리미엄,1,31659,검색
C01638,남,54.0,인천,2020.05.31,베이직,0,7272,지인추천
C01639,여,27.0,인천,2023-07-29,베이직,1,10060,지인추천
C01640,남,44.0,대구,2024-06-28,스탠다드,0,"30,651",검색
C01641,남,20.0,광주,2021/03/22,프리미엄,1,37075,SNS
C01642,여,50.0,대구,2023-12-23,베이직,1,9330,지인추천
C01643,여,50.0,광주,01-11-2022,베이직,1,10559,검색
C01644,여,52.0,대구,2021.08.02,프리미엄,0,"44,612",지인추천
C01645,여,46.0,서울,2021-05-20,베이직,0,18316,검색
C01646,여,59.0,서울,2021/01/14,스탠다드,0,34763,앱스토어
C01647,여,42.0,대전,2021-07-10,스탠다드,0,29108,지인추천
C01648,여,31.0,경기,2022-04-04,스탠다드,1,"18,191",검색
C01649,여,59.0,인천,17-01-2023,베이직,0,"16,009",지인추천
C01650,여,60.0,대전,2023-02-11,프리미엄,0,"49,947",검색
C01651,여,27.0,광주,2023.12.22,스탠다드,1,"26,480",검색
C01652,여,56.0,부산,2023-08-21,베이직,0,13084,검색
C01653,여,46.0,인천,2020/03/09,스탠다드,0,37072,검색
C01654,여,47.0,경기,2022-04-11,베이직,1,14491,지인추천
C01655,여,57.0,경기,2020-02-14,스탠다드,0,39995,앱스토어
C01656,여,,광주,2022/07/29,베이직,0,14341,지인추천
C01657,남,30.0,제주,2022-05-24,베이직,1,"9,156",검색
C01658,남,53.0,광주,2020-06-20,베이직,0,16217,검색
C01659,여,21.0,부산,2024.05.18,스탠다드,1,9591,검색
C01660,남,23.0,서울,2021/07/09,스탠다드,0,22108,앱스토어
C01661,남,35.0,서울,03-09-2022,스탠다드,1,18995,앱스토어
C01662,여,39.0,인천,2020/07/27,베이직,1,8332,SNS
C01663,여,32.0,대전,2020/08/06,베이직,1,11734,검색
C01664,여,48.0,서울,2022-05-10,프리미엄,0,51527,지인추천
C01665,여,37.0,서울,2022.10.27,스탠다드,0,"24,705",SNS
C01666,남,47.0,서울,2022-04-27,프리미엄,0,45001,검색
C01667,남,48.0,서울,2022-06-20,스탠다드,1,25559,앱스토어
C01668,여,64.0,경기,2020-11-15,프리미엄,0,49111,SNS
C01669,여,,대전,2020-09-10,베이직,0,"19,809",검색
C01670,여,38.0,광주,2020/02/18,스탠다드,0,31216,SNS
C01671,여,59.0,제주,2022-09-25,베이직,0,"16,262",검색
C01672,여,41.0,경기,2021-03-31,베이직,0,13770,검색
C01673,남,32.0,경기,2021-07-20,스탠다드,0,27239,검색
C01674,여,60.0,부산,2022-05-04,베이직,0,15099,SNS
C01675,여,58.0,대구,2022/02/13,베이직,1,15076,지인추천
C01676,남,42.0,대구,2023/02/28,스탠다드,0,37400,검색
C01677,남,27.0,광주,2022-09-11,베이직,0,20208,지인추천
C01678,여,54.0,인천,09-09-2020,베이직,0,12492,검색
C01679,여,47.0,부산,2021/01/11,베이직,0,13377,지인추천
C01680,남,33.0,경기,2021/09/11,프리미엄,0,45913,앱스토어
C01681,남,61.0,서울,2020-04-14,베이직,0,"11,175",검색
C01682,남,49.0,경기,2020-02-03,스탠다드,0,"35,363",검색
C01683,여,50.0,서울,2020-02-10,베이직,1,"9,508",검색
C01684,남,36.0,경기,2024-04-03,베이직,0,13673,검색
C01685,여,37.0,제주,2020-05-12,베이직,0,12769,앱스토어
C01686,여,56.0,서울,2023.06.20,베이직,0,13556,앱스토어
C01687,남,56.0,서울,2021-02-16,스탠다드,0,37840,검색
C01688,여,64.0,제주,2020-03-16,프리미엄,1,46203,검색
C01689,남,28.0,서울,2024-01-06,스탠다드,1,"15,867",앱스토어
C01690,여,28.0,서울,2022.08.02,스탠다드,0,34739,검색
C01691,여,43.0,서울,2023-02-27,프리미엄,1,16718,지인추천
C01692,남,61.0,서울,2021-12-09,베이직,1,11939,검색
C01693,남,38.0,대구,2020.05.02,스탠다드,0,24877,지인추천
C01694,남,38.0,경기,2021-04-26,스탠다드,0,23854,검색
C01695,f,36.0,서울,09-07-2022,스탠다드,0,33039,SNS
C01696,남,60.0,서울,2022-04-24,베이직,0,"18,593",지인추천
C01697,여,34.0,부산,2023/04/29,베이직,0,13521,검색
C01698,여,49.0,서울,2022/04/02,스탠다드,0,26711,검색
C01699,남,,인천,2021-10-09,프리미엄,0,50861,검색
C01700,남,36.0,경기,2022-02-21,베이직,0,16065,지인추천
C01701,남,44.0,부산,2022-08-29,베이직,0,14178,지인추천
C01702,남,61.0,서울,2024.01.25,스탠다드,0,27579,SNS
C01703,여,40.0,경기,2020-07-04,프리미엄,1,41428,SNS
C01704,남,31.0,서울,2020-09-02,프리미엄,0,33258,검색
C01705,여,23.0,경기,2020-08-14,베이직,1,"6,770",SNS
C01706,여,52.0,대구,2023-11-14,프리미엄,1,59950,앱스토어
C01707,남,,광주,2024.03.31,스탠다드,0,"22,782",검색
C01708,여,59.0,서울,2023/09/22,프리미엄,1,33497,검색
C01709,여,56.0,제주,2022.08.18,베이직,1,5000,검색
C01710,남,40.0,대전,2023.11.07,베이직,0,13960,앱스토어
C01711,남,54.0,경기,2023-03-26,베이직,0,16360,SNS
C01712,여,31.0,서울,2020-09-26,스탠다드,0,24312,지인추천
C01713,남,22.0,서울,2023-02-21,프리미엄,1,"28,958",SNS
C01714,남,42.0,경기,2024-04-27,베이직,1,16206,앱스토어
C01715,남,59.0,경기,2022/07/16,베이직,0,17128,SNS
C01716,남,49.0,제주,25-08-2022,스탠다드,1,23909,SNS
C01717,남,55.0,서울,2023.12.29,프리미엄,0,40598,검색
C01718,남,47.0,서울,2024-06-28,프리미엄,1,35987,지인추천
C01719,남,23.0,대구,2022/11/18,스탠다드,0,30164,앱스토어
C01720,남,36.0,서울,2021-03-13,베이직,1,7466,검색
C01721,남,27.0,서울,2022/10/30,스탠다드,0,26089,SNS
C01722,남,49.0,제주,2020-04-09,베이직,0,11117,앱스토어
C01723,남,64.0,서울,2021-10-28,스탠다드,0,34920,지인추천
C01724,여,63.0,서울,2021/01/05,베이직,0,12038,SNS
C01725,남,20.0,부산,02-02-2023,베이직,0,24796,지인추천
C01726,남,63.0,서울,2021-05-04,스탠다드,0,41088,검색
C01727,남,35.0,경기,2020-02-21,프리미엄,1,18817,검색
C01728,여,47.0,서울,2022-07-18,베이직,0,12333,앱스토어
C01729,여,61.0,경기,2021-05-22,스탠다드,1,16288,SNS
C01730,여,46.0,대구,2022/01/25,프리미엄,0,46865,검색
C01731,여,47.0,광주,13-07-2021,스탠다드,1,17959,앱스토어
C01732,남,36.0,인천,2022-09-11,베이직,0,13690,앱스토어
C01733,여,37.0,대전,2020-11-10,프리미엄,1,20133,SNS
C01734,여,55.0,서울,2023-09-09,프리미엄,0,32281,앱스토어
C01735,여,47.0,광주,31-08-2022,스탠다드,1,27912,앱스토어
C01736,여,23.0,서울,2022.07.15,프리미엄,0,33013,검색
C01737,F,,경기,2020/02/16,베이직,1,5000,검색
C01738,남,20.0,부산,2020/12/15,프리미엄,0,36832,검색
C01739,남,26.0,서울,2023-07-23,베이직,0,10143,검색
C01740,여,61.0,부산,2021-04-08,스탠다드,0,14787,앱스토어
C01741,남,50.0,서울,2022/04/12,베이직,0,"16,325",앱스토어
C01742,여,22.0,서울,2022-04-24,프리미엄,0,34822,SNS
C01743,남,21.0,경기,2022-02-02,스탠다드,0,28964,지인추천
C01744,여,38.0,서울,2023-12-07,프리미엄,0,64784,SNS
C01745,남,25.0,인천,2024-05-21,베이직,0,13547,검색
C01746,남,63.0,대구,2022-12-19,스탠다드,0,25632,앱스토어
C01747,여,33.0,대구,2022/08/15,스탠다드,0,10497,검색
C01748,여,57.0,경기,2021/12/05,베이직,0,"11,988",앱스토어
C01749,여,64.0,대구,2022-10-06,프리미엄,1,33445,검색
C01750,남,51.0,경기,2022/10/22,스탠다드,1,18458,검색
C01751,여,52.0,인천,2023.08.04,스탠다드,0,28486,지인추천
C01752,여,26.0,부산,2022-06-12,베이직,1,"7,974",앱스토어
C01753,여,52.0,제주,2020/11/07,프리미엄,1,31299,지인추천
C01754,여,51.0,서울,2022-03-25,베이직,0,15597,지인추천
C01755,남,60.0,광주,2022-07-25,베이직,0,16133,검색
C01756,여,27.0,광주,2021/03/03,프리미엄,0,72589,SNS
C01757,남,29.0,인천,2020-02-21,프리미엄,1,"48,705",SNS
C01758,여,25.0,인천,2022/07/30,베이직,1,14357,앱스토어
C01759,여,43.0,경기,2021-12-05,스탠다드,0,32553,검색
C01760,여,65.0,제주,2023/12/28,베이직,1,11435,앱스토어
C01761,여,44.0,대구,2023/12/05,스탠다드,1,21264,검색
C01762,남,30.0,서울,2021-08-25,베이직,1,7222,SNS
C01763,남,59.0,광주,2024-04-29,베이직,0,13575,검색
C01764,여,,부산,2020-05-18,베이직,0,"28,498",앱스토어
C01765,여,23.0,대구,17-01-2024,베이직,0,"15,988",검색
C01766,남,25.0,대전,2020-09-12,스탠다드,0,34306,앱스토어
C01767,남,43.0,경기,2020-04-27,프리미엄,0,47712,SNS
C01768,남,58.0,부산,25-01-2024,스탠다드,0,"32,155",검색
C01769,여,55.0,서울,2023-07-17,베이직,0,"7,483",SNS
C01770,여,50.0,경기,2022.12.14,베이직,0,9542,검색
C01771,여,34.0,서울,24-08-2020,베이직,0,"19,263",SNS
C01772,남,28.0,서울,29-10-2023,베이직,1,13810,지인추천
C01773,남,32.0,경기,2023-09-15,스탠다드,0,27772,검색
C01774,남,62.0,대전,2021-12-13,스탠다드,1,17409,검색
C01775,여,62.0,경기,2023/12/13,프리미엄,0,60939,지인추천
C01776,여,35.0,서울,2022-12-05,프리미엄,1,37972,SNS
C01777,여,35.0,인천,2023-03-21,프리미엄,1,29736,SNS
C01778,여,29.0,광주,2022-06-30,프리미엄,0,54458,검색
C01779,남,47.0,서울,2022/10/26,베이직,0,9855,지인추천
C01780,남,24.0,경기,2024-01-24,프리미엄,1,"28,201",앱스토어
C01781,남,64.0,광주,2022-11-30,베이직,0,7294,앱스토어
C01782,남,43.0,경기,2020-04-13,스탠다드,1,12494,앱스토어
C01783,남,38.0,경기,2020-03-18,프리미엄,1,52109,검색
C01784,여,45.0,서울,26-04-2024,스탠다드,0,27715,지인추천
C01785,남,63.0,서울,18-01-2021,프리미엄,1,22869,앱스토어
C01786,여,38.0,대구,2020-04-17,스탠다드,1,11912,검색
C01787,남,36.0,부산,2020/07/28,스탠다드,0,27562,SNS
C01788,여,63.0,인천,2023.04.22,스탠다드,0,32907,지인추천
C01789,남,31.0,부산,2022-11-09,프리미엄,0,73004,지인추천
C01790,남,61.0,경기,2023-04-22,프리미엄,0,"70,555",앱스토어
C01791,남,21.0,서울,2022-11-15,베이직,0,"10,404",SNS
C01792,여,54.0,대구,2021-08-15,스탠다드,0,27885,앱스토어
C01793,남,63.0,서울,2023-11-06,프리미엄,0,"56,741",SNS
C01794,남,38.0,대전,2022-01-21,베이직,0,18061,SNS
C01795,여,40.0,경기,2020-06-06,프리미엄,1,38884,검색
C01796,여,49.0,제주,2021.09.18,스탠다드,0,26100,SNS
C01797,남,,서울,2020-03-25,프리미엄,0,50836,지인추천
C01798,여,65.0,제주,2023/09/06,베이직,0,12004,검색
C01799,여,58.0,경기,27-02-2023,베이직,1,"12,013",SNS
C01800,남,55.0,서울,2021.08.04,베이직,1,"9,320",지인추천
C01801,여,59.0,서울,2023-08-24,프리미엄,0,56944,SNS
C01802,남,28.0,제주,27-02-2021,베이직,1,14598,검색
C01803,남,22.0,서울,2022-10-25,스탠다드,0,36540,지인추천
C01804,여,50.0,서울,2021-04-05,스탠다드,1,23626,검색
C01805,남,27.0,서울,2020-11-27,스탠다드,0,32778,검색
C01806,여,61.0,제주,2021-05-20,스탠다드,0,46187,SNS
C01807,여,50.0,경기,2023.05.03,베이직,1,7081,지인추천
C01808,남,63.0,경기,2023-01-10,스탠다드,1,13318,검색
C01809,여,37.0,광주,2023-03-04,베이직,1,7724,지인추천
C01810,남,58.0,서울,29-12-2020,베이직,0,16872,앱스토어
C01811,남,23.0,경기,2022-11-02,스탠다드,1,9078,지인추천
C01812,남,33.0,서울,2023-01-28,베이직,0,"21,113",앱스토어
C01813,남,22.0,제주,2021/06/29,프리미엄,0,64361,지인추천
C01814,남,60.0,인천,2022/01/04,베이직,0,6169,앱스토어
C01815,남,56.0,제주,2021.08.23,베이직,0,8411,SNS
C01816,남,52.0,대구,2024-05-03,베이직,0,11818,SNS
C01817,여,26.0,대전,2020/01/15,프리미엄,1,51766,SNS
C01818,여,,서울,2020.11.18,베이직,0,15671,검색
C01819,여,51.0,서울,2022-06-06,스탠다드,0,28853,SNS
C01820,여,30.0,광주,2021/03/03,베이직,1,7377,검색
C01821,여,33.0,서울,2020-04-30,베이직,0,"19,459",검색
C01822,남,28.0,경기,2022-09-28,스탠다드,1,19004,앱스토어
C01823,여,47.0,부산,2023.06.06,베이직,0,18543,검색
C01824,여,59.0,경기,2020-06-04,스탠다드,0,33751,검색
C01825,남,60.0,서울,2022-01-18,베이직,1,5592,지인추천
C01826,남,51.0,경기,2020-05-03,베이직,0,16689,SNS
C01827,남,35.0,광주,2021-06-26,스탠다드,0,39100,검색
C01828,여,20.0,서울,13-05-2024,프리미엄,0,51205,검색
C01829,여,21.0,서울,2020-10-27,베이직,0,19049,SNS
C01830,남,56.0,부산,2023.07.14,스탠다드,0,28853,앱스토어
C01831,남,56.0,인천,2020/08/15,프리미엄,0,51697,검색
C01832,남,24.0,서울,2022-09-13,스탠다드,1,19223,SNS
C01833,여,41.0,부산,2022-12-04,베이직,0,18764,지인추천
C01834,여,58.0,부산,22-05-2020,베이직,0,16405,검색
C01835,남,54.0,광주,2023-02-23,베이직,0,17509,SNS
C01836,남,25.0,인천,2022-03-05,스탠다드,0,29126,지인추천
C01837,남,23.0,서울,2022-10-28,스탠다드,0,27109,검색
C01838,여,55.0,부산,2024-04-27,프리미엄,0,"33,963",SNS
C01839,남,30.0,경기,2022-11-12,스탠다드,0,36853,SNS
C01840,남,46.0,서울,2021/01/05,베이직,0,21119,지인추천
C01841,남,43.0,대전,03-07-2021,스탠다드,1,23902,앱스토어
C01842,여,48.0,서울,2020-06-10,베이직,1,10837,지인추천
C01843,f,32.0,서울,2024-05-22,베이직,1,11913,검색
C01844,여,25.0,경기,2022-11-04,베이직,1,13920,지인추천
C01845,여,28.0,경기,2021.09.12,프리미엄,0,61076,앱스토어
C01846,남,50.0,인천,2024-01-16,베이직,0,"15,758",검색
C01847,여,35.0,서울,2020-08-16,베이직,0,14541,검색
C01848,남,41.0,대구,2022-05-04,베이직,1,7602,지인추천
C01849,여,59.0,서울,2020-11-12,베이직,0,13003,검색
C01850,여,37.0,경기,2023-04-02,베이직,0,14516,검색
C01851,여,54.0,경기,2022-04-18,프리미엄,0,75946,앱스토어
C01852,남,57.0,경기,2024-05-24,스탠다드,0,24941,앱스토어
C01853,남,59.0,대구,2023-02-15,베이직,0,13949,검색
C01854,남,,인천,05-01-2021,스탠다드,0,34184,검색
C01855,여,44.0,부산,2023/09/07,베이직,1,"8,782",앱스토어
C01856,여,31.0,광주,2023-01-08,스탠다드,0,35327,지인추천
C01857,남,54.0,부산,2022-12-16,스탠다드,1,24811,SNS
C01858,남,49.0,경기,2022-12-04,스탠다드,0,26119,검색
C01859,남,45.0,경기,2020-05-19,베이직,0,16386,검색
C01860,여,23.0,부산,2022-03-03,베이직,0,12275,검색
C01861,남,57.0,인천,2020/11/08,베이직,0,"16,376",SNS
C01862,남,65.0,서울,2024-02-21,베이직,0,18092,검색
C01863,여,47.0,광주,2023-04-17,스탠다드,0,31805,검색
C01864,여,46.0,서울,2020.02.11,프리미엄,0,52910,SNS
C01865,남,50.0,서울,2023-03-11,베이직,0,13894,앱스토어
C01866,여,56.0,대구,2023-09-27,스탠다드,1,15022,SNS
C01867,남,34.0,인천,2023/10/31,베이직,0,18204,앱스토어
C01868,남,29.0,경기,2020-10-17,베이직,0,7585,검색
C01869,여,63.0,부산,2022-09-17,베이직,0,13242,앱스토어
C01870,남,43.0,광주,2023-01-29,베이직,0,9199,검색
C01871,여,65.0,서울,2022.02.08,프리미엄,0,48570,지인추천
C01872,남,45.0,경기,2021-09-07,스탠다드,1,21131,앱스토어
C01873,여,63.0,서울,2024-01-04,프리미엄,1,25347,검색
C01874,남,28.0,경기,2021-12-26,스탠다드,1,16077,검색
C01875,남,23.0,경기,2020-11-07,스탠다드,0,"44,225",지인추천
C01876,남,44.0,인천,2024-03-20,프리미엄,0,49309,지인추천
C01877,여,25.0,부산,2020-12-05,스탠다드,1,"25,358",지인추천
C01878,여,30.0,광주,2020-07-04,스탠다드,0,24798,SNS
C01879,여,45.0,경기,2023/03/24,스탠다드,0,"35,056",검색
C01880,남,58.0,경기,2020-11-24,베이직,0,17931,앱스토어
C01881,남,38.0,서울,2021-10-05,베이직,1,5084,SNS
C01882,여,41.0,인천,2022-03-24,프리미엄,0,"54,823",지인추천
C01883,남,43.0,서울,19-04-2020,베이직,1,5000,검색
C01884,남,65.0,서울,2023/11/09,스탠다드,0,35982,검색
C01885,남,65.0,대전,2021/08/14,베이직,0,14137,검색
C01886,여,31.0,부산,2024-02-01,스탠다드,0,29744,앱스토어
C01887,남,45.0,경기,2023-04-13,베이직,0,11740,지인추천
C01888,여,49.0,대구,08-04-2021,베이직,1,15128,지인추천
C01889,남,56.0,서울,2023-02-13,베이직,0,18535,SNS
C01890,여,53.0,인천,2024-05-12,베이직,0,15518,SNS
C01891,남,30.0,광주,2023-08-27,프리미엄,0,59240,지인추천
C01892,남,31.0,경기,2021-10-18,스탠다드,0,27539,검색
C01893,여,32.0,부산,2021-06-27,스탠다드,1,"28,747",지인추천
C01894,남,29.0,경기,2020-03-14,베이직,0,"13,302",앱스토어
C01895,남,61.0,대전,09-07-2020,스탠다드,0,38053,지인추천
C01896,남,23.0,서울,2021.01.22,프리미엄,0,57281,검색
C01897,여,51.0,인천,2023-02-20,베이직,0,7223,지인추천
C01898,남,21.0,광주,2022/10/23,베이직,0,10106,SNS
C01899,여,38.0,경기,2024-02-18,베이직,0,9119,지인추천
C01900,남,24.0,서울,2024-05-13,스탠다드,0,30407,지인추천
C01901,남,60.0,경기,2023-06-24,프리미엄,1,33374,검색
C01902,남,45.0,대전,2023.04.12,프리미엄,0,41767,검색
C01903,남,51.0,부산,2023-07-28,프리미엄,1,35602,앱스토어
C01904,여,38.0,서울,2022-07-10,스탠다드,1,25092,앱스토어
C01905,남,47.0,대구,2022/06/06,베이직,0,10503,SNS
C01906,여,26.0,제주,30-08-2020,스탠다드,1,24989,검색
C01907,남,54.0,인천,2024-06-02,스탠다드,0,32457,SNS
C01908,남,25.0,서울,2023/08/13,베이직,0,19687,지인추천
C01909,여,58.0,경기,2021/11/02,프리미엄,1,38536,앱스토어
C01910,남,51.0,광주,2021/06/08,프리미엄,1,39080,검색
C01911,남,62.0,경기,2021-04-14,스탠다드,0,37396,지인추천
C01912,남,29.0,경기,2023-04-21,베이직,1,"5,941",검색
C01913,남,44.0,서울,2020-08-03,베이직,0,"11,873",앱스토어
C01914,여,57.0,경기,2021-02-13,스탠다드,0,20275,검색
C01915,남,49.0,경기,2021-04-12,스탠다드,0,26124,지인추천
C01916,여,44.0,인천,2022-06-26,프리미엄,1,36954,SNS
C01917,남,62.0,부산,2021-02-20,베이직,0,12411,검색
C01918,여,55.0,제주,2021/06/30,베이직,0,12746,검색
C01919,여,46.0,대구,2021/03/15,베이직,1,7622,SNS
C01920,남,38.0,광주,2024-05-25,스탠다드,1,26694,검색
C01921,남,55.0,제주,2023.04.13,베이직,0,16189,검색
C01922,여,28.0,경기,2021-12-22,스탠다드,0,23756,검색
C01923,여,41.0,인천,06-09-2020,프리미엄,0,58308,지인추천
C01924,남,44.0,서울,2023-06-29,베이직,0,"10,801",지인추천
C01925,남,64.0,서울,2022-10-28,프리미엄,0,"38,410",검색
C01926,여,23.0,서울,2023-02-06,스탠다드,1,"21,567",SNS
C01927,남,,경기,2022-04-03,프리미엄,0,29936,지인추천
C01928,여,50.0,경기,2024/06/29,스탠다드,0,25294,지인추천
C01929,여,49.0,대구,2023-04-15,프리미엄,0,"53,480",지인추천
C01930,남,33.0,서울,2020/06/30,베이직,0,13696,앱스토어
C01931,여,49.0,부산,2024.06.05,베이직,0,21148,SNS
C01932,M,65.0,제주,2021/09/21,베이직,0,15048,검색
C01933,여,58.0,경기,2022-02-08,스탠다드,1,12222,SNS
C01934,남,58.0,대구,2023-07-05,베이직,1,6134,검색
C01935,남,31.0,서울,2023-03-14,스탠다드,0,22659,SNS
C01936,여,23.0,서울,2020/08/01,베이직,0,23522,앱스토어
C01937,남,35.0,대전,2021/12/26,스탠다드,0,"27,726",검색
C01938,여,46.0,서울,2021-12-27,베이직,0,15371,검색
C01939,남,21.0,경기,2023-05-12,스탠다드,0,16641,SNS
C01940,남,33.0,광주,2020-05-14,베이직,1,6158,지인추천
C01941,남,45.0,서울,2020-08-15,프리미엄,0,59422,검색
C01942,여,38.0,대전,2020-06-26,베이직,1,11412,검색
C01943,여,31.0,부산,2021.05.07,베이직,0,21034,SNS
C01944,여,61.0,경기,2024/06/27,스탠다드,0,"32,159",검색
C01945,남,53.0,서울,2024-03-19,베이직,1,13116,검색
C01946,남,29.0,서울,08-06-2021,스탠다드,0,38325,앱스토어
C01947,여,46.0,경기,2023-07-11,프리미엄,1,33715,SNS
C01948,여,29.0,대전,2024.01.25,프리미엄,0,52067,검색
C01949,남,40.0,경기,2020-02-26,스탠다드,0,45271,SNS
C01950,여,61.0,경기,2020.05.06,베이직,0,19471,검색
C01951,남,34.0,경기,2024/01/20,베이직,1,9053,앱스토어
C01952,남,62.0,부산,2021-05-19,프리미엄,0,41525,지인추천
C01953,남,48.0,서울,2021-04-03,스탠다드,0,41741,SNS
C01954,남,50.0,대구,2020-06-28,베이직,0,19340,앱스토어
C01955,남,65.0,경기,11-09-2020,스탠다드,0,31610,검색
C01956,남,22.0,서울,2021-08-26,스탠다드,0,32537,지인추천
C01957,여,58.0,대전,22-12-2020,프리미엄,0,57750,검색
C01958,여,65.0,대구,2022-06-29,베이직,0,14649,앱스토어
C01959,남,41.0,경기,2020-06-02,프리미엄,0,58315,앱스토어
C01960,남,56.0,서울,2022/07/29,베이직,0,22965,검색
C01961,남,49.0,서울,2024-05-14,프리미엄,1,22228,지인추천
C01962,여,33.0,경기,2023-03-15,스탠다드,1,30100,SNS
C01963,남,59.0,경기,11-02-2024,스탠다드,0,19021,SNS
C01964,여,39.0,경기,2021/03/07,베이직,0,14128,지인추천
C01965,남,62.0,경기,2020-10-17,스탠다드,0,29404,SNS
C01966,남,45.0,서울,2021.08.18,스탠다드,0,24219,지인추천
C01967,여,30.0,인천,2021-06-27,스탠다드,1,20260,SNS
C01968,남,22.0,경기,2021-07-26,베이직,0,5025,SNS
C01969,여,29.0,서울,05-08-2022,베이직,0,13263,앱스토어
C01970,남,43.0,인천,2023-10-22,베이직,0,12743,앱스토어
C01971,여,48.0,부산,2022/11/11,스탠다드,0,12766,검색
C01972,남,45.0,경기,2023.09.13,베이직,0,21993,SNS
C01973,남,63.0,서울,2024-01-18,프리미엄,0,68181,SNS
C01974,여,24.0,서울,2020-04-30,프리미엄,0,51675,지인추천
C01975,남,55.0,서울,2023/08/08,스탠다드,0,18885,앱스토어
C01976,남,49.0,광주,2020/02/23,스탠다드,1,33422,앱스토어
C01977,여,35.0,서울,2022/10/17,베이직,0,13725,지인추천
C01978,남,53.0,경기,2022-12-05,프리미엄,0,25405,검색
C01979,남,24.0,대구,2021.10.19,스탠다드,0,15666,지인추천
C01980,남,58.0,인천,13-10-2020,베이직,1,12064,SNS
C01981,여,46.0,서울,2020-02-27,프리미엄,0,48438,SNS
C01982,여,59.0,제주,2022-09-12,베이직,0,17281,앱스토어
C01983,남,27.0,제주,2021/10/19,프리미엄,0,51756,앱스토어
C01984,남,35.0,서울,2024-03-19,베이직,0,27976,앱스토어
C01985,남,27.0,서울,2020/01/27,스탠다드,1,12415,검색
C01986,남,33.0,경기,2022/05/23,베이직,1,8707,검색
C01987,여,57.0,경기,2023-09-20,베이직,0,14676,검색
C01988,여,57.0,대전,2024.05.07,스탠다드,0,33616,검색
C01989,남,46.0,서울,2024/01/25,스탠다드,0,24347,검색
C01990,남,35.0,서울,03-04-2023,스탠다드,0,18878,SNS
C01991,남,30.0,인천,2023-08-28,베이직,0,13449,검색
C01992,남,64.0,서울,2023-02-08,스탠다드,0,49524,지인추천
C01993,F,48.0,부산,2022-09-15,스탠다드,0,27045,지인추천
C01994,여,22.0,대구,2021/12/06,프리미엄,0,42715,SNS
C01995,여,23.0,제주,2024/04/09,베이직,1,7769,SNS
C01996,여,28.0,대전,2020/07/25,스탠다드,0,"32,338",SNS
C01997,남,44.0,부산,2023-01-23,스탠다드,1,24418,검색
C01998,남,23.0,광주,2022/10/07,베이직,0,12054,SNS
C01999,남,53.0,경기,2022.12.10,스탠다드,1,"15,365",앱스토어
C02000,여,56.0,경기,09-05-2022,베이직,1,15236,검색
